-- MySQL dump 10.13  Distrib 5.7.30, for Linux (x86_64)
--
-- Host: localhost    Database: wmu_gss
-- ------------------------------------------------------
-- Server version	5.7.30

/*!40101 SET @OLD_CHARACTER_SET_CLIENT=@@CHARACTER_SET_CLIENT */;
/*!40101 SET @OLD_CHARACTER_SET_RESULTS=@@CHARACTER_SET_RESULTS */;
/*!40101 SET @OLD_COLLATION_CONNECTION=@@COLLATION_CONNECTION */;
/*!40101 SET NAMES utf8 */;
/*!40103 SET @OLD_TIME_ZONE=@@TIME_ZONE */;
/*!40103 SET TIME_ZONE='+00:00' */;
/*!40014 SET @OLD_UNIQUE_CHECKS=@@UNIQUE_CHECKS, UNIQUE_CHECKS=0 */;
/*!40014 SET @OLD_FOREIGN_KEY_CHECKS=@@FOREIGN_KEY_CHECKS, FOREIGN_KEY_CHECKS=0 */;
/*!40101 SET @OLD_SQL_MODE=@@SQL_MODE, SQL_MODE='NO_AUTO_VALUE_ON_ZERO' */;
/*!40111 SET @OLD_SQL_NOTES=@@SQL_NOTES, SQL_NOTES=0 */;

--
-- Table structure for table `countries`
--

DROP TABLE IF EXISTS `countries`;
/*!40101 SET @saved_cs_client     = @@character_set_client */;
/*!40101 SET character_set_client = utf8 */;
CREATE TABLE `countries` (
  `id` bigint(20) unsigned NOT NULL AUTO_INCREMENT,
  `country_code` varchar(255) COLLATE utf8mb4_unicode_ci NOT NULL,
  `name` varchar(255) COLLATE utf8mb4_unicode_ci NOT NULL,
  `is_active` enum('0','1') COLLATE utf8mb4_unicode_ci NOT NULL DEFAULT '1' COMMENT '0=>Blocked, 1=>Active',
  `created_by` bigint(20) unsigned DEFAULT NULL,
  `last_modified_by` bigint(20) unsigned DEFAULT NULL,
  `created_at` timestamp NULL DEFAULT NULL,
  `updated_at` timestamp NULL DEFAULT NULL,
  `deleted_at` timestamp NULL DEFAULT NULL,
  PRIMARY KEY (`id`) USING BTREE,
  KEY `countries_country_code_index` (`country_code`(191)) USING BTREE,
  KEY `countries_name_index` (`name`(191)) USING BTREE
) ENGINE=InnoDB AUTO_INCREMENT=3 DEFAULT CHARSET=utf8mb4 COLLATE=utf8mb4_unicode_ci ROW_FORMAT=COMPACT;
/*!40101 SET character_set_client = @saved_cs_client */;

--
-- Dumping data for table `countries`
--

LOCK TABLES `countries` WRITE;
/*!40000 ALTER TABLE `countries` DISABLE KEYS */;
INSERT INTO `countries` VALUES (1,'','USA','1',NULL,1,NULL,NULL,NULL),(2,'','Canada','1',NULL,1,NULL,NULL,NULL);
/*!40000 ALTER TABLE `countries` ENABLE KEYS */;
UNLOCK TABLES;

--
-- Table structure for table `goal_activity`
--

DROP TABLE IF EXISTS `goal_activity`;
/*!40101 SET @saved_cs_client     = @@character_set_client */;
/*!40101 SET character_set_client = utf8 */;
CREATE TABLE `goal_activity` (
  `id` bigint(20) unsigned NOT NULL AUTO_INCREMENT,
  `goal_id` bigint(20) unsigned NOT NULL,
  `update_text` varchar(255) COLLATE utf8mb4_unicode_ci DEFAULT NULL,
  `activity_ranking` enum('0','1','2','3','4') COLLATE utf8mb4_unicode_ci NOT NULL,
  `participant_id` bigint(20) unsigned NOT NULL,
  `date_of_activity` datetime NOT NULL,
  `parent_activity_id` bigint(20) NOT NULL,
  `is_active` enum('0','1') COLLATE utf8mb4_unicode_ci NOT NULL DEFAULT '1' COMMENT '0=>Blocked, 1=>Active',
  `created_by` bigint(20) unsigned DEFAULT NULL,
  `last_modified_by` bigint(20) unsigned DEFAULT NULL,
  `created_at` timestamp NULL DEFAULT NULL,
  `updated_at` timestamp NULL DEFAULT NULL,
  `deleted_at` timestamp NULL DEFAULT NULL,
  PRIMARY KEY (`id`) USING BTREE,
  KEY `goal_activity_date_of_activity_index` (`date_of_activity`) USING BTREE,
  KEY `goal_activity_parent_activity_id_index` (`parent_activity_id`) USING BTREE,
  KEY `goal_activity_created_by_foreign` (`created_by`) USING BTREE,
  KEY `goal_activity_goal_id_foreign` (`goal_id`) USING BTREE,
  KEY `goal_activity_last_modified_by_foreign` (`last_modified_by`) USING BTREE,
  KEY `goal_activity_participant_id_foreign` (`participant_id`) USING BTREE,
  CONSTRAINT `goal_activity_created_by_foreign` FOREIGN KEY (`created_by`) REFERENCES `users` (`id`) ON DELETE CASCADE ON UPDATE NO ACTION,
  CONSTRAINT `goal_activity_goal_id_foreign` FOREIGN KEY (`goal_id`) REFERENCES `goals` (`id`) ON DELETE CASCADE ON UPDATE NO ACTION,
  CONSTRAINT `goal_activity_last_modified_by_foreign` FOREIGN KEY (`last_modified_by`) REFERENCES `users` (`id`) ON DELETE CASCADE ON UPDATE NO ACTION,
  CONSTRAINT `goal_activity_participant_id_foreign` FOREIGN KEY (`participant_id`) REFERENCES `users` (`id`) ON DELETE CASCADE ON UPDATE NO ACTION
) ENGINE=InnoDB AUTO_INCREMENT=2213 DEFAULT CHARSET=utf8mb4 COLLATE=utf8mb4_unicode_ci ROW_FORMAT=COMPACT;
/*!40101 SET character_set_client = @saved_cs_client */;

--
-- Dumping data for table `goal_activity`
--

LOCK TABLES `goal_activity` WRITE;
/*!40000 ALTER TABLE `goal_activity` DISABLE KEYS */;
INSERT INTO `goal_activity` VALUES (49,123,'forced to take a bath....real mad','2',167,'2020-05-12 07:13:46',0,'1',167,NULL,'2020-05-12 11:13:46','2020-05-12 11:13:46',NULL),(50,124,'I believe I have discovered my access to bacon is limited.','0',167,'2020-05-12 07:14:19',0,'1',167,NULL,'2020-05-12 11:14:19','2020-05-12 11:14:19',NULL),(51,122,'Not reading, but clinical practice definitely working as squirrels prevalent for chasing?','1',167,'2020-05-12 07:15:15',0,'1',167,NULL,'2020-05-12 11:15:15','2020-05-12 11:15:15',NULL),(52,123,'Lots of shadows last night...had to bark to keep the household secure.','1',167,'2020-05-12 07:16:45',0,'1',167,NULL,'2020-05-12 11:16:45','2020-05-12 11:16:45',NULL),(53,124,'Family accidentally dropped bacon 5 days in a row right in my mouth....feeling like my luck will continue.','1',167,'2020-05-12 07:18:23',0,'1',167,NULL,'2020-05-12 11:18:23','2020-05-12 11:18:23',NULL),(54,122,'keep working!','1',141,'2020-05-12 08:07:37',0,'1',141,NULL,'2020-05-12 12:07:37','2020-05-12 12:07:37',NULL),(55,123,'good that you are not still barking up the wrong tree','2',141,'2020-05-12 08:09:25',0,'1',141,NULL,'2020-05-12 12:09:25','2020-05-12 12:09:25',NULL),(56,122,'Squirrels are plentiful....it\'s going to be a great month.❤️','2',167,'2020-05-12 08:09:51',0,'1',167,NULL,'2020-05-12 12:09:51','2020-05-12 12:09:51',NULL),(57,123,'Muddy but happy boi!!!  Congrats to me.','2',167,'2020-05-12 08:10:41',0,'1',167,NULL,'2020-05-12 12:10:41','2020-05-12 12:10:41',NULL),(58,124,'Nice! Good human situation there. Give yourself credit for being in the right place at the right time.','2',141,'2020-05-12 08:11:13',0,'1',141,NULL,'2020-05-12 12:11:13','2020-05-12 12:11:13',NULL),(59,122,'I am trying but my legs are very short.','0',167,'2020-05-12 00:00:00',54,'1',167,NULL,'2020-05-12 12:12:30','2020-05-12 12:12:30',NULL),(60,124,'I know right?  Am I a lucky dog or what?  Do you have any more EBP recommendations for bacon catching??','0',167,'2020-05-12 00:00:00',58,'1',167,NULL,'2020-05-12 12:13:49','2020-05-12 12:13:49',NULL),(61,124,'hmm, try to throw the humans off balance when you see them holding plates in the early morning.','2',141,'2020-05-12 08:16:56',0,'1',141,NULL,'2020-05-12 12:16:56','2020-05-12 12:16:56',NULL),(62,123,'Got ANOTHER bath....very upset.??','1',167,'2020-05-12 09:15:42',0,'1',167,NULL,'2020-05-12 13:15:42','2020-05-12 13:15:42',NULL),(63,123,'No in fact I am barking up the exact right tree.','0',167,'2020-05-12 00:00:00',55,'1',167,NULL,'2020-05-12 13:17:10','2020-05-12 13:17:10',NULL),(64,123,'bathtime sucks??????????????????','1',167,'2020-05-12 10:50:51',0,'1',167,NULL,'2020-05-12 14:50:51','2020-05-12 14:50:51',NULL),(65,82,'I currently wake up after 8 am every weekday.','0',146,'2020-05-12 12:33:35',0,'1',146,NULL,'2020-05-12 16:33:35','2020-05-12 16:33:35',NULL),(66,81,'I currently do not contact friends consistently. I have begun to work toward this goal by planning a phone call with a friend later this week. ','0',146,'2020-05-12 12:34:53',0,'1',146,NULL,'2020-05-12 16:34:53','2020-05-12 16:34:53',NULL),(67,5,'I have not completed a project yet. ','0',146,'2020-05-12 12:35:18',0,'1',146,NULL,'2020-05-12 16:35:18','2020-05-12 16:35:18',NULL),(68,53,'I have not completed any research on this topic yet. ','0',146,'2020-05-12 12:35:37',0,'1',146,NULL,'2020-05-12 16:35:37','2020-05-12 16:35:37',NULL),(69,29,'I have not completed any research yet. ','0',146,'2020-05-12 12:35:55',0,'1',146,NULL,'2020-05-12 16:35:55','2020-05-12 16:35:55',NULL),(70,16,'Need to look into the requirements and information, to get a better understanding on the assignment, before I begin this project.  ','0',157,'2020-05-12 15:44:45',0,'1',157,NULL,'2020-05-12 19:44:45','2020-05-12 19:44:45',NULL),(71,87,'I need to get a journal so I can start doing this activity in the morning!','0',149,'2020-05-12 21:35:10',0,'1',149,NULL,'2020-05-13 01:35:10','2020-05-13 01:35:10',NULL),(72,88,'I walked a little today, but still need to work on being more consistent with getting outside to walk!','0',149,'2020-05-12 21:37:11',0,'1',149,NULL,'2020-05-13 01:37:11','2020-05-13 01:37:11',NULL),(73,32,'I need to start reading some articles!','0',149,'2020-05-12 21:37:43',0,'1',149,NULL,'2020-05-13 01:37:43','2020-05-13 01:37:43',NULL),(74,56,'I plan on reading an article this weekend!','0',149,'2020-05-12 21:38:25',0,'1',149,NULL,'2020-05-13 01:38:25','2020-05-13 01:38:25',NULL),(75,8,'I have not thought about this project yet!','0',149,'2020-05-12 21:38:56',0,'1',149,NULL,'2020-05-13 01:38:57','2020-05-13 01:38:57',NULL),(76,118,'participated in HIIT Workout with lifting on Sunday, May 10, Tuesday May 12 and will be participating in one on Thursday May 14.','2',164,'2020-05-13 10:01:47',0,'1',164,NULL,'2020-05-13 14:01:47','2020-05-13 14:01:47',NULL),(77,117,'Last week I did 3 days in a row, this week hasnt been that great so far.','0',164,'2020-05-13 10:02:50',0,'1',164,NULL,'2020-05-13 14:02:50','2020-05-13 14:02:50',NULL),(78,117,'Pressed save too soon, Have done 2 days in a row this week so far, hard to say hopefully i will progress into the \"1\" or \"2\" by next week.','0',164,'2020-05-13 10:04:04',0,'1',164,NULL,'2020-05-13 14:04:04','2020-05-13 14:04:04',NULL),(79,71,'I have read the continuing education article- Understanding and Applying Trauma-Informed approaches Across Occupational Therapy Settings  and taken the quiz. I will continue to read and resea','1',164,'2020-05-13 10:06:18',0,'1',164,NULL,'2020-05-13 14:06:18','2020-05-13 14:06:18',NULL),(80,47,'Read the continuing education article- Opioid Guidelines and their Implications for Occupational Therapy article and took the quiz. Will continue to read more on global and social issues that','1',164,'2020-05-13 10:17:09',0,'1',164,NULL,'2020-05-13 14:17:09','2020-05-13 14:17:09',NULL),(81,23,'have not thought about this yet, no progress made.','0',164,'2020-05-13 10:17:36',0,'1',164,NULL,'2020-05-13 14:17:36','2020-05-13 14:17:36',NULL),(82,63,'I have no yet had the opportunity to increase knowledge of clinical practice in Geriatrics just yet, but I look forward to the coming weeks and being able to fulfill this goal. ','0',156,'2020-05-13 10:59:49',0,'1',156,NULL,'2020-05-13 14:59:49','2020-05-13 14:59:49',NULL),(83,15,'I have not had the chance to work toward my advocacy project yet, but similar to my research goal, I am looking forward to reaching this goal throughout the semester. ','0',156,'2020-05-13 11:01:18',0,'1',156,NULL,'2020-05-13 15:01:18','2020-05-13 15:01:18',NULL),(84,101,'I have been able to journal one time so far this week.  I am thinking about setting an alarm for myself around bedtime to prompt me to write in my journal. This reminder might help me take th','1',156,'2020-05-13 11:05:24',0,'1',156,NULL,'2020-05-13 15:05:24','2020-05-13 15:05:24',NULL),(85,39,'Unable to perform any research on global social issues so far. I recognize the importance of gaining knowledge on such topic especially during the times of COVID-19. I look forward to doing s','0',156,'2020-05-13 11:20:06',0,'1',156,NULL,'2020-05-13 15:20:06','2020-05-13 15:20:06',NULL),(86,102,'I have been able to run two times so far this week.  I plan to run a couple more times before the week is over.  With the nice weather it is much easier to find motivation. ','0',156,'2020-05-13 11:21:32',0,'1',156,NULL,'2020-05-13 15:21:32','2020-05-13 15:21:32',NULL),(87,75,'I am at 0 but have made progress so far. Yesterday I went on a run/walk at Reeds Lake for 45 minutes which was good cardio exercise. I ran as often as I could (which I will admit was not much','0',143,'2020-05-13 15:34:02',0,'1',143,NULL,'2020-05-13 19:34:02','2020-05-13 19:34:02',NULL),(88,2,'I have not begun the advocacy project yet. ','0',143,'2020-05-13 15:38:41',0,'1',143,NULL,'2020-05-13 19:38:41','2020-05-13 19:38:41',NULL),(89,50,'I have not begun reading research articles yet, but do plan on starting this soon!','0',143,'2020-05-13 15:39:19',0,'1',143,NULL,'2020-05-13 19:39:19','2020-05-13 19:39:19',NULL),(90,26,'I have not begun research regarding global social issues impacting healthcare practices and trends yet, but think it will be beneficial to begin doing research about how COVID-19 is impacting','0',143,'2020-05-13 15:41:57',0,'1',143,NULL,'2020-05-13 19:41:57','2020-05-13 19:41:57',NULL),(91,67,'I still have not read any related articles related to upper extremities, however, I have been learning more information through the UE course we are currently in. The most recent lecture that','0',160,'2020-05-13 16:29:00',0,'1',160,NULL,'2020-05-13 20:29:00','2020-05-13 20:29:00',NULL),(92,43,'I have not started any research to global social issues (yet!).','0',160,'2020-05-13 16:35:42',0,'1',160,NULL,'2020-05-13 20:35:42','2020-05-13 20:35:42',NULL),(93,109,'I stretched today (Wednesday) prior to my run. I will plan to keep stretching either in the morning or evening prior to bed.','1',160,'2020-05-13 16:37:26',0,'1',160,NULL,'2020-05-13 20:37:26','2020-05-13 20:37:26',NULL),(94,19,'I have not initiated the advocacy project yet, but will plan to form a small group and work on this closer to midterm!?','0',160,'2020-05-13 16:39:03',0,'1',160,NULL,'2020-05-13 20:39:03','2020-05-13 20:39:03',NULL),(95,103,'Since Tuesday, May 12th, I have drank 2 750ml water bottles a day. I plan on continuing to drink 2 water bottles a day till Sunday because by next week, starting on Monday, I want to try and ','1',157,'2020-05-13 16:44:09',0,'1',157,NULL,'2020-05-13 20:44:09','2020-05-13 20:44:09',NULL),(96,104,'I learned how to make a bow tie. It really wasn\'t as hard as I thought it was going to be. It took me about 10 minutes collectively. I tired to upload a picture of it but, it would let me! ?','1',157,'2020-05-13 17:25:53',0,'1',157,NULL,'2020-05-13 21:25:53','2020-05-13 21:25:53',NULL),(97,113,'I have run 4 miles twice this week, so far. I am planning to run again tomorrow or Friday to achieve 3 days.','1',162,'2020-05-13 17:32:30',0,'1',162,NULL,'2020-05-13 21:32:30','2020-05-13 21:32:30',NULL),(98,21,'My group hasn’t decided how we are going to approach this assignment yet, but we hope to meet soon to come up with a plan. ','0',162,'2020-05-13 17:34:26',0,'1',162,NULL,'2020-05-13 21:34:26','2020-05-13 21:34:26',NULL),(99,114,'I have journaled 3 times so far this week and hope to journal Thursday and Friday as well. I ordered a new gratitude journal to start journaling in and it comes this weekend. ','2',162,'2020-05-13 17:36:26',0,'1',162,NULL,'2020-05-13 21:36:26','2020-05-13 21:36:26',NULL),(100,69,'I have not read any articles about motor learning and neuromotor interventions in pediatrics yet, but hope to start doing research and looking at more articles on this topic next week. ','0',162,'2020-05-13 17:40:38',0,'1',162,NULL,'2020-05-13 21:40:38','2020-05-13 21:40:38',NULL),(101,40,'Read the article Telehealth: A Rapidly Developing Service Delivery Model for Occupational Therapy. No quiz at end. Wasn\'t sure if it counted so, I also read Managing Obesity in Pediatrics: A ','1',157,'2020-05-13 17:53:19',0,'1',157,NULL,'2020-05-13 21:53:19','2020-05-13 21:53:19',NULL),(102,45,'This week, I chose to read the article \"Occupational Therapy Across Languages: Working With Interpreters to Ensure Effective and Ethical Practice\". I look forward to reading more on global so','1',162,'2020-05-13 17:53:40',0,'1',162,NULL,'2020-05-13 21:53:40','2020-05-13 21:53:40',NULL),(103,64,'Read Managing Obesity in Pediatrics: A role for occupational therapy and completed quiz. Also researched obesity in DS pediatrics. Article found: https://www.ncbi.nlm.nih.gov/pmc/articles/PMC','1',157,'2020-05-13 17:56:23',0,'1',157,NULL,'2020-05-13 21:56:23','2020-05-13 21:56:23',NULL),(104,110,'I have been experiencing some pain in the ball of my foot, so I decided to take a few days off!','0',160,'2020-05-13 18:31:57',0,'1',160,NULL,'2020-05-13 22:31:57','2020-05-13 22:31:57',NULL),(105,14,'We have not started this project yet but I am sure we will begin soon.','0',155,'2020-05-13 19:18:40',0,'1',155,NULL,'2020-05-13 23:18:40','2020-05-13 23:18:40',NULL),(106,100,'My workouts are still inconsistent this week sadly. Hoping to be better next week. ','0',155,'2020-05-13 19:22:36',0,'1',155,NULL,'2020-05-13 23:22:36','2020-05-13 23:22:36',NULL),(107,62,'I have not begun this research yet but plan on beginning soon. ','0',155,'2020-05-13 19:25:40',0,'1',155,NULL,'2020-05-13 23:25:40','2020-05-13 23:25:40',NULL),(108,38,'I have not been able to begin this assignment yet but plan on starting this weekend.','0',155,'2020-05-13 19:31:01',0,'1',155,NULL,'2020-05-13 23:31:01','2020-05-13 23:31:01',NULL),(109,99,'I haven\'t really been able to cook much this week because my dog has been recovering from surgery this week and she needs constant supervision. ','0',155,'2020-05-13 19:37:26',0,'1',155,NULL,'2020-05-13 23:37:26','2020-05-13 23:37:26',NULL),(110,17,'Currently, I have not made any progress towards this goal yet.  I plan to work with Fiona Song and Hannah Greig for my small group to complete this goal by the end of the semester ?','0',158,'2020-05-13 21:19:16',0,'1',158,NULL,'2020-05-14 01:19:16','2020-05-14 01:19:16',NULL),(111,106,'I have not yet made progress with this goal.  However since creating this goal I have started to log how much water I have been drinking daily.  I will post attachments of pictures once the c','0',158,'2020-05-13 21:20:55',0,'1',158,NULL,'2020-05-14 01:20:55','2020-05-14 01:20:55',NULL),(112,65,'I have not yet made progress towards this goal.','0',158,'2020-05-13 21:23:57',0,'1',158,NULL,'2020-05-14 01:23:57','2020-05-14 01:23:57',NULL),(113,105,'I have not yet made progress with this goal.  Since creating the goal I have decided to start wearing my apple watch everyday to hold myself accountable for the exercise I do. ','0',158,'2020-05-13 21:24:26',0,'1',158,NULL,'2020-05-14 01:24:26','2020-05-14 01:24:26',NULL),(114,41,'I have not yet made progress towards this goal.  ','0',158,'2020-05-13 21:25:48',0,'1',158,NULL,'2020-05-14 01:25:48','2020-05-14 01:25:48',NULL),(115,22,'I have not started working on this yet. Would you like us to find small groups for ourselves out of our classmates to prepare a short video with?','0',163,'2020-05-13 21:31:37',0,'1',163,NULL,'2020-05-14 01:31:37','2020-05-14 01:31:37',NULL),(116,116,'For far I have drank at least 80oz of water for 4 days in a row. Today was my highest water intake, at 125oz at the time of this submission. ','0',163,'2020-05-13 21:32:56',0,'1',163,NULL,'2020-05-14 01:32:56','2020-05-14 01:32:56',NULL),(117,115,'This week I  have walked only one day, but on that day I walked 8.7 miles. I am planning on walking twice this weekend if the rain doesn\'t keep me in the house. ','0',163,'2020-05-13 21:39:33',0,'1',163,NULL,'2020-05-14 01:39:33','2020-05-14 01:39:33',NULL),(118,46,'I  have not read an article for this goal yet, but I  do have a couple of articles saved on my computer to read over the weekend. ','0',163,'2020-05-13 21:47:39',0,'1',163,NULL,'2020-05-14 01:47:40','2020-05-14 01:47:40',NULL),(119,9,'I have not made any progress on this goal yet - but will start to think of ideas for a unique project!','0',150,'2020-05-13 21:59:43',0,'1',150,NULL,'2020-05-14 01:59:43','2020-05-14 01:59:43',NULL),(120,90,'I have not transferred any money into my savings account yet. Hoping to do this each Sunday or Monday! ','0',150,'2020-05-13 22:00:22',0,'1',150,NULL,'2020-05-14 02:00:22','2020-05-14 02:00:22',NULL),(121,57,'I have not made any progress here yet. I did look through the list of posted CE articles and have a few in mind that stood out the most to me. ','0',150,'2020-05-13 22:01:22',0,'1',150,NULL,'2020-05-14 02:01:22','2020-05-14 02:01:22',NULL),(122,33,'I have not made any progress here yet, although, I did read the telehealth article by Carson - which I believe is going to have a huge impact on healthcare practices with the current health s','0',150,'2020-05-13 22:02:47',0,'1',150,NULL,'2020-05-14 02:02:47','2020-05-14 02:02:47',NULL),(123,89,'While I haven\'t made any true \"progress\" yet, I logged 73 minutes of exercise on Tuesday, and 118 minutes on Wednesday (tracking through my apple watch). Hoping that I can keep it up!','0',150,'2020-05-13 22:03:53',0,'1',150,NULL,'2020-05-14 02:03:53','2020-05-14 02:03:53',NULL),(124,70,'I read the Article \"Understanding and Applying Trauma-Informed Approaches Across Occupational Therapy Settings\".  I  will email the answers I chose to you. ','1',163,'2020-05-13 22:07:41',0,'1',163,NULL,'2020-05-14 02:07:41','2020-05-14 02:07:41',NULL),(125,20,'I have not started working on this goal yet','0',161,'2020-05-13 22:16:25',0,'1',161,NULL,'2020-05-14 02:16:25','2020-05-14 02:16:25',NULL),(126,68,'I have not worked on this goal yet','0',161,'2020-05-13 22:17:16',0,'1',161,NULL,'2020-05-14 02:17:16','2020-05-14 02:17:16',NULL),(127,44,'I have not started this goal yet','0',161,'2020-05-13 22:17:49',0,'1',161,NULL,'2020-05-14 02:17:49','2020-05-14 02:17:49',NULL),(128,111,'I have eaten 1300 calories for 1 week so far!','1',161,'2020-05-13 22:19:07',0,'1',161,NULL,'2020-05-14 02:19:07','2020-05-14 02:19:07',NULL),(129,119,'So far I have drank 60 oz of water every day this week! Currently finishing the last bit of my water bottle before bed to achieve 60 oz again today.','3',165,'2020-05-13 22:19:28',0,'1',165,NULL,'2020-05-14 02:19:28','2020-05-14 02:19:28',NULL),(130,112,'I have stretched a couple times after my workouts but not three times yet. ','0',161,'2020-05-13 22:19:44',0,'1',161,NULL,'2020-05-14 02:19:44','2020-05-14 02:19:44',NULL),(131,120,'So far I have meditated 3 out of the 4 days this week.','1',165,'2020-05-13 22:21:01',0,'1',165,NULL,'2020-05-14 02:21:01','2020-05-14 02:21:01',NULL),(132,11,'No progress yet','0',152,'2020-05-13 23:42:48',0,'1',152,NULL,'2020-05-14 03:42:48','2020-05-14 03:42:48',NULL),(133,94,'Tuesday and Wednesday (since this app went live) I was able to drink between 41 and 55 ounces of water each day.  I decided that I would include LaCroix and flavored water (like a crystal lig','2',152,'2020-05-13 23:47:20',0,'1',152,NULL,'2020-05-14 03:47:20','2020-05-14 03:47:20',NULL),(134,93,'Since this app has gone live, I have taken both of my medications 1x/ day, both Tuesday and Wednesday. I did not take them Sunday or Monday. ','0',152,'2020-05-13 23:50:12',0,'1',152,NULL,'2020-05-14 03:50:12','2020-05-14 03:50:12',NULL),(135,81,'I have not called a friend yet this week, however I do have a phone call scheduled for 5/14 at 4PM. ','0',146,'2020-05-13 23:51:00',0,'1',146,NULL,'2020-05-14 03:51:00','2020-05-14 03:51:00',NULL),(136,5,'I have not begun an advocacy project yet, however my goal is to work with a small group to complete a short video.','0',146,'2020-05-13 23:52:34',0,'1',146,NULL,'2020-05-14 03:52:34','2020-05-14 03:52:34',NULL),(137,53,'I have not read any articles regarding SI yet. ','0',146,'2020-05-13 23:53:17',0,'1',146,NULL,'2020-05-14 03:53:17','2020-05-14 03:53:17',NULL),(138,29,'I have not read an article yet, but my goal is to read at least one by class Tuesday, 5/19. ','0',146,'2020-05-13 23:53:55',0,'1',146,NULL,'2020-05-14 03:53:55','2020-05-14 03:53:55',NULL),(139,82,'I have not woken up before 8 am yet, however I did set an alarm to help me achieve my goal. ','0',146,'2020-05-13 23:54:27',0,'1',146,NULL,'2020-05-14 03:54:27','2020-05-14 03:54:27',NULL),(140,59,'I have not yet read an article. I have one picked out and plan on reading it before the end of the week.','0',152,'2020-05-13 23:56:33',0,'1',152,NULL,'2020-05-14 03:56:33','2020-05-14 03:56:33',NULL),(141,35,'I have not yet read an article but plan on doing so by the end of the week','0',152,'2020-05-13 23:57:20',0,'1',152,NULL,'2020-05-14 03:57:20','2020-05-14 03:57:20',NULL),(142,10,'Have not started on this project yet but plan to soon ','0',151,'2020-05-14 07:59:13',0,'1',151,NULL,'2020-05-14 11:59:13','2020-05-14 11:59:13',NULL),(143,92,'I have had 2 glasses of water each day for the last two days.  ','0',151,'2020-05-14 08:01:02',0,'1',151,NULL,'2020-05-14 12:01:02','2020-05-14 12:01:02',NULL),(144,91,'I participated in one of the listed exercises so far this week (on Sunday). I plan to participate in another one later today and one on either Friday or Saturday. If I do, I should be on trac','0',151,'2020-05-14 08:03:14',0,'1',151,NULL,'2020-05-14 12:03:14','2020-05-14 12:03:14',NULL),(145,58,'I have not started this yet but plan on either today or tomorrow taking a look at the articles available on e-learning and developing a list of what I\'d like to read. ','0',151,'2020-05-14 08:04:02',0,'1',151,NULL,'2020-05-14 12:04:02','2020-05-14 12:04:02',NULL),(146,34,'Similar to my goal for researching pediatric care, I have not started to read for this yet but plan on starting to compile a list of articles to read within the next couple of days. ','0',151,'2020-05-14 08:05:09',0,'1',151,NULL,'2020-05-14 12:05:09','2020-05-14 12:05:09',NULL),(147,7,'I have not completed an advocacy project yet, but will begin to think about what I might do for this. ','0',148,'2020-05-14 08:07:31',0,'1',148,NULL,'2020-05-14 12:07:31','2020-05-14 12:07:31',NULL),(148,86,'Will begin to monitor and document daily diet intake.','0',148,'2020-05-14 08:08:13',0,'1',148,NULL,'2020-05-14 12:08:13','2020-05-14 12:08:13',NULL),(149,55,'No research completed, will look up 1 article by next Tuesday. ','0',148,'2020-05-14 08:08:53',0,'1',148,NULL,'2020-05-14 12:08:53','2020-05-14 12:08:53',NULL),(150,31,'Will look over the weekend at the articles on the course site related to this topic.','0',148,'2020-05-14 08:09:36',0,'1',148,NULL,'2020-05-14 12:09:36','2020-05-14 12:09:36',NULL),(151,85,'Will document the amount of water intake daily so that I can monitor this goal.','0',148,'2020-05-14 08:10:15',0,'1',148,NULL,'2020-05-14 12:10:15','2020-05-14 12:10:15',NULL),(152,12,'I have not started to make progress on this goal, yet!','0',153,'2020-05-14 08:24:25',0,'1',153,NULL,'2020-05-14 12:24:25','2020-05-14 12:24:25',NULL),(153,60,'I read one article about life skills training this week, but it was not from the course site. Haven’t moved up the scale but still making progress ?','0',153,'2020-05-14 08:25:51',0,'1',153,NULL,'2020-05-14 12:25:51','2020-05-14 12:25:51',NULL),(154,18,'No advocacy has been completed at this time. ','0',159,'2020-05-14 08:26:59',0,'1',159,NULL,'2020-05-14 12:26:59','2020-05-14 12:26:59',NULL),(155,36,'I read one article (about the trans youth population) and took the corresponding quiz this week ?','1',153,'2020-05-14 08:28:54',0,'1',153,NULL,'2020-05-14 12:28:54','2020-05-14 12:28:54',NULL),(156,108,'This week I was able to engage with friends/family for 40 min. I called my mother for her birthday and I was able to play a virtual board game with my brother. ','3',159,'2020-05-14 08:29:00',0,'1',159,NULL,'2020-05-14 12:29:00','2020-05-14 12:29:00',NULL),(157,66,'No research was completed on this topic at this time. ','0',159,'2020-05-14 08:29:44',0,'1',159,NULL,'2020-05-14 12:29:44','2020-05-14 12:29:44',NULL),(158,95,'I journaled twice this week so far. It’s been a busy week with getting my wisdom tooth out and packing for my move on Saturday. I hope to do a bit more next week, or this weekend!','0',153,'2020-05-14 08:30:15',0,'1',153,NULL,'2020-05-14 12:30:15','2020-05-14 12:30:15',NULL),(159,42,'I read one related article provided on the course site and was able to successfully complete the included competency quiz. ','1',159,'2020-05-14 08:31:10',0,'1',159,NULL,'2020-05-14 12:31:10','2020-05-14 12:31:10',NULL),(160,96,'My average steps this week are at around 7,500 right now! I worked this weekend and have been going on more walks which has definitely helped ??‍♀️','0',153,'2020-05-14 08:31:19',0,'1',153,NULL,'2020-05-14 12:31:19','2020-05-14 12:31:19',NULL),(161,107,'.','1',159,'2020-05-14 08:34:13',0,'1',159,NULL,'2020-05-14 12:34:13','2020-05-14 12:34:13',NULL),(162,107,'Follows sleep hygiene tips 2-3 or less nights a week (Monday-Sunday) for two consecutive weeks by the end of the class. ','1',159,'2020-05-14 08:34:33',0,'1',159,NULL,'2020-05-14 12:34:33','2020-05-14 12:34:33',NULL),(163,107,'My sleeping schedule was not consistent this week. I did start putting my phone on the other side of the room when I go to sleep so that I am not tempted to scroll through social media sites ','1',159,'2020-05-14 08:34:41',0,'1',159,NULL,'2020-05-14 12:34:41','2020-05-14 12:34:41',NULL),(164,83,'On my way to drinking 3-4 glasses in 10 days. I had about 3-4 glasses of water yesterday! ?','1',147,'2020-05-14 09:04:03',0,'1',147,NULL,'2020-05-14 13:04:03','2020-05-14 13:04:03',NULL),(165,3,'I have not worked on the advocacy project yet.','0',144,'2020-05-14 09:04:15',0,'1',144,NULL,'2020-05-14 13:04:15','2020-05-14 13:04:15',NULL),(166,51,'I have not read any articles yet.','0',144,'2020-05-14 09:04:47',0,'1',144,NULL,'2020-05-14 13:04:47','2020-05-14 13:04:47',NULL),(167,84,'Spent too much time watching TV yesterday to do a yoga or pilates class ?','0',147,'2020-05-14 09:05:06',0,'1',147,NULL,'2020-05-14 13:05:06','2020-05-14 13:05:06',NULL),(168,27,'I have not completed research yet.','0',144,'2020-05-14 09:05:07',0,'1',144,NULL,'2020-05-14 13:05:07','2020-05-14 13:05:07',NULL),(169,78,'I have only run 5 miles so far this week','0',144,'2020-05-14 09:06:07',0,'1',144,NULL,'2020-05-14 13:06:07','2020-05-14 13:06:07',NULL),(170,77,'I have only stretched 40 minutes so far this week.','1',144,'2020-05-14 09:06:31',0,'1',144,NULL,'2020-05-14 13:06:31','2020-05-14 13:06:31',NULL),(171,6,'Have not started to think about working on the advocacy project','0',147,'2020-05-14 09:06:36',0,'1',147,NULL,'2020-05-14 13:06:36','2020-05-14 13:06:36',NULL),(172,54,'Have not researched anything on neuropathies','0',147,'2020-05-14 09:07:02',0,'1',147,NULL,'2020-05-14 13:07:02','2020-05-14 13:07:02',NULL),(173,30,'No research completed on global social issues','0',147,'2020-05-14 09:07:29',0,'1',147,NULL,'2020-05-14 13:07:29','2020-05-14 13:07:29',NULL),(174,73,'Wednesday, 5/13 - went on the elliptical for 32 minutes and did leg muscle building exercises for 15 minutes!','1',142,'2020-05-14 11:32:45',0,'1',142,NULL,'2020-05-14 15:32:45','2020-05-14 15:32:45',NULL),(175,80,'5/12: read for .5 hours\r\n5/13: read for 1 hour ','0',145,'2020-05-14 11:32:57',0,'1',145,NULL,'2020-05-14 15:32:57','2020-05-14 15:32:57',NULL),(176,74,'Tuesday, 5/12 - ate a quinoa and kale mixture over spinach for dinner!','1',142,'2020-05-14 11:34:16',0,'1',142,NULL,'2020-05-14 15:34:16','2020-05-14 15:34:16',NULL),(177,74,'Wednesday, 5/13 - ate a lettuce and spinach salad with a few pieces of chicken added to it for dinner!','1',142,'2020-05-14 11:35:18',0,'1',142,NULL,'2020-05-14 15:35:18','2020-05-14 15:35:18',NULL),(178,79,'5/12: 6 hours of sleep\r\n5/13: 7 hours of sleep ','0',145,'2020-05-14 11:35:20',0,'1',145,NULL,'2020-05-14 15:35:20','2020-05-14 15:35:20',NULL),(179,28,'Not yet begun','0',145,'2020-05-14 11:36:06',0,'1',145,NULL,'2020-05-14 15:36:06','2020-05-14 15:36:06',NULL),(180,52,'Not yet begun','0',145,'2020-05-14 11:36:24',0,'1',145,NULL,'2020-05-14 15:36:24','2020-05-14 15:36:24',NULL),(181,4,'Not yet begun','0',145,'2020-05-14 11:36:43',0,'1',145,NULL,'2020-05-14 15:36:43','2020-05-14 15:36:43',NULL),(182,1,'Wednesday, 5/13 - researched a variety of different topics to potentially do project on','0',142,'2020-05-14 11:37:02',0,'1',142,NULL,'2020-05-14 15:37:02','2020-05-14 15:37:02',NULL),(183,49,'No additional research has been completed outside of my current Upper Extremity course materials. ?','0',142,'2020-05-14 11:39:31',0,'1',142,NULL,'2020-05-14 15:39:31','2020-05-14 15:39:31',NULL),(184,25,'Read an article regarding OT practice in this time of Covid-19 but it was not on the course site, so I am not counting it toward this goal ? but still wanted to document for my own record!','0',142,'2020-05-14 11:41:40',0,'1',142,NULL,'2020-05-14 15:41:40','2020-05-14 15:41:40',NULL),(185,98,'I have drank my daily recommended water intake all week this week. My goal is for 4/6 weeks so I can not track progress, but I am on track. ','0',154,'2020-05-14 12:03:43',0,'1',154,NULL,'2020-05-14 16:03:43','2020-05-14 16:03:43',NULL),(186,61,'I read two additional articles about our topic this week for hand therapy. ','2',154,'2020-05-14 12:11:07',0,'1',154,NULL,'2020-05-14 16:11:07','2020-05-14 16:11:07',NULL),(187,37,'No progress made.','0',154,'2020-05-14 12:12:32',0,'1',154,NULL,'2020-05-14 16:12:32','2020-05-14 16:12:32',NULL),(188,97,'I used to weigh 220lbs and want to get back to that. I weighed 185lbs at the beginning of this goal. I weighed 188lbs today. The scale is set in the same spot every time and numerous weigh-in','1',154,'2020-05-14 12:14:53',0,'1',154,NULL,'2020-05-14 16:14:53','2020-05-14 16:14:53',NULL),(189,13,'No progress made. ','0',154,'2020-05-14 12:15:51',0,'1',154,NULL,'2020-05-14 16:15:51','2020-05-14 16:15:51',NULL),(190,81,'I hope you made that call!','0',141,'2020-05-16 17:46:44',0,'1',141,NULL,'2020-05-16 21:46:44','2020-05-16 21:46:44',NULL),(191,1,'Can\'t wait to hear what you land on:)','0',141,'2020-05-16 17:48:44',0,'1',141,NULL,'2020-05-16 21:48:44','2020-05-16 21:48:44',NULL),(192,101,'I like this idea of a reminder; it can help you build a habit, then eventually you won\'t need it anymore.','1',141,'2020-05-17 10:26:38',0,'1',141,NULL,'2020-05-17 14:26:38','2020-05-17 14:26:38',NULL),(193,102,'If you have a treadmill/other way to indoor run, you won\'t be limited by circumstances beyond your control.','0',141,'2020-05-17 00:00:00',86,'1',141,NULL,'2020-05-17 14:30:07','2020-05-17 14:30:07',NULL),(194,89,'Nice start to your goal!','0',141,'2020-05-17 00:00:00',123,'1',141,NULL,'2020-05-17 14:32:53','2020-05-17 14:32:53',NULL),(195,97,'Nice early start to this goal!','1',141,'2020-05-17 10:34:38',0,'1',141,NULL,'2020-05-17 14:34:38','2020-05-17 14:34:38',NULL),(196,98,'Yes, these ongoing goals are hard to mark progress, but this log-in is good reminder to keep at it!','0',141,'2020-05-17 00:00:00',185,'1',141,NULL,'2020-05-17 14:35:56','2020-05-17 14:35:56',NULL),(197,109,'Nice! You can\'t give yourself higher level yet, though, as you need to get to 4 wks. Use your comments to reflect wkly progress:)','0',141,'2020-05-17 10:39:07',0,'1',141,NULL,'2020-05-17 14:39:07','2020-05-17 14:39:07',NULL),(198,119,'Great! But you can\'t record progress until you  reach 20 consecutive days. Use these comments to keep track of quantity so you know what you averaged/what level you attained.','0',141,'2020-05-17 10:41:07',0,'1',141,NULL,'2020-05-17 14:41:07','2020-05-17 14:41:07',NULL),(199,120,'Good progress! Same as other goal, though: have to reach 4 weeks to see what goal level you attained. Keep comments coming to track numbers.','0',141,'2020-05-17 10:43:14',0,'1',141,NULL,'2020-05-17 14:43:14','2020-05-17 14:43:14',NULL),(200,91,'Nice early progress! Remember you will be able to change your scale level once you reach the 3 week mark.','0',141,'2020-05-17 00:00:00',144,'1',141,NULL,'2020-05-17 14:45:51','2020-05-17 14:45:51',NULL),(201,92,'A good start! I sometimes make up water bottles in my fridge in the morning so I drink more during the day.','0',141,'2020-05-17 00:00:00',143,'1',141,NULL,'2020-05-17 14:48:37','2020-05-17 14:48:37',NULL),(202,111,'Nice progress! Remember you can\'t update your score level until you reach the 4 wk mark, so use comments to reflect ongoing progress.','0',141,'2020-05-17 00:00:00',128,'1',141,NULL,'2020-05-17 14:50:36','2020-05-17 14:50:36',NULL),(203,111,'See comments below-nice start to your goal:)','0',141,'2020-05-17 10:51:05',0,'1',141,NULL,'2020-05-17 14:51:05','2020-05-17 14:51:05',NULL),(204,112,'Good start. Remember you can\'t mark an increased goal level until you reach the 4 week mark, so keep adding comments reflecting progress but keep score at 0.','0',141,'2020-05-17 00:00:00',130,'1',141,NULL,'2020-05-17 14:52:38','2020-05-17 14:52:38',NULL),(205,47,'Nice start! So I can practice using the app features, can you attach pic of your quiz?','0',141,'2020-05-17 00:00:00',80,'1',141,NULL,'2020-05-17 14:55:06','2020-05-17 14:55:06',NULL),(206,71,'Nice progress!','1',141,'2020-05-17 10:55:50',0,'1',141,NULL,'2020-05-17 14:55:50','2020-05-17 14:55:50',NULL),(207,118,'Good early progress! Since this is a ongoing goal, though, you can\'t change level until 5 wk mark. Keep comments re: progress coming in the comments.','0',141,'2020-05-17 10:57:23',0,'1',141,NULL,'2020-05-17 14:57:23','2020-05-17 14:57:23',NULL),(208,79,'good way to keep track of hours until you reach the 4 week mark!','0',141,'2020-05-17 00:00:00',178,'1',141,NULL,'2020-05-17 14:58:23','2020-05-17 14:58:23',NULL),(209,80,'Again; good tracking of your time until you reach the 3 week mark.','0',141,'2020-05-17 00:00:00',175,'1',141,NULL,'2020-05-17 14:59:32','2020-05-17 14:59:32',NULL),(210,87,'Yes, get one that will motivate you to write in it!','0',141,'2020-05-17 00:00:00',71,'1',141,NULL,'2020-05-17 15:00:33','2020-05-17 15:00:33',NULL),(211,88,'Hopefully the warmer weather will help. You could also set a reminder each day.','0',141,'2020-05-17 00:00:00',72,'1',141,NULL,'2020-05-17 15:01:35','2020-05-17 15:01:35',NULL),(212,99,'Oh, I\'m sorry to hear that. Maybe a healthy crock pot soup-prep once for several meals?','0',141,'2020-05-17 00:00:00',109,'1',141,NULL,'2020-05-17 15:03:09','2020-05-17 15:03:09',NULL),(213,100,'Understood. This is why it\'s important to give some flexibility in number of weeks you will sustain goal behavior. You can get back on track next week.','0',141,'2020-05-17 00:00:00',106,'1',141,NULL,'2020-05-17 15:04:19','2020-05-17 15:04:19',NULL),(214,45,'I hope you found the article helpful. It\'s a good foundation for Bridget Weller, our guest speaker. Can you upload the quiz so we can practice using the attachment feature?','1',141,'2020-05-17 11:06:45',0,'1',141,NULL,'2020-05-17 15:06:45','2020-05-17 15:06:45',NULL),(215,113,'Great! But you can\'t increase goal level until you reach the 5 week mark. Use these comments to keep track of mileage.','0',141,'2020-05-17 11:07:55',0,'1',141,NULL,'2020-05-17 15:07:55','2020-05-17 15:07:55',NULL),(216,114,'Love that you have a gratitude journal! You can\'t increase goal level until you reach 5 wk mark, but keep track of progress here.','0',141,'2020-05-17 11:09:29',0,'1',141,NULL,'2020-05-17 15:09:29','2020-05-17 15:09:29',NULL),(217,42,'Great! Can you try uploading attachment-pic of the quiz, so we can practice this feature?','1',141,'2020-05-17 11:10:41',0,'1',141,NULL,'2020-05-17 15:10:41','2020-05-17 15:10:41',NULL),(218,108,'Great! But you can\'t increase your level until you reach the 3 week mark-you are measuring behavior change over time. Keep track of your minutes through the comments section so it will be eas','0',141,'2020-05-17 11:13:01',0,'1',141,NULL,'2020-05-17 15:13:01','2020-05-17 15:13:01',NULL),(219,107,'I like that you are changing some habits to help. Remember you can\'t increase your scale level until you reach 2 consecutive weeks, so still at baseline. But keep track of progress through th','0',141,'2020-05-17 11:15:45',0,'1',141,NULL,'2020-05-17 15:15:45','2020-05-17 15:15:45',NULL),(220,75,'Nice! Keep tracking min. through these comments so you can mark your improvement at the 4 week mark.','0',141,'2020-05-17 00:00:00',87,'1',141,NULL,'2020-05-17 15:17:30','2020-05-17 15:17:30',NULL),(221,76,'Your salads sound yummy. Even with good progress remember you can\'t increase goal level until you reach the 4 week mark.','0',141,'2020-05-17 11:21:51',0,'1',141,NULL,'2020-05-17 15:21:51','2020-05-17 15:21:51',NULL),(222,83,'Great! Just remember you can\'t increase your scale level until you reach the 10 consecutive day mark. You can jump out of baseline then. Keep tracking quantity here in comments.','0',141,'2020-05-17 11:23:40',0,'1',141,NULL,'2020-05-17 15:23:40','2020-05-17 15:23:40',NULL),(223,84,'Haha. I can\'t relate. Can you set a calendar event or phone reminder? Something to trigger habit formation?','0',141,'2020-05-17 00:00:00',167,'1',141,NULL,'2020-05-17 15:25:09','2020-05-17 15:25:09',NULL),(224,105,'Nice adjustment to help develop this new habit. Looks like an opportunity for indoor exercise today:)','0',141,'2020-05-17 00:00:00',113,'1',141,NULL,'2020-05-17 15:26:55','2020-05-17 15:26:55',NULL),(225,106,'Good that you are logging quantity. Also good to try using the attachment feature to upload pics-may help incentivize you!','0',141,'2020-05-17 00:00:00',111,'1',141,NULL,'2020-05-17 15:28:12','2020-05-17 15:28:12',NULL),(226,77,'That still sounds like progress. Remember you can\'t increase scale level until you reach the 4 week mark, so keep tracking minutes here.','0',141,'2020-05-17 11:29:28',0,'1',141,NULL,'2020-05-17 15:29:28','2020-05-17 15:29:28',NULL),(227,78,'Still impressive from my perspective:) Remember you won\'t be able to increase goal score until you reach the 4 wk mark, so keep tracking distances here.','0',141,'2020-05-17 00:00:00',169,'1',141,NULL,'2020-05-17 15:31:10','2020-05-17 15:31:10',NULL),(228,36,'Great! Can you try using the attachment feature to upload pic of the quiz? Good for us both to practice this.','1',141,'2020-05-17 11:32:57',0,'1',141,NULL,'2020-05-17 15:32:57','2020-05-17 15:32:57',NULL),(229,95,'It\'s okay; remember this is why it\'s good to leave some flexibility in your goal. It allows for an initial week or two of working it out. Hope you are feeling better!','0',141,'2020-05-17 00:00:00',158,'1',141,NULL,'2020-05-17 15:34:32','2020-05-17 15:34:32',NULL),(230,40,'Good progress! Can you try uploading a pic of the quiz so we can practice using the attachment feature?','1',141,'2020-05-17 11:35:42',0,'1',141,NULL,'2020-05-17 15:35:42','2020-05-17 15:35:42',NULL),(231,64,'Nice!','1',141,'2020-05-17 11:36:16',0,'1',141,NULL,'2020-05-17 15:36:16','2020-05-17 15:36:16',NULL),(232,103,'Good! But you can\'t increase your goal level until you hit the 4 week mark, so for now, keep tracking quantities in this comments section.','0',141,'2020-05-17 11:37:30',0,'1',141,NULL,'2020-05-17 15:37:30','2020-05-17 15:37:30',NULL),(233,104,'Oh, thanks for letting me know attachment feature not working. I\'m on it! You can\'t increase your level until you hit the 4 wk mark, so keep tracking numbers here.','0',141,'2020-05-17 11:39:00',0,'1',141,NULL,'2020-05-17 15:39:00','2020-05-17 15:39:00',NULL),(234,73,'Great early progress! Remember you can\'t increase your level until you hit the 4 wk mark, since you are measuring consistency over time. But keep tracking minutes and days here.','0',141,'2020-05-17 11:40:30',0,'1',141,NULL,'2020-05-17 15:40:30','2020-05-17 15:40:30',NULL),(235,74,'Keep up the good progress! You can\'t increase to the \"1\" level until you reach 5 consecutive days. You probably will have by the time you review this but I\'ll mark back down to 0 and you can ','0',141,'2020-05-17 11:43:41',0,'1',141,NULL,'2020-05-17 15:43:41','2020-05-17 15:43:41',NULL),(236,85,'Good luck! Use this comments section in your biweekly updates to keep track of your quantities.','0',141,'2020-05-17 00:00:00',151,'1',141,NULL,'2020-05-17 15:45:29','2020-05-17 15:45:29',NULL),(237,86,'Good luck!','0',141,'2020-05-17 00:00:00',148,'1',141,NULL,'2020-05-17 15:46:03','2020-05-17 15:46:03',NULL),(238,82,'I like that you are now using an alarm to help you reach this goal. In summer, I leave my heavy curtains open so the sun helps me wake up.','0',141,'2020-05-17 00:00:00',139,'1',141,NULL,'2020-05-17 15:48:00','2020-05-17 15:48:00',NULL),(239,68,'I have read 2 CEU articles from AOTA on pediatrics (school based framework and early intervention occupational profile) and completed the included competency quizzes.','2',161,'2020-05-17 13:36:51',0,'1',161,NULL,'2020-05-17 17:36:51','2020-05-17 17:36:51',NULL),(240,44,'I have read two articles about global health care trends (trauma informed care and language/working with LEPs) and completed the included quizzes on them. ','2',161,'2020-05-17 14:17:45',0,'1',161,NULL,'2020-05-17 18:17:45','2020-05-17 18:17:45',NULL),(241,118,'Participated in 3 HIIT Workouts in one week','2',164,'2020-05-17 15:16:28',0,'1',164,NULL,'2020-05-17 19:16:28','2020-05-17 19:16:28',NULL),(242,23,'no changes will be working on this goal before class on Thursday','0',164,'2020-05-17 15:17:28',0,'1',164,NULL,'2020-05-17 19:17:28','2020-05-17 19:17:28',NULL),(243,47,'no changes from last week, read and took the opioid article quiz which is attached.','1',164,'2020-05-17 15:51:26',0,'1',164,NULL,'2020-05-17 19:51:26','2020-05-17 19:51:26',NULL),(244,117,'participated in intermittent fasting for 3 days in a row this weekend (friday, saturday and sunday)','1',164,'2020-05-17 15:52:17',0,'1',164,NULL,'2020-05-17 19:52:17','2020-05-17 19:52:17',NULL),(245,71,'No changes since last week. Will work on more this week!','1',164,'2020-05-17 15:53:14',0,'1',164,NULL,'2020-05-17 19:53:14','2020-05-17 19:53:14',NULL),(246,45,'Here is my quiz!','0',162,'2020-05-17 00:00:00',214,'1',162,NULL,'2020-05-17 19:54:35','2020-05-17 19:54:35',NULL),(247,69,'Since there were no articles on motor learning in the CEU articles, I read the article about Occupational Profiles in Early Intervention to learn how to use this with clients who have complex','1',162,'2020-05-17 16:28:23',0,'1',162,NULL,'2020-05-17 20:28:23','2020-05-17 20:28:23',NULL),(248,69,'I also found/read an article called \"A reflection on motor learning theory in pediatric occupational therapy practice\". I learned about the theories of motor learning and how to incorporate i','1',162,'2020-05-17 16:29:15',0,'1',162,NULL,'2020-05-17 20:29:15','2020-05-17 20:29:15',NULL),(249,21,'My group still hasn\'t met up yet to go over our plan, but we hope to talk about it this week. ','0',162,'2020-05-17 16:30:45',0,'1',162,NULL,'2020-05-17 20:30:45','2020-05-17 20:30:45',NULL),(250,16,'Figuring out who is going to be in my group and plan on talking about it this week! ','0',157,'2020-05-17 16:31:09',0,'1',157,NULL,'2020-05-17 20:31:09','2020-05-17 20:31:09',NULL),(251,40,'Here is my quiz ','0',157,'2020-05-17 00:00:00',230,'1',157,NULL,'2020-05-17 20:33:06','2020-05-17 20:33:06',NULL),(252,104,'Bowtie ','0',157,'2020-05-17 00:00:00',96,'1',157,NULL,'2020-05-17 20:33:37','2020-05-17 20:33:37',NULL),(253,104,'Pic ','0',157,'2020-05-17 00:00:00',96,'1',157,NULL,'2020-05-17 20:34:16','2020-05-17 20:34:16',NULL),(254,104,'I learned how to make a butterfly. Way quicker than the bowtie. Still having issues with uploading a picture as a jpeg. Plan on calling the tech support number on Monday May 18th','0',157,'2020-05-17 16:39:17',0,'1',157,NULL,'2020-05-17 20:39:17','2020-05-17 20:39:17',NULL),(255,45,'This week I read the article \"Contemporary Issues on Supervision in Community Mental Health Practice\". I learned about about the different types of supervision and how beneficial this can be ','1',162,'2020-05-17 16:42:26',0,'1',162,NULL,'2020-05-17 20:42:26','2020-05-17 20:42:26',NULL),(256,64,'I read the article on trauma. This concept taught me that trauma happens a lot more often then we think and as a practitioner i must be aware that children with Down Syndrome might have exper','1',157,'2020-05-17 16:46:02',0,'1',157,NULL,'2020-05-17 20:46:02','2020-05-17 20:46:02',NULL),(257,114,'I have journaled twice so far this week and plan to continue to each day this week. ','0',162,'2020-05-18 09:11:32',0,'1',162,NULL,'2020-05-18 13:11:33','2020-05-18 13:11:33',NULL),(258,113,'I have run 4 miles once so far this week and plan to run 4 miles at least two more times. ','0',162,'2020-05-18 09:12:06',0,'1',162,NULL,'2020-05-18 13:12:06','2020-05-18 13:12:06',NULL),(259,103,'Its Monday May 18th, and so far I have drank at least 3, 750ml water bottles. Loving the effects and energy that all this water is giving me but, not enjoying going to the  bathroom every hou','0',157,'2020-05-18 09:21:58',0,'1',157,NULL,'2020-05-18 13:21:58','2020-05-18 13:21:58',NULL),(260,100,'So far this week I have managed to get in 1 work out!','1',155,'2020-05-18 12:54:05',0,'1',155,NULL,'2020-05-18 16:54:05','2020-05-18 16:54:05',NULL),(261,14,'We still have yet to begin. Hoping to form a group this week.','0',155,'2020-05-18 12:54:37',0,'1',155,NULL,'2020-05-18 16:54:37','2020-05-18 16:54:37',NULL),(262,62,'Still have not had time  to begin this project due to an exam this morning in our other class.','0',155,'2020-05-18 12:55:21',0,'1',155,NULL,'2020-05-18 16:55:21','2020-05-18 16:55:21',NULL),(263,38,'Unfortunately I spent most of my weekend studying for UE so I have not started yet. ','0',155,'2020-05-18 12:56:55',0,'1',155,NULL,'2020-05-18 16:56:55','2020-05-18 16:56:55',NULL),(264,99,'I was able to do some meal prepping yesterday!!','1',155,'2020-05-18 12:57:24',0,'1',155,NULL,'2020-05-18 16:57:24','2020-05-18 16:57:24',NULL),(265,2,'I have not completed an advocacy project','0',143,'2020-05-18 13:04:52',0,'1',143,NULL,'2020-05-18 17:04:52','2020-05-18 17:04:52',NULL),(266,75,'Since my last update, I did a 30 minute lower body and ab exercise via an Instagram video home exercise program on Friday 5/15. I am still at a zero until I can reevaluate at week 4, but I am','0',143,'2020-05-18 13:09:19',0,'1',143,NULL,'2020-05-18 17:09:19','2020-05-18 17:09:19',NULL),(267,50,'I have not read any pediatric research articles yet this semester.','0',143,'2020-05-18 13:09:57',0,'1',143,NULL,'2020-05-18 17:09:57','2020-05-18 17:09:57',NULL),(268,26,'I have not begun research yet, but plan to begin soon!','0',143,'2020-05-18 13:10:36',0,'1',143,NULL,'2020-05-18 17:10:36','2020-05-18 17:10:36',NULL),(269,76,'I made a salad for lunch yesterday and made grilled chicken with rice, zucchini, and broccoli for lunch today! ','0',143,'2020-05-18 13:11:51',0,'1',143,NULL,'2020-05-18 17:11:51','2020-05-18 17:11:51',NULL),(270,101,'5/11-5/18 I was able to journal 3 times!  I was pretty happy with how the first full week of working toward this goal went. I am excited to see how the coming weeks go.  I definitely feel som','0',156,'2020-05-18 13:17:23',0,'1',156,NULL,'2020-05-18 17:17:24','2020-05-18 17:17:24',NULL),(271,102,'The week of Monday May 11th through Sunday May 18th I was able to run 6 times! I am very happy with how much I was able to run this past week. ','0',156,'2020-05-18 13:19:00',0,'1',156,NULL,'2020-05-18 17:19:00','2020-05-18 17:19:00',NULL),(272,39,'With an exam we had today in upper extremity, I spent most of my weekend studying for that class.  Because of this, I have not had a chance to perform research on global social issues yet, bu','0',156,'2020-05-18 13:20:08',0,'1',156,NULL,'2020-05-18 17:20:08','2020-05-18 17:20:08',NULL),(273,63,'Unable to work toward this goal just yet as I have been studying for a big upper extremity exam we had today.  I am going to work more toward this goal later this week and in the coming weeks','0',156,'2020-05-18 13:21:08',0,'1',156,NULL,'2020-05-18 17:21:08','2020-05-18 17:21:08',NULL),(274,15,'I have not yet had the chance to work toward my advocacy project, but I look forward to taking the necessary steps in doing so in the coming weeks!','0',156,'2020-05-18 13:22:05',0,'1',156,NULL,'2020-05-18 17:22:05','2020-05-18 17:22:05',NULL),(275,109,'Since my last update (Wednesday 5/13) I have been stretching every other day. The week of 5/10-5/16, i stretched three times. I have been looking up different upper body and lower body stretc','0',160,'2020-05-18 13:51:12',0,'1',160,NULL,'2020-05-18 17:51:12','2020-05-18 17:51:12',NULL),(276,67,'Still have not made progress towards my goal. In our UE class, we just took an exam regarding the anatomy, evaluation, and \"itises\".','0',160,'2020-05-18 13:53:03',0,'1',160,NULL,'2020-05-18 17:53:04','2020-05-18 17:53:04',NULL),(277,43,'I have not yet read any articles, but plan to read one before next week!','0',160,'2020-05-18 13:54:03',0,'1',160,NULL,'2020-05-18 17:54:03','2020-05-18 17:54:03',NULL),(278,110,'After taking a few days off from my last run on Wed 5/13, I ran another 4 miles on this past Sunday (5/17). Will plan on increasing the number of miles soon, but I am still experiencing some ','0',160,'2020-05-18 13:55:46',0,'1',160,NULL,'2020-05-18 17:55:46','2020-05-18 17:55:46',NULL),(279,73,'Thursday, 5/14 - went on a 3.5 mile run on the elliptical for 32 minutes and 15 minutes of arm exercises!','0',142,'2020-05-18 16:05:17',0,'1',142,NULL,'2020-05-18 20:05:17','2020-05-18 20:05:17',NULL),(280,73,'Friday, 5/15 - went on a 4 mile run on the elliptical for 38 minutes and did leg exercises for 15 minutes!','0',142,'2020-05-18 16:06:21',0,'1',142,NULL,'2020-05-18 20:06:21','2020-05-18 20:06:21',NULL),(281,73,'Sunday, 3/17 - went on 3 mile run on elliptical for 30 minutes with 15 minutes of arm exercises! ','0',142,'2020-05-18 16:15:34',0,'1',142,NULL,'2020-05-18 20:15:34','2020-05-18 20:15:34',NULL),(282,74,'Thursday - Monday, ate some form of salad (with whatever vegetables I could throw together that day) for either a snack or lunch!','1',142,'2020-05-18 16:22:56',0,'1',142,NULL,'2020-05-18 20:22:56','2020-05-18 20:22:56',NULL),(283,1,'Still deciding on what to do for research project... leaning toward something about the COVID-19 crisis and what that means for OT and our patients. TBD!','0',142,'2020-05-18 16:25:59',0,'1',142,NULL,'2020-05-18 20:25:59','2020-05-18 20:25:59',NULL),(284,49,'No additional research completed but when I do read the article on the course site, what/where is the competency quiz?','0',142,'2020-05-18 16:31:23',0,'1',142,NULL,'2020-05-18 20:31:23','2020-05-18 20:31:23',NULL),(285,25,'No additional research has been completed but what/where is the competency quiz to complete?','0',142,'2020-05-18 16:32:44',0,'1',142,NULL,'2020-05-18 20:32:44','2020-05-18 20:32:44',NULL),(286,89,'I am still at a 0, but on currently on track to move up to a 1 - I have exercised for at least 45 minutes in 3 days since last week. ','0',150,'2020-05-18 17:19:53',0,'1',150,NULL,'2020-05-18 21:19:53','2020-05-18 21:19:53',NULL),(287,33,'I did not read any articles over the weekend, but hope to get a start sometime this week. ','0',150,'2020-05-18 17:20:33',0,'1',150,NULL,'2020-05-18 21:20:33','2020-05-18 21:20:33',NULL),(288,57,'I have not read any articles yet, but hope to get a start this week. ','0',150,'2020-05-18 17:20:57',0,'1',150,NULL,'2020-05-18 21:20:57','2020-05-18 21:20:57',NULL),(289,90,'This week, I transferred $10 into my savings account - putting me on track to move up to a 1. ','0',150,'2020-05-18 17:21:41',0,'1',150,NULL,'2020-05-18 21:21:41','2020-05-18 21:21:41',NULL),(290,9,'I have not started this project yet, but have a group I hope to work with. ','0',150,'2020-05-18 17:22:16',0,'1',150,NULL,'2020-05-18 21:22:16','2020-05-18 21:22:16',NULL),(291,87,'I have bought a journal and written in the journal once, so I am making progress toward my goal!?','0',149,'2020-05-18 19:33:41',0,'1',149,NULL,'2020-05-18 23:33:41','2020-05-18 23:33:41',NULL),(292,88,'I have walked 6000 steps a day for the past 3 days, I am feeling proud!','1',149,'2020-05-18 19:34:51',0,'1',149,NULL,'2020-05-18 23:34:51','2020-05-18 23:34:51',NULL),(293,32,'I added reading at least one article to my planner, so I will do that this week.','0',149,'2020-05-18 19:35:40',0,'1',149,NULL,'2020-05-18 23:35:40','2020-05-18 23:35:40',NULL),(294,56,'I have started looking for an article, so I just need to put time aside to read it and do the quiz!','0',149,'2020-05-18 19:36:41',0,'1',149,NULL,'2020-05-18 23:36:41','2020-05-18 23:36:41',NULL),(295,115,'I    finished out last week by walking 2 days a week. As stated previously, I  had walked 8.7 miles one day. On Friday of the same week I    walked 6.8 miles.','0',163,'2020-05-18 19:36:48',0,'1',163,NULL,'2020-05-18 23:36:48','2020-05-18 23:36:48',NULL),(296,8,'I have not started working on this project yet!','0',149,'2020-05-18 19:37:23',0,'1',149,NULL,'2020-05-18 23:37:23','2020-05-18 23:37:23',NULL),(297,116,'I am currently on day 9 of drinking at least 80oz of water a day. There have been a couple of days that I have drank up to 1000z, but I    have been consistently drinking at least 80oz.','0',163,'2020-05-18 19:38:25',0,'1',163,NULL,'2020-05-18 23:38:25','2020-05-18 23:38:25',NULL),(298,22,'I  have not completed any work for this goal. ','0',163,'2020-05-18 19:39:53',0,'1',163,NULL,'2020-05-18 23:39:53','2020-05-18 23:39:53',NULL),(299,96,'I moved to a new house this weekend and definitely ended last week, and started this week out strong!! On track for another 7,000 step average this week ?','0',153,'2020-05-18 19:50:58',0,'1',153,NULL,'2020-05-18 23:50:58','2020-05-18 23:50:58',NULL),(300,95,'I haven’t journaled yet this week. I’ve been a little distracted with moving to a new house and studying for a test in the UE course. I am hoping to re-establish my morning routine again this','0',153,'2020-05-18 19:52:18',0,'1',153,NULL,'2020-05-18 23:52:18','2020-05-18 23:52:18',NULL),(301,60,'I haven’t made progress in this goal since last Thursday but planned out some time on Wednesday to find some good articles or podcasts about life skills training!','0',153,'2020-05-18 19:54:15',0,'1',153,NULL,'2020-05-18 23:54:15','2020-05-18 23:54:15',NULL),(302,12,'I have not made any progress on this goal since last Thursday.','0',153,'2020-05-18 19:54:50',0,'1',153,NULL,'2020-05-18 23:54:50','2020-05-18 23:54:50',NULL),(303,40,'I read the Article \"Contemporary Issues on Supervision in Community Mental Health Practice\". It was interesting to read that there are many different ways to approach mental health as a healt','1',157,'2020-05-18 20:02:53',0,'1',157,NULL,'2020-05-19 00:02:53','2020-05-19 00:02:53',NULL),(304,46,'I read the article \"Working With Older Adults With Developmental and Intellectual Disabilities in Long-Term Care\" and am attached the completed quiz.','1',163,'2020-05-18 20:16:11',0,'1',163,NULL,'2020-05-19 00:16:11','2020-05-19 00:16:11',NULL),(305,81,'Since I updated last, I have initiated calling 3 friends, but one call was not answered. I was able to chat with 2 of my friends and spent about an hour on each call catching up. It really im','0',146,'2020-05-18 20:16:22',0,'1',146,NULL,'2020-05-19 00:16:23','2020-05-19 00:16:23',NULL),(306,46,'Here is the completed quiz','0',163,'2020-05-18 00:00:00',304,'1',163,NULL,'2020-05-19 00:16:37','2020-05-19 00:16:37',NULL),(307,5,'I have not begun an advocacy project yet. Do we get to pick our own small peer groups? If so, that will be my next step to beginning the project.','0',146,'2020-05-18 20:17:37',0,'1',146,NULL,'2020-05-19 00:17:37','2020-05-19 00:17:37',NULL),(308,53,'I have not read any articles on SI yet, but my goal is to read at least one article before the next class. ','0',146,'2020-05-18 20:18:50',0,'1',146,NULL,'2020-05-19 00:18:50','2020-05-19 00:18:50',NULL),(309,29,'I have not read an article yet, however after looking at them I am very interested in a few of the topics, including SI, the opioid epidemic, and obesity. ','0',146,'2020-05-18 20:24:25',0,'1',146,NULL,'2020-05-19 00:24:25','2020-05-19 00:24:25',NULL),(310,82,'I woke up this morning at 7:45AM, before my 8AM alarm! I took your advice and left my blinds open, and that helped to wake me up naturally!','0',146,'2020-05-18 20:26:04',0,'1',146,NULL,'2020-05-19 00:26:04','2020-05-19 00:26:04',NULL),(311,70,'I  read the article \"Managing Obesity in Pediatrics: A Role for Occupational Therapy\". I  will attach the completed quiz. ','2',163,'2020-05-18 20:56:47',0,'1',163,NULL,'2020-05-19 00:56:47','2020-05-19 00:56:47',NULL),(312,78,'I ran another 5 miles last week so my total for last week was 10 miles. So far for this week I have run 5 miles.','0',144,'2020-05-18 21:16:49',0,'1',144,NULL,'2020-05-19 01:16:49','2020-05-19 01:16:49',NULL),(313,77,'I have only stretched for 20 minutes so far this week.','0',144,'2020-05-18 21:17:40',0,'1',144,NULL,'2020-05-19 01:17:40','2020-05-19 01:17:40',NULL),(314,27,'I have not completed research yet.','0',144,'2020-05-18 21:18:02',0,'1',144,NULL,'2020-05-19 01:18:02','2020-05-19 01:18:02',NULL),(315,51,'I have not completed research yet.','0',144,'2020-05-18 21:18:40',0,'1',144,NULL,'2020-05-19 01:18:40','2020-05-19 01:18:40',NULL),(316,3,' have not worked on the advocacy project yet.','0',144,'2020-05-18 21:19:04',0,'1',144,NULL,'2020-05-19 01:19:04','2020-05-19 01:19:04',NULL),(317,81,'Good to hear!','0',141,'2020-05-18 00:00:00',305,'1',141,NULL,'2020-05-19 01:36:27','2020-05-19 01:36:27',NULL),(318,1,'Good topic idea!','0',141,'2020-05-18 00:00:00',283,'1',141,NULL,'2020-05-19 01:37:03','2020-05-19 01:37:03',NULL),(319,16,'Good first step!','0',141,'2020-05-18 00:00:00',250,'1',141,NULL,'2020-05-19 01:41:55','2020-05-19 01:41:55',NULL),(320,17,'I\'m glad you have your group determined.','0',141,'2020-05-18 00:00:00',110,'1',141,NULL,'2020-05-19 01:42:44','2020-05-19 01:42:44',NULL),(321,103,'Nice-keep it up!!','0',141,'2020-05-18 00:00:00',259,'1',141,NULL,'2020-05-19 01:43:32','2020-05-19 01:43:32',NULL),(322,103,'Haha I didn\'t see your last comment-bad side effect:)','0',141,'2020-05-18 00:00:00',259,'1',141,NULL,'2020-05-19 01:43:58','2020-05-19 01:43:58',NULL),(323,74,'Yay! You get to increase your score. Nice work staying consistent with your greens:)','1',141,'2020-05-18 21:45:42',0,'1',141,NULL,'2020-05-19 01:45:42','2020-05-19 01:45:42',NULL),(324,68,'Good work! I hope you found them useful.','2',141,'2020-05-18 21:46:54',0,'1',141,NULL,'2020-05-19 01:46:54','2020-05-19 01:46:54',NULL),(325,44,'You are on a reading roll! Keep it up!!','2',141,'2020-05-18 21:47:37',0,'1',141,NULL,'2020-05-19 01:47:37','2020-05-19 01:47:37',NULL),(326,101,'Nice!','0',141,'2020-05-18 00:00:00',270,'1',141,NULL,'2020-05-19 01:53:21','2020-05-19 01:53:21',NULL),(327,102,'I\'m glad you are getting this good stress release through running!','0',141,'2020-05-18 00:00:00',271,'1',141,NULL,'2020-05-19 01:54:00','2020-05-19 01:54:00',NULL),(328,89,'Nice!','0',141,'2020-05-18 00:00:00',286,'1',141,NULL,'2020-05-19 01:55:20','2020-05-19 01:55:20',NULL),(329,90,'Way to go! Every little bit helps:)','0',141,'2020-05-18 00:00:00',289,'1',141,NULL,'2020-05-19 01:55:46','2020-05-19 01:55:46',NULL),(330,61,'Way to go! Keep reading!!','2',141,'2020-05-18 21:57:05',0,'1',141,NULL,'2020-05-19 01:57:05','2020-05-19 01:57:05',NULL),(331,109,'Keep stretching!','0',141,'2020-05-18 00:00:00',275,'1',141,NULL,'2020-05-19 01:58:52','2020-05-19 01:58:52',NULL),(332,110,'Ouch! Don\'t overdue...','0',141,'2020-05-18 00:00:00',278,'1',141,NULL,'2020-05-19 01:59:46','2020-05-19 01:59:46',NULL),(333,47,'Thanks for uploading-the attachment feature works!','0',141,'2020-05-18 00:00:00',243,'1',141,NULL,'2020-05-19 02:02:16','2020-05-19 02:02:16',NULL),(334,117,'Good work but you can\'t increase your level until at least week 5 since you are measuring this goal for 5 weeks','0',141,'2020-05-18 00:00:00',244,'1',141,NULL,'2020-05-19 02:03:50','2020-05-19 02:03:50',NULL),(335,117,'See comment below:)','0',141,'2020-05-18 22:04:13',0,'1',141,NULL,'2020-05-19 02:04:13','2020-05-19 02:04:13',NULL),(336,118,'Remember you can\'t increase your level until you reach week 5.','0',141,'2020-05-18 22:05:19',0,'1',141,NULL,'2020-05-19 02:05:19','2020-05-19 02:05:19',NULL),(337,87,'A good start!','0',141,'2020-05-18 00:00:00',291,'1',141,NULL,'2020-05-19 02:07:23','2020-05-19 02:07:23',NULL),(338,88,'I\'m just noticing your goal doesn\'t indicate how long you will be do this.  It looks like a one-time event, so you are at a 1. Way to go!','0',141,'2020-05-18 00:00:00',292,'1',141,NULL,'2020-05-19 02:10:11','2020-05-19 02:10:11',NULL),(339,88,'See comment below:)','1',141,'2020-05-18 22:10:25',0,'1',141,NULL,'2020-05-19 02:10:25','2020-05-19 02:10:25',NULL),(340,99,'Remember you can\'t increase your level until you reach your week 4 mark. Use the comments section to keep track of how often per week.','0',141,'2020-05-18 22:12:45',0,'1',141,NULL,'2020-05-19 02:12:45','2020-05-19 02:12:45',NULL),(341,100,'You haven\'t reached the week 4 mark','0',141,'2020-05-18 22:13:18',0,'1',141,NULL,'2020-05-19 02:13:18','2020-05-19 02:13:18',NULL),(342,45,'I\'m glad the article was informative. Love community mental health practice!','0',141,'2020-05-18 00:00:00',255,'1',141,NULL,'2020-05-19 02:14:53','2020-05-19 02:14:53',NULL),(343,69,'Keep up the reading!','1',141,'2020-05-18 22:15:50',0,'1',141,NULL,'2020-05-19 02:15:50','2020-05-19 02:15:50',NULL),(344,75,'Great-keep up the good work!','0',141,'2020-05-18 00:00:00',266,'1',141,NULL,'2020-05-19 02:18:19','2020-05-19 02:18:19',NULL),(345,76,'yum!','0',141,'2020-05-18 00:00:00',269,'1',141,NULL,'2020-05-19 02:18:40','2020-05-19 02:18:40',NULL),(346,78,'Keep at it!','0',141,'2020-05-18 00:00:00',312,'1',141,NULL,'2020-05-19 02:21:20','2020-05-19 02:21:20',NULL),(347,60,'Okay, good to schedule this.','0',141,'2020-05-18 00:00:00',301,'1',141,NULL,'2020-05-19 02:22:32','2020-05-19 02:22:32',NULL),(348,95,'Sounds busy. I know you can get back on schedule. Congrats on the new house:)','0',141,'2020-05-18 00:00:00',300,'1',141,NULL,'2020-05-19 02:23:21','2020-05-19 02:23:21',NULL),(349,96,'Nice!','0',141,'2020-05-18 00:00:00',299,'1',141,NULL,'2020-05-19 02:23:46','2020-05-19 02:23:46',NULL),(350,40,'Yes, so many approaches to mental healthcare!','0',141,'2020-05-18 00:00:00',303,'1',141,NULL,'2020-05-19 02:24:55','2020-05-19 02:24:55',NULL),(351,104,'I was able to see other students\' attachments, so not an overall app issue Hopefully IT can help.','0',141,'2020-05-18 00:00:00',254,'1',141,NULL,'2020-05-19 02:26:36','2020-05-19 02:26:36',NULL),(352,46,'Thanks for including the attachment!','1',141,'2020-05-18 22:27:35',0,'1',141,NULL,'2020-05-19 02:27:35','2020-05-19 02:27:35',NULL),(353,70,'Way to keep reading!','2',141,'2020-05-18 22:28:12',0,'1',141,NULL,'2020-05-19 02:28:12','2020-05-19 02:28:12',NULL),(354,115,'Nice progress!','0',141,'2020-05-18 00:00:00',295,'1',141,NULL,'2020-05-19 02:28:39','2020-05-19 02:28:39',NULL),(355,116,'This is great-you are on track to meet your expected outcome!','0',141,'2020-05-18 00:00:00',297,'1',141,NULL,'2020-05-19 02:29:30','2020-05-19 02:29:30',NULL),(356,106,'I have not made progress with this goal yet.  I did decide to make a combined exercise and water log that I will attach once I have a full week filled in.  ','0',158,'2020-05-18 22:30:01',0,'1',158,NULL,'2020-05-19 02:30:01','2020-05-19 02:30:01',NULL),(357,25,'The quizzes are at the end of the articles. If you don\'t see it on the uploaded copy, you can pull it up in OT Practice archives, since you are a member:)','0',141,'2020-05-18 00:00:00',285,'1',141,NULL,'2020-05-19 02:31:16','2020-05-19 02:31:16',NULL),(358,119,'I slacked on the water consumption the past couple of days.. I drank around 50 oz each day. But am determined to reach at least 60 oz tomorrow!','0',165,'2020-05-18 22:31:27',0,'1',165,NULL,'2020-05-19 02:31:27','2020-05-19 02:31:27',NULL),(359,17,'At this time, our advocacy project has not been completed. My hope is that my group and I can come up with a rough plan soon on how we will accomplish this goal. ','0',158,'2020-05-18 22:32:04',0,'1',158,NULL,'2020-05-19 02:32:04','2020-05-19 02:32:04',NULL),(360,49,'The quizzes should be at the end of the article. If for some reason, it wasn\'t included, you can find the articles online at OT Practice.','0',141,'2020-05-18 00:00:00',284,'1',141,NULL,'2020-05-19 02:32:24','2020-05-19 02:32:24',NULL),(361,73,'Great!','0',141,'2020-05-18 00:00:00',281,'1',141,NULL,'2020-05-19 02:32:47','2020-05-19 02:32:47',NULL),(362,105,'I have not yet made progress towards this goal since it requires four consecutive weeks.  I combined my exercise and water log and will upload a picture once a full week is completed and fill','0',158,'2020-05-18 22:33:18',0,'1',158,NULL,'2020-05-19 02:33:18','2020-05-19 02:33:18',NULL),(363,120,'I mediated both Saturday & Sunday to finish off last week with 5 days of meditation. I am about to meditate before I go to bed tonight to start this week off strong!','0',165,'2020-05-18 22:33:26',0,'1',165,NULL,'2020-05-19 02:33:26','2020-05-19 02:33:26',NULL),(364,5,'Yes, your group is up to you.','0',141,'2020-05-18 00:00:00',307,'1',141,NULL,'2020-05-19 02:34:10','2020-05-19 02:34:10',NULL),(365,82,'Nice-I\'m glad that suggestion worked!','0',141,'2020-05-18 00:00:00',310,'1',141,NULL,'2020-05-19 02:35:21','2020-05-19 02:35:21',NULL),(366,65,'I have not yet made progress towards this goal.  I have skimmed through my choices but have not read an article in detail yet or completed a quiz.  I plan to do this the next class we do not ','0',158,'2020-05-18 22:35:59',0,'1',158,NULL,'2020-05-19 02:35:59','2020-05-19 02:35:59',NULL),(367,41,'I have not completed research on this topic yet.  ','0',158,'2020-05-18 22:36:29',0,'1',158,NULL,'2020-05-19 02:36:29','2020-05-19 02:36:29',NULL),(368,11,'No progress yet','0',152,'2020-05-18 22:49:02',0,'1',152,NULL,'2020-05-19 02:49:02','2020-05-19 02:49:02',NULL),(369,24,'I have not started working on this goal, but I will possibly work towards forming a group this week to begin thinking about this project.','0',165,'2020-05-18 22:49:32',0,'1',165,NULL,'2020-05-19 02:49:33','2020-05-19 02:49:33',NULL),(370,94,'I have drank at least 40 ounces of water for the past week. I have been keeping track in a water drinking app on my phone.','0',152,'2020-05-18 22:50:53',0,'1',152,NULL,'2020-05-19 02:50:53','2020-05-19 02:50:53',NULL),(371,72,'I have not started working on this goal yet, but I plan to read one article tomorrow after class to increase my knowledge in mental health.','0',165,'2020-05-18 22:51:08',0,'1',165,NULL,'2020-05-19 02:51:08','2020-05-19 02:51:08',NULL),(372,48,'I have not started working on this goal either, but I plan to read one article by the end of the week that will increase my knowledge in this area.','0',165,'2020-05-18 22:52:10',0,'1',165,NULL,'2020-05-19 02:52:11','2020-05-19 02:52:11',NULL),(373,93,'I have taken my meds 4 out of the past 7 days','0',152,'2020-05-18 22:52:15',0,'1',152,NULL,'2020-05-19 02:52:15','2020-05-19 02:52:15',NULL),(374,59,'On Friday I read the article about pediatric obesity and did the quiz.','1',152,'2020-05-18 22:52:58',0,'1',152,NULL,'2020-05-19 02:52:58','2020-05-19 02:52:58',NULL),(375,35,'I am thinking that the article I read about pediatric obesity would be an appropriate article to be included in this goal.','1',152,'2020-05-18 22:54:57',0,'1',152,NULL,'2020-05-19 02:54:57','2020-05-19 02:54:57',NULL),(376,112,'I am still inconsistently stretching.','0',161,'2020-05-18 23:19:34',0,'1',161,NULL,'2020-05-19 03:19:34','2020-05-19 03:19:34',NULL),(377,111,'I am now eating 1400 calories per week','0',161,'2020-05-18 23:20:07',0,'1',161,NULL,'2020-05-19 03:20:07','2020-05-19 03:20:07',NULL),(378,20,'I have not worked on creating an advocacy project yet','0',161,'2020-05-18 23:20:37',0,'1',161,NULL,'2020-05-19 03:20:37','2020-05-19 03:20:37',NULL),(379,7,'Since last class period I thought about who I might want to do my advocacy project with and also watched some Youtube videos to get some ideas of what I could do for the project. ','0',148,'2020-05-19 07:56:28',0,'1',148,NULL,'2020-05-19 11:56:28','2020-05-19 11:56:28',NULL),(380,86,'On Friday and Saturday, I only ate 1 fruit/vegetable, but went grocery shopping on Sunday and was able to get my 3 servings/day both Sunday and Monday. I will continue to monitor this goal.','0',148,'2020-05-19 07:57:08',0,'1',148,NULL,'2020-05-19 11:57:08','2020-05-19 11:57:08',NULL),(381,55,'The article I read this weekend was about interventions for pediatric feeding disorders. This article provided me with information about feeding interventions that I could potentially impleme','1',148,'2020-05-19 07:58:24',0,'1',148,NULL,'2020-05-19 11:58:24','2020-05-19 11:58:24',NULL),(382,10,'I have not started yet but soon I am going to reach out to a couple of classmates to see if they would be interested in working on creating a video together. ','0',151,'2020-05-19 07:58:29',0,'1',151,NULL,'2020-05-19 11:58:29','2020-05-19 11:58:29',NULL),(383,31,'Since last class period, I read the continuing education article “Opioid Guidelines and Their Implications for Occupational Therapy.” This article related to the current global issue of utili','1',148,'2020-05-19 07:59:03',0,'1',148,NULL,'2020-05-19 11:59:03','2020-05-19 11:59:03',NULL),(384,85,'On Friday I was able to drink 4 16 0z bottles of water, but only drank 3 16 0z bottles on Saturday and Sunday, and 2 16 oz on Monday. I will continue to track my intake in order to reach my g','0',148,'2020-05-19 07:59:30',0,'1',148,NULL,'2020-05-19 11:59:30','2020-05-19 11:59:30',NULL),(385,58,'I have not read anything yet but I plan on starting to read some articles over the long weekend!','0',151,'2020-05-19 08:00:24',0,'1',151,NULL,'2020-05-19 12:00:24','2020-05-19 12:00:24',NULL),(386,34,'I have not started to read for this yet but I am planning on reading a few articles for this over the long weekend as well. ','0',151,'2020-05-19 08:01:21',0,'1',151,NULL,'2020-05-19 12:01:21','2020-05-19 12:01:21',NULL),(387,92,'I only had one glass of water yesterday which will slightly delay my progress. With that said, I\'ve already had one glass of water this morning and started on a second, so I should be back on','0',151,'2020-05-19 08:04:14',0,'1',151,NULL,'2020-05-19 12:04:14','2020-05-19 12:04:14',NULL),(388,91,'I exercised on Saturday with a 20-mile bike ride which I hope counts towards my goal. For this current week, I exercised following the listed video yesterday. I\'m going to try and start exerc','0',151,'2020-05-19 08:06:29',0,'1',151,NULL,'2020-05-19 12:06:29','2020-05-19 12:06:29',NULL),(389,79,'5/14: 6 hours of sleep \r\n5/15: 6 hours of sleep \r\n5/16: 6 hours of sleep\r\n5/17: 5 hours of sleep \r\n5/18: 5 hours of sleep ','0',145,'2020-05-19 08:13:09',0,'1',145,NULL,'2020-05-19 12:13:09','2020-05-19 12:13:09',NULL),(390,13,'No progress ','0',154,'2020-05-19 08:14:56',0,'1',154,NULL,'2020-05-19 12:14:56','2020-05-19 12:14:56',NULL),(391,98,'Check In: I have continued to keep up on my daily water intake. ','0',154,'2020-05-19 08:16:13',0,'1',154,NULL,'2020-05-19 12:16:13','2020-05-19 12:16:13',NULL),(392,61,'No progress made','2',154,'2020-05-19 08:22:41',0,'1',154,NULL,'2020-05-19 12:22:41','2020-05-19 12:22:41',NULL),(393,28,'5/18: found an interesting article (did not yet read as I was preparing for an exam when I came across it)\r\nPlan: read article by 5/21','0',145,'2020-05-19 08:23:24',0,'1',145,NULL,'2020-05-19 12:23:24','2020-05-19 12:23:24',NULL),(394,37,'I read two articles about how OT is changing due to covid-19 and how future services can look. ','2',154,'2020-05-19 08:24:02',0,'1',154,NULL,'2020-05-19 12:24:02','2020-05-19 12:24:02',NULL),(395,80,'5/14: read 1 hour\r\n5/15: read .5 hours\r\n5/16: read 1 hours \r\n5/17: read 0 hours\r\n5/18: read 0 hours\r\n  \r\nChallenges: with work/homework load increasing I am having a hard time justifying read','0',145,'2020-05-19 08:25:40',0,'1',145,NULL,'2020-05-19 12:25:40','2020-05-19 12:25:40',NULL),(396,52,'Not yet begun\r\nPlan: will read at least one article by 5/21','0',145,'2020-05-19 08:27:08',0,'1',145,NULL,'2020-05-19 12:27:08','2020-05-19 12:27:08',NULL),(397,4,'Not yet begun ','0',145,'2020-05-19 08:33:48',0,'1',145,NULL,'2020-05-19 12:33:48','2020-05-19 12:33:48',NULL),(398,18,'No advocacy has been completed at this time. ','0',159,'2020-05-19 08:36:22',0,'1',159,NULL,'2020-05-19 12:36:22','2020-05-19 12:36:22',NULL),(399,36,'I haven\'t read another article since Thursday but I have time set aside on Wednesday to do so! I also uploaded my quiz from the last article as a screenshot here ?','1',153,'2020-05-19 08:36:26',0,'1',153,NULL,'2020-05-19 12:36:26','2020-05-19 12:36:26',NULL),(400,108,'Since last Thursday, I have been able to remain in contact with friends daily for at least 20 minutes a day. ','0',159,'2020-05-19 08:37:55',0,'1',159,NULL,'2020-05-19 12:37:55','2020-05-19 12:37:55',NULL),(401,66,'No research was completed on this topic at this time. ','0',159,'2020-05-19 08:38:33',0,'1',159,NULL,'2020-05-19 12:38:34','2020-05-19 12:38:34',NULL),(402,42,'I have continued to gain momentum with reading AOTA articles pertaining to global social issues with reading 2-3 additional articles/resources. ','2',159,'2020-05-19 08:40:25',0,'1',159,NULL,'2020-05-19 12:40:25','2020-05-19 12:40:25',NULL),(403,107,'. ','0',159,'2020-05-19 08:42:49',0,'1',159,NULL,'2020-05-19 12:42:49','2020-05-19 12:42:49',NULL),(404,107,'I have bought black-out curtains to increase the beneficial environment for my sleep. I have continually been sleeping with my phone not near enough to look at throughout the night. ','0',159,'2020-05-19 08:44:06',0,'1',159,NULL,'2020-05-19 12:44:06','2020-05-19 12:44:06',NULL),(405,107,'I keep a pad of paper beside my bed instead, so that I can remember all the things to do the next day that go through my head before I sleep (2-3 sleep hygiene changes). ','0',159,'2020-05-19 08:44:36',0,'1',159,NULL,'2020-05-19 12:44:36','2020-05-19 12:44:36',NULL),(406,6,'Still no progress made on this goal','0',147,'2020-05-19 08:55:05',0,'1',147,NULL,'2020-05-19 12:55:05','2020-05-19 12:55:05',NULL),(407,83,'I was doing so well drinking 3-4 glasses of water every day! It helps that I really like flavored sparkling water ? but unfortunately on Saturday I only drank about 2 glasses of water. So now','0',147,'2020-05-19 08:57:17',0,'1',147,NULL,'2020-05-19 12:57:17','2020-05-19 12:57:17',NULL),(408,54,'Still have not done any research on this topic','0',147,'2020-05-19 08:57:47',0,'1',147,NULL,'2020-05-19 12:57:47','2020-05-19 12:57:47',NULL),(409,30,'Still have not read any articles','0',147,'2020-05-19 08:58:43',0,'1',147,NULL,'2020-05-19 12:58:43','2020-05-19 12:58:43',NULL),(410,84,'My motivation has not been there to complete these activities! I am pretty good about exercising. I am all about running and high intensity cardio, but I need to motivate myself to stretch as','0',147,'2020-05-19 09:03:12',0,'1',147,NULL,'2020-05-19 13:03:12','2020-05-19 13:03:12',NULL),(411,104,'It works for me to attach other attachments such as pdfs or word documents but for some reason it will not let me attach a jpeg picture ','0',157,'2020-05-19 00:00:00',254,'1',157,NULL,'2020-05-19 13:07:47','2020-05-19 13:07:47',NULL),(412,114,'I have journaled 4 times thus far this week and hope to reach 5 by the end of the week. ','0',162,'2020-05-20 09:37:21',0,'1',162,NULL,'2020-05-20 13:37:21','2020-05-20 13:37:21',NULL),(413,113,'I have run 4 miles twice this week so far, and hope to run again on Friday. ','0',162,'2020-05-20 09:37:50',0,'1',162,NULL,'2020-05-20 13:37:50','2020-05-20 13:37:50',NULL),(414,69,'I read another article this week called, \"The Application of Motor Learning Strategies Within Functionally Based Interventions for Children with Neuromotor Conditions\".  I learned new strateg','2',162,'2020-05-20 09:42:22',0,'1',162,NULL,'2020-05-20 13:42:22','2020-05-20 13:42:22',NULL),(415,21,'My group hasn\'t started working on this project yet, but hope to soon.','0',162,'2020-05-20 09:43:25',0,'1',162,NULL,'2020-05-20 13:43:25','2020-05-20 13:43:25',NULL),(416,79,'Can you implement some strategy to increase hours of sleep?','0',141,'2020-05-20 09:45:37',0,'1',141,NULL,'2020-05-20 13:45:37','2020-05-20 13:45:37',NULL),(417,80,'Do you read for fun just before bed? That makes me tired so I can fall asleep earlier-which is your other goal.  Good idea about having book with you when donating plasma-good for you!','0',141,'2020-05-20 00:00:00',395,'1',141,NULL,'2020-05-20 13:47:18','2020-05-20 13:47:18',NULL),(418,83,'Do you have a sign posted somewhere in house to remind you before you get ready for bed, so you can get that extra water in if needed?','0',141,'2020-05-20 00:00:00',407,'1',141,NULL,'2020-05-20 13:49:40','2020-05-20 13:49:40',NULL),(419,45,'I have not read any more articles yet this week on global social issues, but plan to this weekend.','1',162,'2020-05-20 09:49:49',0,'1',162,NULL,'2020-05-20 13:49:49','2020-05-20 13:49:49',NULL),(420,84,'I know-I\'m the same way. Can you give yourself some kind of reward for each week you do this? Ask a friend to call you out on this-an accountability buddy?','0',141,'2020-05-20 00:00:00',410,'1',141,NULL,'2020-05-20 13:51:27','2020-05-20 13:51:27',NULL),(421,105,'Sounds like a good plan. You can keep track of your minutes in the comments section even though level not able to change yet.','0',141,'2020-05-20 00:00:00',362,'1',141,NULL,'2020-05-20 13:52:39','2020-05-20 13:52:39',NULL),(422,106,'Good idea!','0',141,'2020-05-20 00:00:00',356,'1',141,NULL,'2020-05-20 13:53:11','2020-05-20 13:53:11',NULL),(423,85,'I know it\'s hard to be consistent. Can you post a reminder somewhere in your house?','0',141,'2020-05-20 00:00:00',384,'1',141,NULL,'2020-05-20 13:54:47','2020-05-20 13:54:47',NULL),(424,117,'I forgot I changed it to 5/6 weeks! I have been keeping a record of  my progress and what I have been doing on my own so will continue to just make comments at 0. Wish there was a delete butt','0',164,'2020-05-20 10:02:09',0,'1',164,NULL,'2020-05-20 14:02:09','2020-05-20 14:02:09',NULL),(425,118,'I forgot I changed it to 5/6 weeks! I have been keeping a record of  my progress and what I have been doing on my own so will continue to just make comments at 0. Wish there was a delete butt','0',164,'2020-05-20 10:02:30',0,'1',164,NULL,'2020-05-20 14:02:30','2020-05-20 14:02:30',NULL),(426,23,'No changes, will be looking into this before next week','0',164,'2020-05-20 10:08:52',0,'1',164,NULL,'2020-05-20 14:08:52','2020-05-20 14:08:52',NULL),(427,19,'Still have not made progress on this goal! Will plan accordingly to form small group','0',160,'2020-05-20 13:50:21',0,'1',160,NULL,'2020-05-20 17:50:21','2020-05-20 17:50:21',NULL),(428,109,'Still continuing to stretch! So far I have stretched twice this week (Monday and Wednesday) right before bed. I wake up feeling less tight, which is a bonus!','0',160,'2020-05-20 13:52:13',0,'1',160,NULL,'2020-05-20 17:52:13','2020-05-20 17:52:13',NULL),(429,67,'I have been looking up an article to read this week. I plan to read the article by Friday.','0',160,'2020-05-20 13:53:08',0,'1',160,NULL,'2020-05-20 17:53:08','2020-05-20 17:53:08',NULL),(430,43,'I am looking at options for readings under eLearning- planning to read one this week!','0',160,'2020-05-20 13:55:50',0,'1',160,NULL,'2020-05-20 17:55:50','2020-05-20 17:55:50',NULL),(431,110,'I have not ran since Sunday to allow my foot to rest up. I plan to run Friday hopefully! I have been icing and resting quite a bit.','0',160,'2020-05-20 13:57:39',0,'1',160,NULL,'2020-05-20 17:57:39','2020-05-20 17:57:39',NULL),(432,87,'I have come up with a variety of journal prompts to choose from! This will make it easier for me to wake up and write in my journal.','0',149,'2020-05-20 19:07:51',0,'1',149,NULL,'2020-05-20 23:07:51','2020-05-20 23:07:51',NULL),(433,88,'I am still doing about 6000 steps. Hopefully if the weather stays good, I can get some more steps.','1',149,'2020-05-20 19:10:24',0,'1',149,NULL,'2020-05-20 23:10:24','2020-05-20 23:10:24',NULL),(434,8,'I have not started this yet!','0',149,'2020-05-20 19:11:40',0,'1',149,NULL,'2020-05-20 23:11:40','2020-05-20 23:11:40',NULL),(435,56,'I found an article, so I will complete one quiz by the next class!','0',149,'2020-05-20 19:12:44',0,'1',149,NULL,'2020-05-20 23:12:44','2020-05-20 23:12:44',NULL),(436,32,'I have read one article and just need to finish the quiz! ','0',149,'2020-05-20 19:13:39',0,'1',149,NULL,'2020-05-20 23:13:39','2020-05-20 23:13:39',NULL),(437,102,'5/19 I was able to run to the stairs on division in GR.  I ran the stairs 16 times and then ran home! It was a great workout and I am very sore today 5/20. Today, instead of running I did an ','0',156,'2020-05-20 19:29:30',0,'1',156,NULL,'2020-05-20 23:29:30','2020-05-20 23:29:30',NULL),(438,101,'I was able to write down my thoughts today (5/20) but I did not have time yesterday 5/19.  I plan to journal a few more times this week! ','0',156,'2020-05-20 19:31:18',0,'1',156,NULL,'2020-05-20 23:31:18','2020-05-20 23:31:18',NULL),(439,39,'I have not yet had the opportunity to read on global social issues and the impact my on healthcare professionals. As I have stated previously, I am very excited for when I am able to sit down','0',156,'2020-05-20 19:35:27',0,'1',156,NULL,'2020-05-20 23:35:27','2020-05-20 23:35:27',NULL),(440,63,'I was able to read an article on  sleep & dementia and how OTs are able to provide intervention for such.  I learned importance of not only providing intervention for the client but the careg','1',156,'2020-05-20 19:38:41',0,'1',156,NULL,'2020-05-20 23:38:41','2020-05-20 23:38:41',NULL),(441,15,'I have not had the opportunity to work toward this project yet, but I look forward to it! ','0',156,'2020-05-20 19:39:27',0,'1',156,NULL,'2020-05-20 23:39:27','2020-05-20 23:39:27',NULL),(442,81,'I initiated calling one more friend this week to ask about the Level 2 fieldwork she started today in actue care. I love having friends that I can chat about OT with! This bring my total call','0',146,'2020-05-20 20:17:42',0,'1',146,NULL,'2020-05-21 00:17:42','2020-05-21 00:17:42',NULL),(443,77,'I have stretched for 40 minutes so far this week!','0',144,'2020-05-20 21:02:31',0,'1',144,NULL,'2020-05-21 01:02:31','2020-05-21 01:02:31',NULL),(444,78,'I was able to get outside this week, so I have run 15 miles so far.','0',144,'2020-05-20 21:03:51',0,'1',144,NULL,'2020-05-21 01:03:51','2020-05-21 01:03:51',NULL),(445,27,'I have not read any articles yet but I plan on spending time tomorrow doing some research.','0',144,'2020-05-20 21:04:49',0,'1',144,NULL,'2020-05-21 01:04:49','2020-05-21 01:04:49',NULL),(446,51,'I have not read any articles yet but I plan on spending time tomorrow doing some research.','0',144,'2020-05-20 21:05:01',0,'1',144,NULL,'2020-05-21 01:05:01','2020-05-21 01:05:01',NULL),(447,3,'I have not worked on the project yet. I will reach out to my classmates tomorrow.','0',144,'2020-05-20 21:06:05',0,'1',144,NULL,'2020-05-21 01:06:05','2020-05-21 01:06:05',NULL),(448,17,'No advocacy project completed. ','0',158,'2020-05-20 22:12:48',0,'1',158,NULL,'2020-05-21 02:12:48','2020-05-21 02:12:48',NULL),(449,106,'Will post update on Sunday (5/24) for water log from this week. ','0',158,'2020-05-20 22:13:43',0,'1',158,NULL,'2020-05-21 02:13:43','2020-05-21 02:13:43',NULL),(450,105,'Will post update of exercise log this upcoming Sunday (5/24) for this week.  ','0',158,'2020-05-20 22:14:26',0,'1',158,NULL,'2020-05-21 02:14:26','2020-05-21 02:14:26',NULL),(451,65,'No research completed on this topic.  I plan to complete 1 reading by the end of next week.  ','0',158,'2020-05-20 22:15:09',0,'1',158,NULL,'2020-05-21 02:15:09','2020-05-21 02:15:09',NULL),(452,41,'Still at baseline, no research completed yet for this topic.  ','0',158,'2020-05-20 22:15:44',0,'1',158,NULL,'2020-05-21 02:15:44','2020-05-21 02:15:44',NULL),(453,79,'5/19: 6 hours\r\n5/20: 5 hours\r\nChallenge: getting hw done after work before bed & finishing up meetings with boss via FT soon enough \r\nPlan: find extra time to complete hw & ask boss if availa','0',145,'2020-05-20 22:33:36',0,'1',145,NULL,'2020-05-21 02:33:36','2020-05-21 02:33:36',NULL),(454,80,'5/19: read 1 hour\r\n5/20: read 1 hour','0',145,'2020-05-20 22:34:16',0,'1',145,NULL,'2020-05-21 02:34:16','2020-05-21 02:34:16',NULL),(455,28,'Linday, S., King, G., Klassen, A. F., Esses, V., & Stachel, M. (2012). Working with immigrant families raising a child with a disability: Challenges and recommendations for healthcare and com','0',145,'2020-05-20 22:45:01',0,'1',145,NULL,'2020-05-21 02:45:01','2020-05-21 02:45:01',NULL),(456,52,'Wolf, T. J., Polatajko, H., Baum, C., Rios, J., Cironce, D., Doherty, M., & McEwen, S. (2016). Combined cognitive-strategy and task-specific training affects cognition and upper-extremity fun','0',145,'2020-05-20 22:53:24',0,'1',145,NULL,'2020-05-21 02:53:24','2020-05-21 02:53:24',NULL),(457,4,'Not yet begun ','0',145,'2020-05-20 22:53:39',0,'1',145,NULL,'2020-05-21 02:53:39','2020-05-21 02:53:39',NULL),(458,119,'I have drank at least 60 oz of water the past two days.','0',165,'2020-05-21 07:56:05',0,'1',165,NULL,'2020-05-21 11:56:05','2020-05-21 11:56:05',NULL),(459,7,'I have not yet completed the advocacy project. Since last class period, April and I were texting about what we could possibly do for it. ','0',148,'2020-05-21 07:57:57',0,'1',148,NULL,'2020-05-21 11:57:57','2020-05-21 11:57:57',NULL),(460,86,'On Tuesday I was able to eat 2 servings of fruits/vegetables, but only ate 1 serving on Wednesday. I will continue to monitor my progress. ','0',148,'2020-05-21 07:58:36',0,'1',148,NULL,'2020-05-21 11:58:36','2020-05-21 11:58:36',NULL),(461,55,'I read a CE article this week about Ayre’s sensory integration as this will support me when working with pediatrics and those with feeding disorders. I also completed the quiz after reading t','2',148,'2020-05-21 08:00:09',0,'1',148,NULL,'2020-05-21 12:00:09','2020-05-21 12:00:09',NULL),(462,31,'So far, I have only read 1 CE article for global and social issues. I plan to read the article about adult obesity this weekend. ','1',148,'2020-05-21 08:00:32',0,'1',148,NULL,'2020-05-21 12:00:32','2020-05-21 12:00:32',NULL),(463,85,'I drank 3 16 oz bottles of water on Tuesday and 4 16 oz bottles on Wednesday. I will continue to track my intake in order to reach my goal. ','0',148,'2020-05-21 08:00:58',0,'1',148,NULL,'2020-05-21 12:00:58','2020-05-21 12:00:58',NULL),(464,120,'I have meditated 2x so far this week, my goal is to meditate at least 3 more times.','0',165,'2020-05-21 08:01:19',0,'1',165,NULL,'2020-05-21 12:01:20','2020-05-21 12:01:20',NULL),(465,72,'I did read an article to increase my knowledge in mental health on Tuesday. I plan to read another article by the end of the week (Sunday).','0',165,'2020-05-21 08:04:22',0,'1',165,NULL,'2020-05-21 12:04:22','2020-05-21 12:04:22',NULL),(466,48,'I have no yet read an article, but I plan to read one by the end of the week.','0',165,'2020-05-21 08:04:57',0,'1',165,NULL,'2020-05-21 12:04:57','2020-05-21 12:04:57',NULL),(467,72,'Should I have updated by progress to a 1 for reading this article? I also completed the competency quiz. It won\'t let me change it...','0',165,'2020-05-21 00:00:00',465,'1',165,NULL,'2020-05-21 12:06:01','2020-05-21 12:06:01',NULL),(468,18,'No advocacy has been completed at this time. ','0',159,'2020-05-21 08:43:05',0,'1',159,NULL,'2020-05-21 12:43:05','2020-05-21 12:43:05',NULL),(469,108,'As the week progressed, I had less time in my day structured to communicate and grow in my relationships. Even though that was the case, I was still able to remain in contact with friends dai','0',159,'2020-05-21 08:44:40',0,'1',159,NULL,'2020-05-21 12:44:40','2020-05-21 12:44:40',NULL),(470,66,'No research was completed on this topic at this time. ','0',159,'2020-05-21 08:45:43',0,'1',159,NULL,'2020-05-21 12:45:43','2020-05-21 12:45:43',NULL),(471,42,'No research was completed on this as the week progressed. There is less time in my schedule during the week to read additional articles because I am already reading for my class assignments. ','2',159,'2020-05-21 08:48:27',0,'1',159,NULL,'2020-05-21 12:48:27','2020-05-21 12:48:27',NULL),(472,42,'But on the weekends, I have more time to indulge in this material. ','2',159,'2020-05-21 08:48:36',0,'1',159,NULL,'2020-05-21 12:48:36','2020-05-21 12:48:36',NULL),(473,107,'I have been cutting down on my caffeine intake by 8 oz/daily and increased my exercise (on the days with warmer weather than 60 degrees F). ','0',159,'2020-05-21 08:50:23',0,'1',159,NULL,'2020-05-21 12:50:23','2020-05-21 12:50:23',NULL),(474,89,'5/19 (Tues) - 68 minutes\r\n5/20 (Wed) - 60 min','0',150,'2020-05-21 08:52:08',0,'1',150,NULL,'2020-05-21 12:52:08','2020-05-21 12:52:08',NULL),(475,33,'Have not started reading articles yet. ','0',150,'2020-05-21 08:52:42',0,'1',150,NULL,'2020-05-21 12:52:42','2020-05-21 12:52:42',NULL),(476,57,'Have not started yet. ','0',150,'2020-05-21 08:53:06',0,'1',150,NULL,'2020-05-21 12:53:06','2020-05-21 12:53:06',NULL),(477,90,'Still on track to move up to a 1!','0',150,'2020-05-21 08:53:30',0,'1',150,NULL,'2020-05-21 12:53:30','2020-05-21 12:53:30',NULL),(478,9,'Have not started yet. ','0',150,'2020-05-21 08:53:49',0,'1',150,NULL,'2020-05-21 12:53:49','2020-05-21 12:53:49',NULL),(479,2,'I still have not started this project ','0',143,'2020-05-21 08:59:24',0,'1',143,NULL,'2020-05-21 12:59:24','2020-05-21 12:59:24',NULL),(480,112,'I stretched 3 times this week after my workouts!','0',161,'2020-05-21 09:01:10',0,'1',161,NULL,'2020-05-21 13:01:10','2020-05-21 13:01:10',NULL),(481,111,'I am still eating 1400 calories this week!','0',161,'2020-05-21 09:01:47',0,'1',161,NULL,'2020-05-21 13:01:47','2020-05-21 13:01:47',NULL),(482,44,'I listened to a podcast on Tuesday about health behavior change and how to implement patient\'s in the rehab process. ','2',161,'2020-05-21 09:02:55',0,'1',161,NULL,'2020-05-21 13:02:55','2020-05-21 13:02:55',NULL),(483,24,'I formed a group to complete this assignment with.','0',165,'2020-05-21 09:03:07',0,'1',165,NULL,'2020-05-21 13:03:07','2020-05-21 13:03:07',NULL),(484,68,'I have listened to a podcast on implementing sensory based diet in the classrooms!','2',161,'2020-05-21 09:04:23',0,'1',161,NULL,'2020-05-21 13:04:23','2020-05-21 13:04:23',NULL),(485,20,'I have talked with potential group members about us working together but thats it.','0',161,'2020-05-21 09:04:58',0,'1',161,NULL,'2020-05-21 13:04:58','2020-05-21 13:04:58',NULL),(486,75,'Yesterday I enjoyed the sunshine and went on a walk/run around the city for one hour!','0',143,'2020-05-21 09:05:25',0,'1',143,NULL,'2020-05-21 13:05:25','2020-05-21 13:05:25',NULL),(487,50,'I have not completed any reading for research yet. ','0',143,'2020-05-21 09:06:20',0,'1',143,NULL,'2020-05-21 13:06:20','2020-05-21 13:06:20',NULL),(488,26,'I have not started reading research articles for global social issues yet. ','0',143,'2020-05-21 09:07:02',0,'1',143,NULL,'2020-05-21 13:07:02','2020-05-21 13:07:02',NULL),(489,76,'I have eaten a lot of sweets and comfort food the last few days but I am making salmon with rice, broccoli, and quinoa for dinner tonight. I still have the potential to get back on track for ','0',143,'2020-05-21 09:08:06',0,'1',143,NULL,'2020-05-21 13:08:06','2020-05-21 13:08:06',NULL),(490,6,'I have not chosen my small group yet as I do not know how large my group can be. I would like to start making progress on this.','0',147,'2020-05-21 09:12:12',0,'1',147,NULL,'2020-05-21 13:12:12','2020-05-21 13:12:12',NULL),(491,14,'This week I formed a group with Kayleigh, Jean and Fran.','0',155,'2020-05-21 09:14:04',0,'1',155,NULL,'2020-05-21 13:14:04','2020-05-21 13:14:04',NULL),(492,100,'This week I have completed one work out. ','0',155,'2020-05-21 09:14:41',0,'1',155,NULL,'2020-05-21 13:14:41','2020-05-21 13:14:41',NULL),(493,62,'Have not started yet.','0',155,'2020-05-21 09:15:07',0,'1',155,NULL,'2020-05-21 13:15:07','2020-05-21 13:15:07',NULL),(494,38,'Have not started yet.','0',155,'2020-05-21 09:15:31',0,'1',155,NULL,'2020-05-21 13:15:31','2020-05-21 13:15:31',NULL),(495,99,'This week I cooked two healthy lunches.','0',155,'2020-05-21 09:17:17',0,'1',155,NULL,'2020-05-21 13:17:17','2020-05-21 13:17:17',NULL),(496,30,'I have not done this yet, but I would like to listen to an AOTA podcast and take a quiz; however, I do not know where to find this resource. I think that would meet the requirement for this g','0',147,'2020-05-21 10:40:40',0,'1',147,NULL,'2020-05-21 14:40:40','2020-05-21 14:40:40',NULL),(497,54,'I have not looked up any related articles on neuropathies. We are starting to learn about the nerves more in depth in Upper Extremity now, so researching these might be more relevant now.','0',147,'2020-05-21 10:42:12',0,'1',147,NULL,'2020-05-21 14:42:12','2020-05-21 14:42:12',NULL),(498,84,'I still have not completed a pilates or yoga class. I need to set a specific day that I am going to do each. I think that would help rather than basing it on how I\'m feeling for the day becau','0',147,'2020-05-21 10:43:59',0,'1',147,NULL,'2020-05-21 14:43:59','2020-05-21 14:43:59',NULL),(499,11,'I have not yet prepared anything','0',152,'2020-05-21 10:54:24',0,'1',152,NULL,'2020-05-21 14:54:24','2020-05-21 14:54:24',NULL),(500,94,'This week I have been more mindful of increasing my water intake. So far I have had at least 50 ounces per day.','0',152,'2020-05-21 10:55:59',0,'1',152,NULL,'2020-05-21 14:55:59','2020-05-21 14:55:59',NULL),(501,93,'I didn\'t do so good this past weekend with taking my meds but I am going to try and take them the rest of the week.','0',152,'2020-05-21 10:57:09',0,'1',152,NULL,'2020-05-21 14:57:09','2020-05-21 14:57:09',NULL),(502,29,'I have read the required readings under the service delivery model tab, but have not read any additional articles on my own related to global healthcare practices and trends. ','0',146,'2020-05-21 10:57:12',0,'1',146,NULL,'2020-05-21 14:57:12','2020-05-21 14:57:12',NULL),(503,5,'I have not begun an advocacy project, but I did begin to look for group members. ','0',146,'2020-05-21 10:58:04',0,'1',146,NULL,'2020-05-21 14:58:04','2020-05-21 14:58:04',NULL),(504,59,'I have a list of articles that I have picked out and I plan on reading another one-two by the end of the week.','1',152,'2020-05-21 10:58:09',0,'1',152,NULL,'2020-05-21 14:58:09','2020-05-21 14:58:09',NULL),(505,35,'I have a list of articles picked out that I believe fit into this goal and I plan on reading at least one by the end of the week.','1',152,'2020-05-21 10:58:50',0,'1',152,NULL,'2020-05-21 14:58:50','2020-05-21 14:58:50',NULL),(506,53,'I have read one article related to SI and completed the competency quiz. It is such an interesting topic and I cannot wait to learn more!','1',146,'2020-05-21 10:59:01',0,'1',146,NULL,'2020-05-21 14:59:01','2020-05-21 14:59:01',NULL),(507,82,'Since Sunday, I have woken up 3 more times at or before 8AM. I am getting my body used to waking up at this time again!','0',146,'2020-05-21 11:00:32',0,'1',146,NULL,'2020-05-21 15:00:32','2020-05-21 15:00:32',NULL),(508,16,'I have a better understanding of what this project is after reading the rubric and syllabus ','0',157,'2020-05-21 11:22:53',0,'1',157,NULL,'2020-05-21 15:22:53','2020-05-21 15:22:53',NULL),(509,103,'I have been continuously drinking 3 water bottles a day. One in the morning, one at lunch, and one at dinner. And every now and then I\'ll have another bottle sporadically throughout the day. ','0',157,'2020-05-21 11:26:10',0,'1',157,NULL,'2020-05-21 15:26:10','2020-05-21 15:26:10',NULL),(510,64,'Read the article on the OT profile in early intervention. This is pertinent to pediatric DS because most will need EI  services and since DS individuals can be nonverbal, the OT profile is us','1',157,'2020-05-21 11:33:46',0,'1',157,NULL,'2020-05-21 15:33:46','2020-05-21 15:33:46',NULL),(511,40,'I read the article on cultural interpreters. This is a very important service that MUST be provided to the client who doesn\'t speak or comprehend english that well to ensure that as the OT yo','1',157,'2020-05-21 11:37:50',0,'1',157,NULL,'2020-05-21 15:37:50','2020-05-21 15:37:50',NULL),(512,104,'learned how to make a whale. There was a lot of little folds on this figure and i found the tail the most challenging part. Still figuring out how to up load a picture, it still wont let me. ','0',157,'2020-05-21 11:39:59',0,'1',157,NULL,'2020-05-21 15:39:59','2020-05-21 15:39:59',NULL),(513,92,'On Tuesday (5/19) I had 4 glasses of water and on Wednesday (5/20) I had 3 glasses of water. I haven\'t had water yet today but plan on drinking at least 2 glasses so I can maintain progress. ','0',151,'2020-05-21 13:51:29',0,'1',151,NULL,'2020-05-21 17:51:29','2020-05-21 17:51:29',NULL),(514,91,'Looks like my comment got cut off but should read \"start exercising at a consistent time to make it part of my routine\" ','0',151,'2020-05-21 13:52:49',388,'1',151,NULL,'2020-05-21 17:52:49','2020-05-21 17:52:49',NULL),(515,91,'I did not exercise on Tuesday but followed another one of the listed videos yesterday (5/20).  ','0',151,'2020-05-21 13:54:04',0,'1',151,NULL,'2020-05-21 17:54:04','2020-05-21 17:54:04',NULL),(516,10,'I talked about the project with some classmates but do not have a group formed yet. ','0',151,'2020-05-21 13:54:50',0,'1',151,NULL,'2020-05-21 17:54:50','2020-05-21 17:54:50',NULL),(517,58,'Still planning on reading some articles this weekend. Looking forward to getting started. ','0',151,'2020-05-21 13:55:29',0,'1',151,NULL,'2020-05-21 17:55:29','2020-05-21 17:55:29',NULL),(518,34,'Still planning on reading some articles this weekend!','0',151,'2020-05-21 13:55:56',0,'1',151,NULL,'2020-05-21 17:55:56','2020-05-21 17:55:56',NULL),(519,83,'I put some water bottles by my bed to remind me to drink some water right before I go to bed. It has been effective so far. I drank 5-6 glasses of water on Tuesday and Wednesday. This places me at 4 consecutive days for drinking 3-4 glasses of water or 2 ','0',147,'2020-05-21 15:13:21',0,'1',147,NULL,'2020-05-21 19:13:21','2020-05-21 19:13:21',NULL),(520,22,'I    have created a group of my peers to create an eventual video with','0',163,'2020-05-21 21:35:18',0,'1',163,NULL,'2020-05-22 01:35:18','2020-05-22 01:35:18',NULL),(521,116,'I    have continued to drink at least 80oz of water every day','0',163,'2020-05-21 21:35:54',0,'1',163,NULL,'2020-05-22 01:35:54','2020-05-22 01:35:54',NULL),(522,12,'Torie and I decided to partner up for this project! We haven\'t come up with anything concrete but deciding to work together is still a bit of progress!','0',153,'2020-05-21 21:36:10',0,'1',153,NULL,'2020-05-22 01:36:10','2020-05-22 01:36:10',NULL),(523,70,'I    have not read any more articles this week','2',163,'2020-05-21 21:36:20',0,'1',163,NULL,'2020-05-22 01:36:20','2020-05-22 01:36:20',NULL),(524,46,'I    have not read anymore articles this week ','1',163,'2020-05-21 21:36:55',0,'1',163,NULL,'2020-05-22 01:36:55','2020-05-22 01:36:55',NULL),(525,115,'I    walked 4 miles today, I    hope to walk at least twice more this week before the weather gets bad','0',163,'2020-05-21 21:37:39',0,'1',163,NULL,'2020-05-22 01:37:39','2020-05-22 01:37:39',NULL),(526,60,'I didn\'t read any additional articles in full, but did make a list of potential sources to read/listen to on Friday ☺️\r\nI did read the article on the community built model which does apply to my fieldwork at Mel Trotter!','1',153,'2020-05-21 21:41:11',0,'1',153,NULL,'2020-05-22 01:41:11','2020-05-22 01:41:11',NULL),(527,36,'I ended up not reading another article on Wednesday because I read the required readings for class on Thursday and studied for an upper extremity quiz. The plan is to read at least one more between now and Sunday!','1',153,'2020-05-21 21:43:42',0,'1',153,NULL,'2020-05-22 01:43:42','2020-05-22 01:43:42',NULL),(528,95,'I have journaled 2 times so far this week! On track for more ?','0',153,'2020-05-21 21:44:15',0,'1',153,NULL,'2020-05-22 01:44:15','2020-05-22 01:44:15',NULL),(529,96,'I have worked out and gone for walks 3 times so far this week which is putting me on track to hit my goal of 7,000 steps a day.','0',153,'2020-05-21 21:45:36',0,'1',153,NULL,'2020-05-22 01:45:36','2020-05-22 01:45:36',NULL),(530,1,'Difficult to find credible sources on OT with COVID-19... still undecided on topic. ','0',142,'2020-05-22 00:03:51',0,'1',142,NULL,'2020-05-22 04:03:51','2020-05-22 04:03:51',NULL),(531,74,'This week thus far I have incorporated spinach into either my breakfast with egg whites, or lunch and dinner with some form of salad!','1',142,'2020-05-22 00:05:44',0,'1',142,NULL,'2020-05-22 04:05:44','2020-05-22 04:05:44',NULL),(532,49,'No additional articles have been read regarding Hand Therapy. ','0',142,'2020-05-22 00:07:01',0,'1',142,NULL,'2020-05-22 04:07:01','2020-05-22 04:07:01',NULL),(533,25,'No research has been completed on this top thus far. ','0',142,'2020-05-22 00:08:01',0,'1',142,NULL,'2020-05-22 04:08:01','2020-05-22 04:08:01',NULL),(534,73,'Tuesday - went on 35min run and did 15min of arm exercises!\r\nWednesday - Went on 2.5 mile run, did 20 up and down hills, took Jax for a 15min walk\r\nThursday - ran 1.5 miles, did leg exercises','0',142,'2020-05-22 00:12:46',0,'1',142,NULL,'2020-05-22 04:12:46','2020-05-22 04:12:46',NULL),(535,126,'I find that I don\'t like the remote meetings.  I am anxious to be able to go to meetings in person again.?','0',175,'2020-05-22 13:52:35',0,'1',175,NULL,'2020-05-22 17:52:35','2020-05-22 17:52:35',NULL),(536,126,'I went to one NA meeting, but the people there were asking me questions about my methadone program, and I wasn\'t sure what to say.','1',175,'2020-05-22 13:53:34',0,'1',175,NULL,'2020-05-22 17:53:34','2020-05-22 17:53:34',NULL),(537,126,'Tried a couple of meetings last week, and I think I might have found a sponsor at a SMART Recovery Meeting.  I am feeling hopeful.','2',175,'2020-05-22 13:57:36',0,'1',175,NULL,'2020-05-22 17:57:36','2020-05-22 17:57:36',NULL),(538,126,'Thanks for calling that our Patrick.  You are using methadone as a medicine to assist your recovery.  You have nothing to apologize for.','0',170,'2020-05-22 14:01:47',536,'1',170,NULL,'2020-05-22 18:01:47','2020-05-22 18:01:47',NULL),(539,126,'Great work keeping after it Patrick.  I\'m glad you were willing to try out SMART Recovery.','2',170,'2020-05-22 14:14:01',0,'1',170,NULL,'2020-05-22 18:14:01','2020-05-22 18:14:01',NULL),(540,113,'Overall, this past week I have run 4 miles 3 different days. I ran on Monday, Wednesday, and Friday and have been improving on my pace each time. ','0',162,'2020-05-23 14:41:25',0,'1',162,NULL,'2020-05-23 18:41:25','2020-05-23 18:41:25',NULL),(541,114,'I have journal 7 days in a row this week and hope to continue doing this. It really helped that I bought a journal to use so that I am more consistent with it. ','0',162,'2020-05-23 14:42:23',0,'1',162,NULL,'2020-05-23 18:42:23','2020-05-23 18:42:23',NULL),(542,21,'I have not started working on this project quite yet. ','0',162,'2020-05-23 14:42:47',0,'1',162,NULL,'2020-05-23 18:42:47','2020-05-23 18:42:47',NULL),(543,69,' I read another article on motor learning called \"The Effect of Occupational Therapy on the Efficiency of Children with Motor/Learning Difficulties: A Pilot Study\". I am now at 3 articles. ','2',162,'2020-05-23 14:45:49',0,'1',162,NULL,'2020-05-23 18:45:49','2020-05-23 18:45:49',NULL),(544,45,'I have not read any more articles yet on global social issues, but hope to after the holiday weekend. ','1',162,'2020-05-23 14:46:52',0,'1',162,NULL,'2020-05-23 18:46:52','2020-05-23 18:46:52',NULL),(545,85,'I set a reminder for myself on my whiteboard in order to keep consistency and was able to drink 4 16 oz bottles Thursday, Friday, and Saturday. ','0',148,'2020-05-24 08:02:57',0,'1',148,NULL,'2020-05-24 12:02:57','2020-05-24 12:02:57',NULL),(546,31,'Since last class period I was able to read the CE article about adult obesity and will complete the quiz today. I also read a pediatric article about obesity, which was interesting. ','2',148,'2020-05-24 08:04:55',0,'1',148,NULL,'2020-05-24 12:04:55','2020-05-24 12:04:55',NULL),(547,55,'I wasn\'t able to read anymore articles regarding pediatrics or feeding disorders, but I  will read 1-2 additional articles by next class period. ','2',148,'2020-05-24 08:06:43',0,'1',148,NULL,'2020-05-24 12:06:43','2020-05-24 12:06:43',NULL),(548,86,'I have been maintaining more consistency with this goal. On Thursday I had 2 servings of fruits/vegetables, but was able to maintain 3 servings on Friday, Saturday, and hopefully Sunday. ','0',148,'2020-05-24 08:08:03',0,'1',148,NULL,'2020-05-24 12:08:03','2020-05-24 12:08:03',NULL),(549,7,'So far, I have not been able to complete the advocacy project. I plan to complete this with April and possibly another student. ','0',148,'2020-05-24 08:11:36',0,'1',148,NULL,'2020-05-24 12:11:36','2020-05-24 12:11:36',NULL),(550,24,'Now that I have formed my group, I will connect with my group members this week to plan a day to meet virtually to  discuss this assignment.','0',165,'2020-05-24 09:58:46',0,'1',165,NULL,'2020-05-24 13:58:46','2020-05-24 13:58:46',NULL),(551,119,'I have drank at least 60 oz of water everyday since I posted my last update.','0',165,'2020-05-24 09:59:52',0,'1',165,NULL,'2020-05-24 13:59:52','2020-05-24 13:59:52',NULL),(552,72,'I have read 2 more articles to increase my knowledge in mental health since my last update. Therefore, I have read 3 additional articles total thus far.','2',165,'2020-05-24 10:01:51',0,'1',165,NULL,'2020-05-24 14:01:51','2020-05-24 14:01:51',NULL),(553,48,'I read the required articles for class on Thursday that increased my knowledge of global social issues impacting healthcare practices, but I am not sure if those count for this goal...','0',165,'2020-05-24 10:03:46',0,'1',165,NULL,'2020-05-24 14:03:46','2020-05-24 14:03:46',NULL),(554,48,'I plan to read an additional article by tomorrow night.','0',165,'2020-05-24 10:04:02',553,'1',165,NULL,'2020-05-24 14:04:02','2020-05-24 14:04:02',NULL),(555,120,'I have only meditated 1x since my last update, but plan to meditate 1x today, which will total to 4x this week.','0',165,'2020-05-24 10:06:55',0,'1',165,NULL,'2020-05-24 14:06:55','2020-05-24 14:06:55',NULL),(556,16,'Still conversing with group. ','0',157,'2020-05-24 10:51:45',0,'1',157,NULL,'2020-05-24 14:51:45','2020-05-24 14:51:45',NULL),(557,103,'After keeping track of my water consumption, today marks the accomplishment of drinking 3-4, 750ml water bottles every day of the week.  1 week down, at least 3 more to go!?','0',157,'2020-05-24 10:55:30',0,'1',157,NULL,'2020-05-24 14:55:30','2020-05-24 14:55:30',NULL),(558,64,'useful ','0',157,'2020-05-24 11:00:29',510,'1',157,NULL,'2020-05-24 15:00:29','2020-05-24 15:00:29',NULL),(559,125,'I only drank 4 nights last week even with the holiday weekend.','1',175,'2020-05-24 11:12:49',0,'1',175,NULL,'2020-05-24 15:12:49','2020-05-24 15:12:49',NULL),(560,104,'bowtie 2 ','0',157,'2020-05-24 11:18:06',96,'1',157,NULL,'2020-05-24 15:18:06','2020-05-24 15:18:06',NULL),(561,104,'learned to make a shark. It was very similar to making a whale just with a dorsal fin added. Called IT support about the pictures, still figuring it out. ','0',157,'2020-05-24 11:26:07',0,'1',157,NULL,'2020-05-24 15:26:07','2020-05-24 15:26:07',NULL),(562,117,'making progress with this and keeping record of it ','0',164,'2020-05-24 11:57:26',0,'1',164,NULL,'2020-05-24 15:57:26','2020-05-24 15:57:26',NULL),(563,47,'Im not sure if this counts, but for my work I have to do monthly training so I did May & Junes which was on changing privacy and protection for our patients using an EMR & infectious disease','2',164,'2020-05-24 11:58:46',0,'1',164,NULL,'2020-05-24 15:58:46','2020-05-24 15:58:46',NULL),(564,71,'read an article on  community based OT for the homeless population, also read an additional article on the lives of homeless children','2',164,'2020-05-24 11:59:52',0,'1',164,NULL,'2020-05-24 15:59:52','2020-05-24 15:59:52',NULL),(565,118,'still making progress and keeping record of it.','0',164,'2020-05-24 12:00:12',0,'1',164,NULL,'2020-05-24 16:00:12','2020-05-24 16:00:12',NULL),(566,23,'no changes','0',164,'2020-05-24 12:00:28',0,'1',164,NULL,'2020-05-24 16:00:28','2020-05-24 16:00:28',NULL),(567,14,'We still have not begun this project. Hoping for a rubric to provide some direction for this project.','0',155,'2020-05-24 12:50:43',0,'1',155,NULL,'2020-05-24 16:50:43','2020-05-24 16:50:43',NULL),(568,100,'This week I was able to find the time to complete two workouts. ','0',155,'2020-05-24 12:52:04',0,'1',155,NULL,'2020-05-24 16:52:04','2020-05-24 16:52:04',NULL),(569,62,'This week I read Applying the Person-Environment Occupation\r\nModel to Improve Dementia Care article to help increase my knowledge in geriatrics for my level 1. ','1',155,'2020-05-24 12:57:08',0,'1',155,NULL,'2020-05-24 16:57:08','2020-05-24 16:57:08',NULL),(570,38,'As part of class this week I read \r\nCommunity-Built Occupational Therapy Services for Those Who Are Homeless\r\nand took the corresponding quiz.','1',155,'2020-05-24 13:00:04',0,'1',155,NULL,'2020-05-24 17:00:04','2020-05-24 17:00:04',NULL),(571,99,'This week I cooked two healthy lunches. ','0',155,'2020-05-24 13:03:32',0,'1',155,NULL,'2020-05-24 17:03:32','2020-05-24 17:03:32',NULL),(572,77,'I ended last week with a total of 50 minutes of stretching. I have only done 10 minutes of stretching today (start of new week).','0',144,'2020-05-24 13:33:52',0,'1',144,NULL,'2020-05-24 17:33:52','2020-05-24 17:33:52',NULL),(573,78,'My total mileage for last week was 15 miles. I have completed 5 miles today (starting new week).','0',144,'2020-05-24 13:34:54',0,'1',144,NULL,'2020-05-24 17:34:54','2020-05-24 17:34:54',NULL),(574,27,'I have not read any articles yet.','0',144,'2020-05-24 13:35:30',0,'1',144,NULL,'2020-05-24 17:35:30','2020-05-24 17:35:30',NULL),(575,51,'I have not read any articles yet.','0',144,'2020-05-24 13:35:51',0,'1',144,NULL,'2020-05-24 17:35:51','2020-05-24 17:35:51',NULL),(576,3,'I have talked with some classmates about forming a group, but I haven\'t worked on the project yet.','0',144,'2020-05-24 13:36:27',0,'1',144,NULL,'2020-05-24 17:36:27','2020-05-24 17:36:27',NULL),(577,104,'shark Pic ','0',157,'2020-05-24 13:46:38',561,'1',157,NULL,'2020-05-24 17:46:38','2020-05-24 17:46:38',NULL),(578,43,'Earlier this week we read the \"Community-build OT Services for Those Who are Homeless\", I realized this was also included in the CE articles, and reread this article and took the quiz.','1',160,'2020-05-24 16:53:57',0,'1',160,NULL,'2020-05-24 20:53:57','2020-05-24 20:53:57',NULL),(579,19,'I have a small group formed with Hannah G and Kylie S. I am excited to work with them!','0',160,'2020-05-24 16:54:40',0,'1',160,NULL,'2020-05-24 20:54:40','2020-05-24 20:54:40',NULL),(580,2,'I have not begun the advocacy project yet, but I have talked with other classmates and we have formed our small group for this project.','0',143,'2020-05-24 16:55:46',0,'1',143,NULL,'2020-05-24 20:55:46','2020-05-24 20:55:46',NULL),(581,109,'Continuing to see progress and I have stretched 4x this week (mon,wed,fri,sun). No changes really noticed (yet)!','0',160,'2020-05-24 16:55:58',0,'1',160,NULL,'2020-05-24 20:55:58','2020-05-24 20:55:58',NULL),(582,76,'I made salmon with quinoa and broccoli on Thursday and made chicken with brussel sprouts yesterday. I made enough to have 2 meals of each which makes it easier to eat healthier!','0',143,'2020-05-24 16:58:10',0,'1',143,NULL,'2020-05-24 20:58:11','2020-05-24 20:58:11',NULL),(583,75,'Yesterday I went to a new park and went on a 2 mile walk/run. I would like to do more strength training at home so I plan on adding in more of that this week!','0',143,'2020-05-24 17:00:23',0,'1',143,NULL,'2020-05-24 21:00:23','2020-05-24 21:00:23',NULL),(584,50,'I have not done extra research or read pediatric articles yet','0',143,'2020-05-24 17:01:49',0,'1',143,NULL,'2020-05-24 21:01:49','2020-05-24 21:01:49',NULL),(585,26,'I  read one article and completed the associated competency quiz on Friday!','1',143,'2020-05-24 17:02:48',0,'1',143,NULL,'2020-05-24 21:02:48','2020-05-24 21:02:48',NULL),(586,67,'We are currently learning about burns and wounds in our UE course, and I found this great article for more information. This is a clinical review article, and did not have a quiz after.','0',160,'2020-05-24 17:08:41',0,'1',160,NULL,'2020-05-24 21:08:41','2020-05-24 21:08:41',NULL),(587,110,'This week I ran 7 miles on Friday and Sunday (today). I felt pretty good about it, but running the last mile today was rough because of the heat!','0',160,'2020-05-24 17:10:08',0,'1',160,NULL,'2020-05-24 21:10:08','2020-05-24 21:10:08',NULL),(588,92,'On 5/20 I had 3 glasses of water. 5/21 and 22 I had 2 glasses of water. 5/23 I had 3 glasses of water and am at 2 glasses of water today (5/24). ','0',151,'2020-05-24 17:19:37',0,'1',151,NULL,'2020-05-24 21:19:37','2020-05-24 21:19:37',NULL),(589,91,'I completed one of the listed exercises on 5/23. That gives me a total of 3 for last week. I haven\'t exercised today because I was helping with yard work but I should have time tomorrow. ','0',151,'2020-05-24 17:22:24',0,'1',151,NULL,'2020-05-24 21:22:24','2020-05-24 21:22:24',NULL),(590,10,'No current updates for this goal. Hopefully, I\'ll have something new with the next one. ','0',151,'2020-05-24 17:23:03',0,'1',151,NULL,'2020-05-24 21:23:03','2020-05-24 21:23:03',NULL),(591,58,'I selected my first article and plan on reading it tomorrow!','0',151,'2020-05-24 17:25:33',0,'1',151,NULL,'2020-05-24 21:25:33','2020-05-24 21:25:33',NULL),(592,34,'I selected my first article for this as well. Lots of reading to do tomorrow!','0',151,'2020-05-24 17:26:41',0,'1',151,NULL,'2020-05-24 21:26:41','2020-05-24 21:26:41',NULL),(593,102,'The week of 5/18-5/24 I was able to run 5 times! I was really sore part of the week from running too many sets of stairs. So, I had to do different workouts/ just rest. ','0',156,'2020-05-24 17:32:23',0,'1',156,NULL,'2020-05-24 21:32:23','2020-05-24 21:32:23',NULL),(594,101,'5/18-5/24 This week I was able to sit down and journal 3 times!  I am loving being able to clear my head by writing my thoughts down on paper. The alarm reminder is helping me a ton!','0',156,'2020-05-24 17:34:00',0,'1',156,NULL,'2020-05-24 21:34:00','2020-05-24 21:34:00',NULL),(595,63,'5/18-5/24 I was able to read one article to work toward increasing my knowledge in Geriatric practices in preparation for level I fieldwork. The article and quiz is in my previous update.','1',156,'2020-05-24 17:36:36',0,'1',156,NULL,'2020-05-24 21:36:36','2020-05-24 21:36:36',NULL),(596,15,'I have not had a chance to work toward this advocacy project just yet but in the coming weeks I will! I look forward to it. ','0',156,'2020-05-24 17:37:43',0,'1',156,NULL,'2020-05-24 21:37:43','2020-05-24 21:37:43',NULL),(597,13,'No progress made','0',154,'2020-05-24 18:15:56',0,'1',154,NULL,'2020-05-24 22:15:56','2020-05-24 22:15:56',NULL),(598,98,'Continued to meet daily intake each day. Keeping track in note book. ','0',154,'2020-05-24 18:16:47',0,'1',154,NULL,'2020-05-24 22:16:47','2020-05-24 22:16:47',NULL),(599,97,'I weighed 190.2. I found out I have a \"mallet finger\" and have a cast which has slightly limited what Ive been able to do, but I made modifications. ','1',154,'2020-05-24 18:19:37',0,'1',154,NULL,'2020-05-24 22:19:37','2020-05-24 22:19:37',NULL),(600,61,'I have read a total of 3 articles for Lvl 1 hand therapy','2',154,'2020-05-24 18:21:01',0,'1',154,NULL,'2020-05-24 22:21:01','2020-05-24 22:21:01',NULL),(601,37,'Read 2 more articles. 4 total. ','3',154,'2020-05-24 18:22:20',0,'1',154,NULL,'2020-05-24 22:22:20','2020-05-24 22:22:20',NULL),(602,39,'I was able to read a great article on homelessness and OT services for homeless populations. This was very educational and helped me better understand this global social issue. ','1',156,'2020-05-24 18:33:18',0,'1',156,NULL,'2020-05-24 22:33:18','2020-05-24 22:33:18',NULL),(603,22,'I  have not made any further progress towards this goal','0',163,'2020-05-24 19:15:34',0,'1',163,NULL,'2020-05-24 23:15:35','2020-05-24 23:15:35',NULL),(604,116,'I have continued to drink at least 80oz of water every day','0',163,'2020-05-24 19:16:13',0,'1',163,NULL,'2020-05-24 23:16:13','2020-05-24 23:16:13',NULL),(605,115,'This week I walked at least 4 miles 3 times','0',163,'2020-05-24 19:16:39',0,'1',163,NULL,'2020-05-24 23:16:39','2020-05-24 23:16:39',NULL),(606,46,'I  read the article \"Managing Obesity in Adults: A Role for Occupational Therapists\"','2',163,'2020-05-24 19:57:53',0,'1',163,NULL,'2020-05-24 23:57:53','2020-05-24 23:57:53',NULL),(607,70,'I    did not complete anything for this goal this week','2',163,'2020-05-24 19:58:12',0,'1',163,NULL,'2020-05-24 23:58:12','2020-05-24 23:58:12',NULL),(608,87,'I added a picture of the journal I ended up buying. I journal-ed a few times this week, so I am making good progress. ','0',149,'2020-05-24 20:41:51',0,'1',149,NULL,'2020-05-25 00:41:51','2020-05-25 00:41:51',NULL),(609,88,'I did a lot of walking with my boyfriend and dog this weekend. We hit about 8000 steps a day.','2',149,'2020-05-24 20:42:58',0,'1',149,NULL,'2020-05-25 00:42:58','2020-05-25 00:42:58',NULL),(610,32,'I read the article on sleep and dementia! I have worked with a lot of people who have dementia and have always been interested in that topic. ','1',149,'2020-05-24 20:43:57',0,'1',149,NULL,'2020-05-25 00:43:57','2020-05-25 00:43:57',NULL),(611,81,'I called a total of 4 friends the week of 5/17-5/23. It has been great catching up with friends. ','0',146,'2020-05-24 20:44:23',0,'1',146,NULL,'2020-05-25 00:44:23','2020-05-25 00:44:23',NULL),(612,56,'I have not yet completed an article and quiz for this goal. I have been distracted getting used to working again. ','0',149,'2020-05-24 20:44:47',0,'1',149,NULL,'2020-05-25 00:44:47','2020-05-25 00:44:47',NULL),(613,5,'I have not begun an advocacy project.','0',146,'2020-05-24 20:44:48',0,'1',146,NULL,'2020-05-25 00:44:48','2020-05-25 00:44:48',NULL),(614,8,'I have not started this yet ','0',149,'2020-05-24 20:45:06',0,'1',149,NULL,'2020-05-25 00:45:06','2020-05-25 00:45:06',NULL),(615,53,'I have not read any additional SI articles this week.','1',146,'2020-05-24 20:45:18',0,'1',146,NULL,'2020-05-25 00:45:18','2020-05-25 00:45:18',NULL),(616,29,'I have not read any additional articles yet, however my goal is to read at least one by next Sunday. ','0',146,'2020-05-24 20:46:04',0,'1',146,NULL,'2020-05-25 00:46:04','2020-05-25 00:46:04',NULL),(617,82,'I woke up before 8AM 4/5 weekdays the week of 5/17-5/23','0',146,'2020-05-24 20:46:58',0,'1',146,NULL,'2020-05-25 00:46:58','2020-05-25 00:46:58',NULL),(618,79,'5/21: 6 hours\r\n5/22: 7 hours\r\n5/23: 7 hours','0',145,'2020-05-24 22:13:09',0,'1',145,NULL,'2020-05-25 02:13:09','2020-05-25 02:13:09',NULL),(619,80,'5/21: 1 hour\r\n5/22: 1 hour\r\n5/23: 1 hour\r\n5/24: 3 hours','0',145,'2020-05-24 22:14:30',0,'1',145,NULL,'2020-05-25 02:14:30','2020-05-25 02:14:30',NULL),(620,28,'No articles read','0',145,'2020-05-24 22:15:38',0,'1',145,NULL,'2020-05-25 02:15:38','2020-05-25 02:15:38',NULL),(621,52,'No articles read','0',145,'2020-05-24 22:16:06',0,'1',145,NULL,'2020-05-25 02:16:06','2020-05-25 02:16:06',NULL),(622,4,'Not yet begun','0',145,'2020-05-24 22:16:26',0,'1',145,NULL,'2020-05-25 02:16:26','2020-05-25 02:16:26',NULL),(623,11,'I briefly discussed the assignment with a classmate but have not created any content','0',152,'2020-05-24 22:50:58',0,'1',152,NULL,'2020-05-25 02:50:59','2020-05-25 02:50:59',NULL),(624,94,'I have been continuing to track my water intake with the app on my phone. The warm weather has helped me keep my thirst for water high, and made it easier to keep my intake up.','0',152,'2020-05-24 22:53:20',0,'1',152,NULL,'2020-05-25 02:53:20','2020-05-25 02:53:20',NULL),(625,93,'I continue to track my compliance on my phone. I have discovered that it is much harder for me to remember to take them on the weekends. I hope to find a possible solution for this.','0',152,'2020-05-24 22:54:48',0,'1',152,NULL,'2020-05-25 02:54:48','2020-05-25 02:54:48',NULL),(626,59,'I read an additional article this weekend.','2',152,'2020-05-24 22:56:00',0,'1',152,NULL,'2020-05-25 02:56:00','2020-05-25 02:56:00',NULL),(627,35,'I hope to complete another 2-3 articles this week.','1',152,'2020-05-24 22:56:59',0,'1',152,NULL,'2020-05-25 02:56:59','2020-05-25 02:56:59',NULL),(628,18,'No advocacy has been completed at this time. ','0',159,'2020-05-24 23:31:57',0,'1',159,NULL,'2020-05-25 03:31:57','2020-05-25 03:31:57',NULL),(629,108,'With COVID-19 quarantine being extended, I did not get to see any of my family or friends in person this holiday weekend, but I was able to talk to some on the phone. ','0',159,'2020-05-24 23:32:57',0,'1',159,NULL,'2020-05-25 03:32:57','2020-05-25 03:32:57',NULL),(630,108,'Each day since Thursday, I was able to talk to family or friends/or spend time with my husband at least 40 minutes per day. ','0',159,'2020-05-24 23:33:45',0,'1',159,NULL,'2020-05-25 03:33:45','2020-05-25 03:33:45',NULL),(631,66,'Role of Occupational Therapy in Wound Management. (2018). The American Journal of Occupational Therapy ','1',159,'2020-05-24 23:36:49',0,'1',159,NULL,'2020-05-25 03:36:49','2020-05-25 03:36:49',NULL),(632,42,'I have been able to complete 4 more articles with competency quizzes relating to global social issues. ','3',159,'2020-05-24 23:39:23',0,'1',159,NULL,'2020-05-25 03:39:23','2020-05-25 03:39:23',NULL),(633,107,'I found that it is harder to stay on a sleeping schedule for the weekend with increased nightly activity and desire to sleep in. I have not been as diligent in my sleep hygiene regimen. ','0',159,'2020-05-24 23:40:46',0,'1',159,NULL,'2020-05-25 03:40:46','2020-05-25 03:40:46',NULL),(634,9,'Have not started yet. ','0',150,'2020-05-25 00:10:43',0,'1',150,NULL,'2020-05-25 04:10:43','2020-05-25 04:10:43',NULL),(635,90,'Transferred $25 from checking to savings today! That progresses me towards a level 2. ','0',150,'2020-05-25 00:11:27',0,'1',150,NULL,'2020-05-25 04:11:27','2020-05-25 04:11:27',NULL),(636,57,'Have not officially started yet. ','0',150,'2020-05-25 00:11:46',0,'1',150,NULL,'2020-05-25 04:11:46','2020-05-25 04:11:46',NULL),(637,33,'Have not officially started yet.','0',150,'2020-05-25 00:12:06',0,'1',150,NULL,'2020-05-25 04:12:06','2020-05-25 04:12:06',NULL),(638,89,'5/21 - no exercise\r\n5/22 - 65 min \r\n5/23 - 45 min \r\n5/24 - no exercise \r\n\r\nIn the past week, I exercised 4 days over 45 minutes - 3 of them over 60 minutes. This puts me on track for a level 2. ','0',150,'2020-05-25 00:14:24',0,'1',150,NULL,'2020-05-25 04:14:24','2020-05-25 04:14:24',NULL),(639,1,'No advocacy project completed yet.','0',142,'2020-05-25 08:42:34',0,'1',142,NULL,'2020-05-25 12:42:34','2020-05-25 12:42:34',NULL),(640,6,'No progress has been made. There are not many instructions in the syllabus to go off of.','0',147,'2020-05-25 08:45:22',0,'1',147,NULL,'2020-05-25 12:45:22','2020-05-25 12:45:22',NULL),(641,74,'I should have increased my Progress Score to 2 on my 5/22 post, because I reached 10 consecutive days at this point in time!','2',142,'2020-05-25 08:46:14',0,'1',142,NULL,'2020-05-25 12:46:14','2020-05-25 12:46:14',NULL),(642,74,'However, during Memorial Weekend, I was up north and was unable to have a vegetable dominant meal on Saturday and Sunday ? so I will start back at 0. ','0',142,'2020-05-25 08:48:00',0,'1',142,NULL,'2020-05-25 12:48:00','2020-05-25 12:48:00',NULL),(643,83,'I made sure to intentionally drink 5-6 glasses of water Thursday-Sunday. This places me at 8 consecutive days for drinking 3-4 glasses of water or 6 days of drinking 3-4 glasses of water ?','0',147,'2020-05-25 08:48:16',0,'1',147,NULL,'2020-05-25 12:48:16','2020-05-25 12:48:16',NULL),(644,54,'I have not completed this. There are no related articles provided on the course site about neuropathies, so I will have to look up my own.','0',147,'2020-05-25 08:49:12',0,'1',147,NULL,'2020-05-25 12:49:12','2020-05-25 12:49:12',NULL),(645,40,'I read the service delivery model article and I think that is very important to understand that there are many different types of service delivery which help make our profession impactful ','1',157,'2020-05-25 08:50:34',0,'1',157,NULL,'2020-05-25 12:50:34','2020-05-25 12:50:34',NULL),(646,30,'I read the harm reduction principles for healthcare settings article located on the course website. There was no associated quiz, so I am unsure if I achieved a 1 on this goal or not.','0',147,'2020-05-25 08:51:52',0,'1',147,NULL,'2020-05-25 12:51:53','2020-05-25 12:51:53',NULL),(647,84,'I did a pilates class on Sunday! ?','0',147,'2020-05-25 08:52:40',0,'1',147,NULL,'2020-05-25 12:52:40','2020-05-25 12:52:40',NULL),(648,64,'Read the trans-age youth article. Having a understanding of this topic is very beneficial for a peds therapist in general b/c they can work with children who find their gender a barrier','1',157,'2020-05-25 08:55:03',0,'1',157,NULL,'2020-05-25 12:55:03','2020-05-25 12:55:03',NULL),(649,49,'I went on AJOT to research articles regarding Hand Therapy and found the article, Barriers and Solutions to Fieldwork Education in Hand Therapy, but the PDF wasn\'t available to view ?','0',142,'2020-05-25 09:09:27',0,'1',142,NULL,'2020-05-25 13:09:27','2020-05-25 13:09:27',NULL),(650,49,'I then found and read the article, Association of Sleep and Hand Function in\r\nPeople With Carpal Tunnel Syndrome, but no quiz was at the end to take. Please see the attached for the article. ','1',142,'2020-05-25 09:11:40',0,'1',142,NULL,'2020-05-25 13:11:40','2020-05-25 13:11:40',NULL),(651,25,'Read the attached article and completed the quiz at the end, however, when it redirected me to AOTA it said I had to pay a fee to gain credit for completing the CE quiz.','1',142,'2020-05-25 09:14:35',0,'1',142,NULL,'2020-05-25 13:14:35','2020-05-25 13:14:35',NULL),(652,73,'Saturday - went on a 40 min walk up north with my sister, then did leg strengthening exercises for 20 minutes. ','0',142,'2020-05-25 09:16:35',0,'1',142,NULL,'2020-05-25 13:16:35','2020-05-25 13:16:35',NULL),(653,96,'I completed another week with an average of around 7,500 steps a day!','0',153,'2020-05-25 10:47:22',0,'1',153,NULL,'2020-05-25 14:47:22','2020-05-25 14:47:22',NULL),(654,95,'I journaled 3 times last week and started my day off journaling today ☺️','0',153,'2020-05-25 10:48:01',0,'1',153,NULL,'2020-05-25 14:48:01','2020-05-25 14:48:01',NULL),(655,36,'I listened to a podcast about digital media in childhood development yesterday. Very interesting and thorough!\r\n\r\nhttps://glasshalffullot.com/podcast/digital-media/','2',153,'2020-05-25 10:53:50',0,'1',153,NULL,'2020-05-25 14:53:50','2020-05-25 14:53:50',NULL),(656,60,'I read the article about sleep on Saturday and thought it was very useful. I think deep down we all know sleep is important but it was interesting to read about how OT can help!','2',153,'2020-05-25 10:57:46',0,'1',153,NULL,'2020-05-25 14:57:46','2020-05-25 14:57:46',NULL),(657,12,'No further progress made on this goal last week other than finding a partner!','0',153,'2020-05-25 10:58:25',0,'1',153,NULL,'2020-05-25 14:58:25','2020-05-25 14:58:25',NULL),(658,112,'I have been stretching 3 times a week','0',161,'2020-05-25 11:18:51',0,'1',161,NULL,'2020-05-25 15:18:51','2020-05-25 15:18:51',NULL),(659,111,'I am eating about 1400-1500 calories per week now','0',161,'2020-05-25 11:19:18',0,'1',161,NULL,'2020-05-25 15:19:18','2020-05-25 15:19:18',NULL),(660,44,'I will be listening to more podcasts today about global issues affecting OT and healthcare practice. ','2',161,'2020-05-25 11:19:53',0,'1',161,NULL,'2020-05-25 15:19:53','2020-05-25 15:19:53',NULL),(661,68,'I will be listening to more podcasts today!','2',161,'2020-05-25 11:20:16',0,'1',161,NULL,'2020-05-25 15:20:16','2020-05-25 15:20:16',NULL),(662,20,'No more progress has been made yet!','0',161,'2020-05-25 11:20:34',0,'1',161,NULL,'2020-05-25 15:20:34','2020-05-25 15:20:34',NULL),(663,106,'Attached is a picture for my water log May 17-23.  I am still at 0 on the goal scaling because of the 30 consecutive days but you can see how I am keeping track! ?','0',158,'2020-05-25 11:47:37',0,'1',158,NULL,'2020-05-25 15:47:37','2020-05-25 15:47:37',NULL),(664,105,'Attached is a picture of the weekly exercise/water log.  I am still at 0 on the goal scale but I am keeping track daily and weekly so I know if I reach the goal within the 4 weeks.  ','0',158,'2020-05-25 11:49:10',0,'1',158,NULL,'2020-05-25 15:49:10','2020-05-25 15:49:10',NULL),(665,17,'No advocacy project completed. I have spoken to my small group briefly about this project so we are keeping it in the back of our minds so that we can begin soon! ','0',158,'2020-05-25 11:50:04',0,'1',158,NULL,'2020-05-25 15:50:04','2020-05-25 15:50:04',NULL),(666,41,'No research completed on this topic.  We do not have class virtually on Tuesday so I plan to spend today and tomorrow working on the CE articles on our course site. ','0',158,'2020-05-25 11:52:32',0,'1',158,NULL,'2020-05-25 15:52:32','2020-05-25 15:52:32',NULL),(667,65,'No research completed on this topic.  I have picked out a few articles I am interested in and plan to spend some time today and tomorrow on them.  ','0',158,'2020-05-25 11:53:42',0,'1',158,NULL,'2020-05-25 15:53:42','2020-05-25 15:53:42',NULL),(668,20,'Okay, don\'t wait too long!','0',141,'2020-05-25 18:27:13',0,'1',141,NULL,'2020-05-25 22:27:13','2020-05-25 22:27:13',NULL),(669,44,'Nice progress!','2',141,'2020-05-25 18:27:53',0,'1',141,NULL,'2020-05-25 22:27:53','2020-05-25 22:27:53',NULL),(670,68,'Way to go!','2',141,'2020-05-25 18:28:44',0,'1',141,NULL,'2020-05-25 22:28:44','2020-05-25 22:28:44',NULL),(671,111,'Great job sticking with it!','0',141,'2020-05-25 18:29:23',0,'1',141,NULL,'2020-05-25 22:29:23','2020-05-25 22:29:23',NULL),(672,112,'Good progress-keep going!','0',141,'2020-05-25 18:29:51',0,'1',141,NULL,'2020-05-25 22:29:51','2020-05-25 22:29:51',NULL),(673,10,'Okay, don\'t wait too long to get started:)','0',141,'2020-05-25 18:30:35',0,'1',141,NULL,'2020-05-25 22:30:35','2020-05-25 22:30:35',NULL),(674,34,'Hope you have started reading by now!','0',141,'2020-05-25 18:31:14',0,'1',141,NULL,'2020-05-25 22:31:14','2020-05-25 22:31:14',NULL),(675,58,'Hope you got it finished:)','0',141,'2020-05-25 18:32:02',0,'1',141,NULL,'2020-05-25 22:32:02','2020-05-25 22:32:02',NULL),(676,91,'Keep it going! yard work is good exercise too:)','0',141,'2020-05-25 18:32:50',0,'1',141,NULL,'2020-05-25 22:32:50','2020-05-25 22:32:50',NULL),(677,92,'Nice progress!','0',141,'2020-05-25 18:33:16',0,'1',141,NULL,'2020-05-25 22:33:16','2020-05-25 22:33:16',NULL),(678,11,'Okay, don\'t wait too long to get started:)','0',141,'2020-05-25 18:34:17',0,'1',141,NULL,'2020-05-25 22:34:17','2020-05-25 22:34:17',NULL),(679,35,'Keep it going!','1',141,'2020-05-25 18:34:43',0,'1',141,NULL,'2020-05-25 22:34:43','2020-05-25 22:34:43',NULL),(680,59,'Hope it was good learning! You met your expected goal!','2',141,'2020-05-25 18:35:19',0,'1',141,NULL,'2020-05-25 22:35:19','2020-05-25 22:35:19',NULL),(681,93,'Hmm, are you keeping roughly the same schedule on the weekends? That helps for most stuff, like sleep, etc.','0',141,'2020-05-25 18:36:27',0,'1',141,NULL,'2020-05-25 22:36:27','2020-05-25 22:36:27',NULL),(682,94,'Great!','0',141,'2020-05-25 18:36:48',0,'1',141,NULL,'2020-05-25 22:36:48','2020-05-25 22:36:48',NULL),(683,15,'Okay, don\'t wait too long to get started:)','0',141,'2020-05-25 18:37:24',0,'1',141,NULL,'2020-05-25 22:37:24','2020-05-25 22:37:24',NULL),(684,39,'Oh, good to hear!','1',141,'2020-05-25 18:37:46',0,'1',141,NULL,'2020-05-25 22:37:46','2020-05-25 22:37:46',NULL),(685,63,'Great! Keep it up!','1',141,'2020-05-25 18:38:22',0,'1',141,NULL,'2020-05-25 22:38:22','2020-05-25 22:38:22',NULL),(686,101,'Nice!','0',141,'2020-05-25 18:38:43',0,'1',141,NULL,'2020-05-25 22:38:43','2020-05-25 22:38:43',NULL),(687,102,'That\'s amazing!','0',141,'2020-05-25 18:39:11',0,'1',141,NULL,'2020-05-25 22:39:11','2020-05-25 22:39:11',NULL),(688,9,'Don\'t wait too long to get started:)','0',141,'2020-05-25 18:40:01',0,'1',141,NULL,'2020-05-25 22:40:01','2020-05-25 22:40:01',NULL),(689,33,'How about setting a date/deadline to get started reading?','0',141,'2020-05-25 18:40:42',0,'1',141,NULL,'2020-05-25 22:40:42','2020-05-25 22:40:42',NULL),(690,57,'Better get cracking:)','0',141,'2020-05-25 18:41:18',0,'1',141,NULL,'2020-05-25 22:41:18','2020-05-25 22:41:18',NULL),(691,89,'Nice work!','0',141,'2020-05-25 18:41:44',0,'1',141,NULL,'2020-05-25 22:41:44','2020-05-25 22:41:44',NULL),(692,90,'Hey, hey, way to go!','0',141,'2020-05-25 18:42:04',0,'1',141,NULL,'2020-05-25 22:42:04','2020-05-25 22:42:04',NULL),(693,13,'Might want to set a deadline/date to get started','0',141,'2020-05-25 18:42:59',0,'1',141,NULL,'2020-05-25 22:42:59','2020-05-25 22:42:59',NULL),(694,37,'Congratulations! You\'ve exceeded your expected goal!','3',141,'2020-05-25 18:43:40',0,'1',141,NULL,'2020-05-25 22:43:40','2020-05-25 22:43:40',NULL),(695,61,'Nice progress! You\'ve met your expected goal!','2',141,'2020-05-25 18:44:07',0,'1',141,NULL,'2020-05-25 22:44:07','2020-05-25 22:44:07',NULL),(696,97,'Oh no! Glad you were able to adapt-how OT-ish of you:)','1',141,'2020-05-25 18:44:53',0,'1',141,NULL,'2020-05-25 22:44:53','2020-05-25 22:44:53',NULL),(697,98,'Nice','0',141,'2020-05-25 18:45:15',0,'1',141,NULL,'2020-05-25 22:45:15','2020-05-25 22:45:15',NULL),(698,19,'I can\'t wait to see what you come up with!','0',141,'2020-05-25 18:46:07',0,'1',141,NULL,'2020-05-25 22:46:07','2020-05-25 22:46:07',NULL),(699,43,'good work','1',141,'2020-05-25 18:46:34',0,'1',141,NULL,'2020-05-25 22:46:34','2020-05-25 22:46:34',NULL),(700,67,'Glad to hear you found a good article!','0',141,'2020-05-25 18:47:21',0,'1',141,NULL,'2020-05-25 22:47:21','2020-05-25 22:47:21',NULL),(701,109,'Keep it up! Way to go!','0',141,'2020-05-25 18:47:50',0,'1',141,NULL,'2020-05-25 22:47:50','2020-05-25 22:47:50',NULL),(702,110,'I know, I was really slogging through my run today. Way to go!','0',141,'2020-05-25 18:48:38',0,'1',141,NULL,'2020-05-25 22:48:38','2020-05-25 22:48:38',NULL),(703,24,'Sounds good!','0',141,'2020-05-25 18:49:08',0,'1',141,NULL,'2020-05-25 22:49:08','2020-05-25 22:49:08',NULL),(704,48,'They count as long as they are articles r/t global social issues. I\'m not sure how many you have read, so I\'ll review next Monday to reflect your progress','0',141,'2020-05-25 18:53:01',0,'1',141,NULL,'2020-05-25 22:53:01','2020-05-25 22:53:01',NULL),(705,72,'Nice work! You have met your expected goal!','2',141,'2020-05-25 18:53:35',0,'1',141,NULL,'2020-05-25 22:53:35','2020-05-25 22:53:35',NULL),(706,119,'Keep it up!','0',141,'2020-05-25 18:53:56',0,'1',141,NULL,'2020-05-25 22:53:56','2020-05-25 22:53:56',NULL),(707,120,'Keep it up!','0',141,'2020-05-25 18:54:22',0,'1',141,NULL,'2020-05-25 22:54:22','2020-05-25 22:54:22',NULL),(708,23,'Okay, don\'t wait too long!','0',141,'2020-05-25 18:54:57',0,'1',141,NULL,'2020-05-25 22:54:57','2020-05-25 22:54:57',NULL),(709,47,'Hmm, that is useful clinical info, but I\'m not sure if they reflect global social issues. I\'ll leave it up to you to decide.','2',141,'2020-05-25 18:57:21',0,'1',141,NULL,'2020-05-25 22:57:21','2020-05-25 22:57:21',NULL),(710,71,'Sounds great. You met your expected goal!','2',141,'2020-05-25 18:57:49',0,'1',141,NULL,'2020-05-25 22:57:49','2020-05-25 22:57:49',NULL),(711,117,'Keep going!','0',141,'2020-05-25 18:58:09',0,'1',141,NULL,'2020-05-25 22:58:09','2020-05-25 22:58:09',NULL),(712,118,'Nice','0',141,'2020-05-25 18:58:23',0,'1',141,NULL,'2020-05-25 22:58:23','2020-05-25 22:58:23',NULL),(713,4,'Okay, but don\'t wait too long to get started:)','0',141,'2020-05-25 18:59:01',0,'1',141,NULL,'2020-05-25 22:59:01','2020-05-25 22:59:01',NULL),(714,28,'Okay','0',141,'2020-05-25 19:00:39',0,'1',141,NULL,'2020-05-25 23:00:39','2020-05-25 23:00:39',NULL),(715,52,'Maybe set a deadline/date for readings...','0',141,'2020-05-25 19:01:17',0,'1',141,NULL,'2020-05-25 23:01:17','2020-05-25 23:01:17',NULL),(716,79,'Keep at it!','0',141,'2020-05-25 19:02:34',0,'1',141,NULL,'2020-05-25 23:02:34','2020-05-25 23:02:34',NULL),(717,80,'Keep going!','0',141,'2020-05-25 19:03:06',0,'1',141,NULL,'2020-05-25 23:03:06','2020-05-25 23:03:06',NULL),(718,8,'Okay, but don\'t wait to long to start:)','0',141,'2020-05-25 19:03:39',0,'1',141,NULL,'2020-05-25 23:03:39','2020-05-25 23:03:39',NULL),(719,32,'Good-I hope it was helpful!','1',141,'2020-05-25 19:04:07',0,'1',141,NULL,'2020-05-25 23:04:07','2020-05-25 23:04:07',NULL),(720,56,'You might try setting a deadline for reading. I\'m sure it\'s hard getting back into the work swing..','0',141,'2020-05-25 19:05:16',0,'1',141,NULL,'2020-05-25 23:05:16','2020-05-25 23:05:16',NULL),(721,88,'Wow! You hit your expected level!','2',141,'2020-05-25 19:06:26',0,'1',141,NULL,'2020-05-25 23:06:26','2020-05-25 23:06:26',NULL),(722,14,'No rubric-you are free to be as creative as you like!','0',141,'2020-05-25 19:07:45',0,'1',141,NULL,'2020-05-25 23:07:45','2020-05-25 23:07:45',NULL),(723,38,'Good progress','1',141,'2020-05-25 19:08:14',0,'1',141,NULL,'2020-05-25 23:08:14','2020-05-25 23:08:14',NULL),(724,62,'Nice!','1',141,'2020-05-25 19:08:34',0,'1',141,NULL,'2020-05-25 23:08:34','2020-05-25 23:08:34',NULL),(725,99,'That\'s great!','0',141,'2020-05-25 19:08:54',0,'1',141,NULL,'2020-05-25 23:08:54','2020-05-25 23:08:54',NULL),(726,100,'Keep it going! Remember, you didn\'t give your workout a time frame, so even a small workout is better than none:)','0',141,'2020-05-25 19:10:01',0,'1',141,NULL,'2020-05-25 23:10:01','2020-05-25 23:10:01',NULL),(727,21,'Okay, but don\'t wait too long to get started:)','0',141,'2020-05-25 19:11:08',0,'1',141,NULL,'2020-05-25 23:11:08','2020-05-25 23:11:08',NULL),(728,45,'okay','1',141,'2020-05-25 19:11:27',0,'1',141,NULL,'2020-05-25 23:11:27','2020-05-25 23:11:27',NULL),(729,69,'Congrats; you have met your expected goal!','2',141,'2020-05-25 19:11:57',0,'1',141,NULL,'2020-05-25 23:11:57','2020-05-25 23:11:57',NULL),(730,113,'Nice!','0',141,'2020-05-25 19:12:31',0,'1',141,NULL,'2020-05-25 23:12:31','2020-05-25 23:12:31',NULL),(731,114,'Good to hear! Keep it up!','0',141,'2020-05-25 19:12:58',0,'1',141,NULL,'2020-05-25 23:12:58','2020-05-25 23:12:58',NULL),(732,18,'Okay, don\'t wait too long to start:)','0',141,'2020-05-25 19:14:29',0,'1',141,NULL,'2020-05-25 23:14:29','2020-05-25 23:14:29',NULL),(733,42,'Way to go-you\'ve exceeded your expected goal!!','3',141,'2020-05-25 19:14:56',0,'1',141,NULL,'2020-05-25 23:14:56','2020-05-25 23:14:56',NULL),(734,66,'Nice!','1',141,'2020-05-25 19:15:18',0,'1',141,NULL,'2020-05-25 23:15:18','2020-05-25 23:15:18',NULL),(735,107,'Well, keep trying!','0',141,'2020-05-25 19:16:06',0,'1',141,NULL,'2020-05-25 23:16:06','2020-05-25 23:16:06',NULL),(736,108,'Way to go-we all need this!','0',141,'2020-05-25 19:16:33',0,'1',141,NULL,'2020-05-25 23:16:33','2020-05-25 23:16:33',NULL),(737,2,'Okay, will be good to get a start.','0',141,'2020-05-25 19:17:15',0,'1',141,NULL,'2020-05-25 23:17:15','2020-05-25 23:17:15',NULL),(738,26,'Nice!','1',141,'2020-05-25 19:17:31',0,'1',141,NULL,'2020-05-25 23:17:31','2020-05-25 23:17:31',NULL),(739,50,'Maybe try setting a deadline/date for reading..','0',141,'2020-05-25 19:18:05',0,'1',141,NULL,'2020-05-25 23:18:05','2020-05-25 23:18:05',NULL),(740,75,'That sounds nice!','0',141,'2020-05-25 19:18:36',0,'1',141,NULL,'2020-05-25 23:18:36','2020-05-25 23:18:36',NULL),(741,76,'Way to go-sounds delicious!','0',141,'2020-05-25 19:19:03',0,'1',141,NULL,'2020-05-25 23:19:03','2020-05-25 23:19:03',NULL),(742,6,'No, this is intentionally left to your creative minds! ','0',141,'2020-05-25 19:21:35',0,'1',141,NULL,'2020-05-25 23:21:35','2020-05-25 23:21:35',NULL),(743,30,'That article falls under the service delivery model readings, not global social issues impacting healthcare, so it doesn\'t.','0',141,'2020-05-25 19:26:35',0,'1',141,NULL,'2020-05-25 23:26:35','2020-05-25 23:26:35',NULL),(744,54,'Sounds good.','0',141,'2020-05-25 19:27:04',0,'1',141,NULL,'2020-05-25 23:27:04','2020-05-25 23:27:04',NULL),(745,83,'Way to go!','0',141,'2020-05-25 19:27:23',0,'1',141,NULL,'2020-05-25 23:27:23','2020-05-25 23:27:23',NULL),(746,84,'Nice!','0',141,'2020-05-25 19:27:39',0,'1',141,NULL,'2020-05-25 23:27:39','2020-05-25 23:27:39',NULL),(747,17,'Okay, don\'t wait too long!','0',141,'2020-05-25 19:28:11',0,'1',141,NULL,'2020-05-25 23:28:11','2020-05-25 23:28:11',NULL),(748,41,'sounds like a good plan!','0',141,'2020-05-25 19:28:34',0,'1',141,NULL,'2020-05-25 23:28:34','2020-05-25 23:28:34',NULL),(749,65,'okay','0',141,'2020-05-25 19:28:51',0,'1',141,NULL,'2020-05-25 23:28:51','2020-05-25 23:28:51',NULL),(750,105,'Great!','0',141,'2020-05-25 19:29:13',0,'1',141,NULL,'2020-05-25 23:29:13','2020-05-25 23:29:13',NULL),(751,105,'I can\'t open that attachment in that format.','0',141,'2020-05-25 19:30:22',750,'1',141,NULL,'2020-05-25 23:30:22','2020-05-25 23:30:22',NULL),(752,106,'I can\'t open the attachment!','0',141,'2020-05-25 19:31:58',0,'1',141,NULL,'2020-05-25 23:31:58','2020-05-25 23:31:58',NULL),(753,3,'Okay, but don\'t wait too long:)','0',141,'2020-05-25 19:32:49',0,'1',141,NULL,'2020-05-25 23:32:49','2020-05-25 23:32:49',NULL),(754,27,'How about setting a date/deadline to get started?','0',141,'2020-05-25 19:33:16',0,'1',141,NULL,'2020-05-25 23:33:16','2020-05-25 23:33:16',NULL),(755,51,'Time to get reading!','0',141,'2020-05-25 19:33:39',0,'1',141,NULL,'2020-05-25 23:33:39','2020-05-25 23:33:39',NULL),(756,77,'Keep it up!','0',141,'2020-05-25 19:34:27',0,'1',141,NULL,'2020-05-25 23:34:27','2020-05-25 23:34:27',NULL),(757,78,'Wow!','0',141,'2020-05-25 19:34:46',0,'1',141,NULL,'2020-05-25 23:34:46','2020-05-25 23:34:46',NULL),(758,12,'Don\'t wait too long to start!','0',141,'2020-05-25 19:35:19',0,'1',141,NULL,'2020-05-25 23:35:19','2020-05-25 23:35:19',NULL),(759,36,'Nice! You have met your expected goal level!!','2',141,'2020-05-25 19:35:48',0,'1',141,NULL,'2020-05-25 23:35:48','2020-05-25 23:35:48',NULL),(760,60,'Yes! You have met this expected goal level also!','2',141,'2020-05-25 19:36:22',0,'1',141,NULL,'2020-05-25 23:36:22','2020-05-25 23:36:22',NULL),(761,95,'Nice!','0',141,'2020-05-25 19:36:50',0,'1',141,NULL,'2020-05-25 23:36:50','2020-05-25 23:36:50',NULL),(762,96,'Way to go!','0',141,'2020-05-25 19:37:07',0,'1',141,NULL,'2020-05-25 23:37:07','2020-05-25 23:37:07',NULL),(763,16,'Okay, but don\'t wait too long:)','0',141,'2020-05-25 19:37:38',0,'1',141,NULL,'2020-05-25 23:37:38','2020-05-25 23:37:38',NULL),(764,40,'Okay, but focus on reading articles that address global social issues impacting healthcare.','1',141,'2020-05-25 19:38:32',0,'1',141,NULL,'2020-05-25 23:38:32','2020-05-25 23:38:32',NULL),(765,64,'Good to hear it got you thinking!','1',141,'2020-05-25 19:39:02',0,'1',141,NULL,'2020-05-25 23:39:02','2020-05-25 23:39:02',NULL),(766,103,'Yay! Keep it up!','0',141,'2020-05-25 19:39:29',0,'1',141,NULL,'2020-05-25 23:39:29','2020-05-25 23:39:29',NULL),(767,104,'Still hoping for an attachment I can open!','0',141,'2020-05-25 19:40:15',0,'1',141,NULL,'2020-05-25 23:40:15','2020-05-25 23:40:15',NULL),(768,22,'okay, don\'t wait too long to get started!','0',141,'2020-05-25 19:40:48',0,'1',141,NULL,'2020-05-25 23:40:48','2020-05-25 23:40:48',NULL),(769,46,'You met your expected goal level! Way to go!','2',141,'2020-05-25 19:41:30',0,'1',141,NULL,'2020-05-25 23:41:30','2020-05-25 23:41:30',NULL),(770,70,'Okay','2',141,'2020-05-25 19:42:08',0,'1',141,NULL,'2020-05-25 23:42:08','2020-05-25 23:42:08',NULL),(771,115,'Nice!','0',141,'2020-05-25 19:42:37',0,'1',141,NULL,'2020-05-25 23:42:37','2020-05-25 23:42:37',NULL),(772,116,'Excellent!','0',141,'2020-05-25 19:42:54',0,'1',141,NULL,'2020-05-25 23:42:54','2020-05-25 23:42:54',NULL),(773,25,'You don\'t need to go through AOTA, just complete and screenshot it as attachment.  Free!','1',141,'2020-05-25 19:43:51',0,'1',141,NULL,'2020-05-25 23:43:51','2020-05-25 23:43:51',NULL),(774,1,'Don\'t wait too long to start!','0',141,'2020-05-25 19:44:18',0,'1',141,NULL,'2020-05-25 23:44:18','2020-05-25 23:44:18',NULL),(775,49,'Good progress','1',141,'2020-05-25 19:45:25',0,'1',141,NULL,'2020-05-25 23:45:25','2020-05-25 23:45:25',NULL),(776,73,'Great!','0',141,'2020-05-25 19:45:44',0,'1',141,NULL,'2020-05-25 23:45:44','2020-05-25 23:45:44',NULL),(777,74,'Oh no! Life happens:) You can just get back on track.','0',141,'2020-05-25 19:46:35',0,'1',141,NULL,'2020-05-25 23:46:35','2020-05-25 23:46:35',NULL),(778,7,'Okay, but don\'t wait too long to get started!','0',141,'2020-05-25 19:47:10',0,'1',141,NULL,'2020-05-25 23:47:10','2020-05-25 23:47:10',NULL),(779,31,'Nice! You met your expected goal level!!','2',141,'2020-05-25 19:47:32',0,'1',141,NULL,'2020-05-25 23:47:32','2020-05-25 23:47:32',NULL),(780,55,'Great!','2',141,'2020-05-25 19:47:50',0,'1',141,NULL,'2020-05-25 23:47:50','2020-05-25 23:47:50',NULL),(781,85,'Sounds like a good plan','0',141,'2020-05-25 19:48:16',0,'1',141,NULL,'2020-05-25 23:48:16','2020-05-25 23:48:16',NULL),(782,86,'Good to hear!','0',141,'2020-05-25 19:48:34',0,'1',141,NULL,'2020-05-25 23:48:34','2020-05-25 23:48:34',NULL),(783,5,'Okay, but don\'t wait too long to start:)','0',141,'2020-05-25 19:49:02',0,'1',141,NULL,'2020-05-25 23:49:02','2020-05-25 23:49:02',NULL),(784,29,'Time to get reading!','0',141,'2020-05-25 19:49:20',0,'1',141,NULL,'2020-05-25 23:49:20','2020-05-25 23:49:20',NULL),(785,53,'Time to read!','1',141,'2020-05-25 19:49:41',0,'1',141,NULL,'2020-05-25 23:49:41','2020-05-25 23:49:41',NULL),(786,81,'Good to hear!','0',141,'2020-05-25 19:49:58',0,'1',141,NULL,'2020-05-25 23:49:58','2020-05-25 23:49:58',NULL),(787,82,'Way to go!','0',141,'2020-05-25 19:50:23',0,'1',141,NULL,'2020-05-25 23:50:23','2020-05-25 23:50:23',NULL),(788,35,'Monday I read the opioid article. I find this topic very interesting because I work in the ER and I see how opioid use and the new regulations are affecting care.','2',152,'2020-05-26 02:15:40',0,'1',152,NULL,'2020-05-26 06:15:40','2020-05-26 06:15:40',NULL),(789,105,'Sunday: Rest \r\nMonday: 30 min \r\nTuesday: 60 min \r\nWednesday: 60 min \r\nThursday: 75 min \r\nFriday: Rest \r\nSaturday: 30 min ','0',158,'2020-05-26 11:53:20',750,'1',158,NULL,'2020-05-26 15:53:20','2020-05-26 15:53:20',NULL),(790,106,'Sunday: 5 \r\nMonday: 7 \r\nTuesday: 5 \r\nWednesday: 5 \r\nThursday: 6\r\nFriday: 4\r\nSaturday 4 ','0',158,'2020-05-26 11:54:24',752,'1',158,NULL,'2020-05-26 15:54:24','2020-05-26 15:54:24',NULL),(791,106,'Here is another test to see if you can open the attachment for last weeks log. Let me know! ','0',158,'2020-05-26 18:46:34',0,'1',158,NULL,'2020-05-26 22:46:34','2020-05-26 22:46:34',NULL),(792,105,'Another test to see if you can open the attachment! ','0',158,'2020-05-26 18:47:46',0,'1',158,NULL,'2020-05-26 22:47:46','2020-05-26 22:47:46',NULL),(793,11,'Tomorrow, I plan on asking another student to work in a group with me. That way we can come up with a plan and a timeline for getting this done.','0',152,'2020-05-26 22:02:22',0,'1',152,NULL,'2020-05-27 02:02:22','2020-05-27 02:02:22',NULL),(794,16,'group members are confirmed! I created a shared powerpoint documents with all group members to edit. ','1',157,'2020-05-27 12:13:07',0,'1',157,NULL,'2020-05-27 16:13:07','2020-05-27 16:13:07',NULL),(795,103,'Week 2: I have drank 4 water bottles every day so far. Wont be hard to meet this weeks mark! It\'s getting easier to drink all this water ','0',157,'2020-05-27 12:29:56',0,'1',157,NULL,'2020-05-27 16:29:56','2020-05-27 16:29:56',NULL),(796,64,'Read the article about using the OTPF  in the evaluation process in school settings. DS children go to school just like anyone else, so this article helps with best practice','1',157,'2020-05-27 12:39:57',0,'1',157,NULL,'2020-05-27 16:39:57','2020-05-27 16:39:57',NULL),(797,104,'i learned how to make a dinosaur! Super cool! Pictures don\'t work for me to upload so i\'m going to try putting into a word document ','0',157,'2020-05-27 12:53:38',0,'1',157,NULL,'2020-05-27 16:53:38','2020-05-27 16:53:38',NULL),(798,19,'No planning has been made (yet)!','0',160,'2020-05-27 13:30:04',0,'1',160,NULL,'2020-05-27 17:30:05','2020-05-27 17:30:05',NULL),(799,109,'I have stretched Monday and Wednesday so far. Getting easier each time, and I am starting to focus on my breathing techniques as well during my stretch.','0',160,'2020-05-27 13:32:15',0,'1',160,NULL,'2020-05-27 17:32:15','2020-05-27 17:32:15',NULL),(800,67,'I am having trouble finding an article on the course site that includes a competency quiz. If you have any advice on where to look, please let me know!','0',160,'2020-05-27 13:39:34',0,'1',160,NULL,'2020-05-27 17:39:34','2020-05-27 17:39:34',NULL),(801,43,'Just read the \"Managing Obesity in Pediatrics: A Role for Occupational Therapy\". Planning to complete the test this evening!','2',160,'2020-05-27 13:43:07',0,'1',160,NULL,'2020-05-27 17:43:07','2020-05-27 17:43:07',NULL),(802,110,'Ran 7 miles on Tuesday, and planning to run later this week when it cools down!','0',160,'2020-05-27 13:44:22',0,'1',160,NULL,'2020-05-27 17:44:22','2020-05-27 17:44:22',NULL),(803,21,'My group and I started to collaborate on this project and decided to create a powerpoint with all of the necessary information before preparing a video. ','0',162,'2020-05-27 14:09:06',0,'1',162,NULL,'2020-05-27 18:09:07','2020-05-27 18:09:07',NULL),(804,114,'I have journaled 3 times so far this week. Overall I have journaled a minimum of 3 times/week for 3/3 weeks (including this week). ','0',162,'2020-05-27 14:14:19',0,'1',162,NULL,'2020-05-27 18:14:19','2020-05-27 18:14:19',NULL),(805,69,'I have still only read 3 articles total, as I have not read any new ones yet this week. ','2',162,'2020-05-27 14:17:13',0,'1',162,NULL,'2020-05-27 18:17:13','2020-05-27 18:17:13',NULL),(806,15,'I made the first stride in this project by confirming my group members and beginning to brainstorm for this project.  We created a shared powerpoint document. ','0',156,'2020-05-27 14:22:06',0,'1',156,NULL,'2020-05-27 18:22:06','2020-05-27 18:22:06',NULL),(807,63,'I was able to read 3 more articles involving adult/geriatric care! I learned a great deal about adult obesity, skilled nursing practices, and intervention for older adults with IDD! ?','3',156,'2020-05-27 14:26:29',0,'1',156,NULL,'2020-05-27 18:26:29','2020-05-27 18:26:29',NULL),(808,39,'I read an article about the pandemic of childhood obesity.  I learned about how prevalent and serious pediatric obesity is in our society and how OTs must work to treat/decrease this! ','2',156,'2020-05-27 14:32:24',0,'1',156,NULL,'2020-05-27 18:32:24','2020-05-27 18:32:24',NULL),(809,101,'I have been keeping steady at journaling three times per week.  Today is Wednesday and I have journaled once so far! I will make sure to journal at least 2 more times this week!','0',156,'2020-05-27 14:34:16',0,'1',156,NULL,'2020-05-27 18:34:16','2020-05-27 18:34:16',NULL),(810,45,'I listened to a podcast called Gender Dysphoria on Glass Half Full. This podcast discussed the terminology used, the stigma associated with it, and considerations for clinical practice. ','2',162,'2020-05-27 14:35:09',0,'1',162,NULL,'2020-05-27 18:35:09','2020-05-27 18:35:09',NULL),(811,102,'Today is Wednesday 5/27 and I have ran three times so far this week! I am going to try and run at least 6 times even if one or two of the days have to be slow/ short miles.','0',156,'2020-05-27 14:36:09',0,'1',156,NULL,'2020-05-27 18:36:09','2020-05-27 18:36:09',NULL),(812,45,'Here is the link to the podcast: https://glasshalffullot.com/podcast/gender-dysphoria/','0',162,'2020-05-27 14:37:49',810,'1',162,NULL,'2020-05-27 18:37:49','2020-05-27 18:37:49',NULL),(813,113,'I have run 4 miles once this week, but plan to run 2 more times this week. ','0',162,'2020-05-27 14:38:57',0,'1',162,NULL,'2020-05-27 18:38:57','2020-05-27 18:38:57',NULL),(814,40,'Read the article about OT\'s being expert witnesses in the legal system. We can play a very impactful role if ever subpoenaed to court, we have the power to truthfully present our findings.','1',157,'2020-05-27 15:16:52',0,'1',157,NULL,'2020-05-27 19:16:52','2020-05-27 19:16:52',NULL),(815,79,'5/24: 7 hours\r\n5/25: 6 hours\r\n5/26: 7 hours','0',145,'2020-05-27 16:28:10',0,'1',145,NULL,'2020-05-27 20:28:11','2020-05-27 20:28:11',NULL),(816,80,'5/25: 0 hours\r\n5/26: 1 hour\r\n5/27: 1 hour','0',145,'2020-05-27 16:29:10',0,'1',145,NULL,'2020-05-27 20:29:10','2020-05-27 20:29:10',NULL),(817,28,'No articles read\r\nPlan: read at least 1 by 5/31','0',145,'2020-05-27 16:32:39',0,'1',145,NULL,'2020-05-27 20:32:39','2020-05-27 20:32:39',NULL),(818,52,'No articles read\r\nPlan: read at least 1 by 5/31','0',145,'2020-05-27 16:33:32',0,'1',145,NULL,'2020-05-27 20:33:32','2020-05-27 20:33:32',NULL),(819,4,'Reached out to classmates to begin group preperation','0',145,'2020-05-27 16:34:18',0,'1',145,NULL,'2020-05-27 20:34:18','2020-05-27 20:34:18',NULL),(820,87,'It has felt nice putting time aside to journal right in the morning. I am making good progress.?','0',149,'2020-05-27 17:03:21',0,'1',149,NULL,'2020-05-27 21:03:21','2020-05-27 21:03:21',NULL),(821,88,'I have been walking around 8000 steps still. I find time between the rain.','2',149,'2020-05-27 17:05:15',0,'1',149,NULL,'2020-05-27 21:05:15','2020-05-27 21:05:15',NULL),(822,32,'I plan to read a second article this weekend ?','1',149,'2020-05-27 17:06:05',0,'1',149,NULL,'2020-05-27 21:06:05','2020-05-27 21:06:05',NULL),(823,8,'I have decided on who I am working with for this assignment and we have began talking about it. ','0',149,'2020-05-27 17:09:09',0,'1',149,NULL,'2020-05-27 21:09:09','2020-05-27 21:09:09',NULL),(824,56,'I read the article on sensory integration outcomes, which was provided on elearning, for my first article! ','1',149,'2020-05-27 17:14:24',0,'1',149,NULL,'2020-05-27 21:14:24','2020-05-27 21:14:24',NULL),(825,77,'I am up to 40 minutes of stretching for this week so far. Hoping to reach at least 60 minutes!','0',144,'2020-05-27 20:22:46',0,'1',144,NULL,'2020-05-28 00:22:46','2020-05-28 00:22:46',NULL),(826,78,'I am at 10 miles of running so far for this week','0',144,'2020-05-27 20:24:05',0,'1',144,NULL,'2020-05-28 00:24:05','2020-05-28 00:24:05',NULL),(827,27,'I will read an article by this Friday.','0',144,'2020-05-27 20:25:58',0,'1',144,NULL,'2020-05-28 00:25:58','2020-05-28 00:25:58',NULL),(828,51,'I will read an article by Friday.','0',144,'2020-05-27 20:26:57',0,'1',144,NULL,'2020-05-28 00:26:57','2020-05-28 00:26:57',NULL),(829,3,'I started working on a powerpoint for the final class','0',144,'2020-05-27 20:31:09',0,'1',144,NULL,'2020-05-28 00:31:09','2020-05-28 00:31:09',NULL),(830,9,'I have a group set, and we have created a shared document to start working on our project! Waiting to start after class tomorrow to get some clarification on guidelines. ','0',150,'2020-05-27 22:33:10',0,'1',150,NULL,'2020-05-28 02:33:10','2020-05-28 02:33:10',NULL),(831,90,'Still at a 0 but on my way to a level 2!','0',150,'2020-05-27 22:33:38',0,'1',150,NULL,'2020-05-28 02:33:38','2020-05-28 02:33:38',NULL),(832,57,'I have read 2 articles and completed 2 quizzes so far - one on community-based OT settings (which encompasses a lot of mental health/homelessness), and another about trauma-informed care.','2',150,'2020-05-27 22:36:12',0,'1',150,NULL,'2020-05-28 02:36:12','2020-05-28 02:36:12',NULL),(833,33,'I have read 4 articles: community-based OT, opioid guidelines, use of interpreters, and adult obesity, all with associated quizzes. ','3',150,'2020-05-27 22:37:45',0,'1',150,NULL,'2020-05-28 02:37:45','2020-05-28 02:37:45',NULL),(834,89,'5/25 - 30 min, 5/26 - 60 min, 5/27 - 0 min. Still on track for at least a level 2!','0',150,'2020-05-27 22:39:00',0,'1',150,NULL,'2020-05-28 02:39:00','2020-05-28 02:39:00',NULL),(835,7,'I finalized my group since last class period and will continue to work on getting started with this project. ','0',148,'2020-05-28 07:47:26',0,'1',148,NULL,'2020-05-28 11:47:26','2020-05-28 11:47:26',NULL),(836,86,'I was able to maintain 3 servings or fruits/vegetables Sunday, Monday, Tuesday, and Wednesday. ','0',148,'2020-05-28 07:48:33',0,'1',148,NULL,'2020-05-28 11:48:33','2020-05-28 11:48:33',NULL),(837,55,'I read a CE article this week about assessments that are done in schools and completed the associated quiz for the article.','2',148,'2020-05-28 07:49:25',0,'1',148,NULL,'2020-05-28 11:49:25','2020-05-28 11:49:25',NULL),(838,31,'I have completed my expected goal level for this goal, but will continue to read articles that relate to this topic. ','2',148,'2020-05-28 07:49:53',0,'1',148,NULL,'2020-05-28 11:49:53','2020-05-28 11:49:53',NULL),(839,85,' I have maintained consistency with this goal and was able to drink 4 16 oz bottles Sunday, Monday, Tuesday, and Wednesday. ','0',148,'2020-05-28 07:50:20',0,'1',148,NULL,'2020-05-28 11:50:20','2020-05-28 11:50:20',NULL),(840,13,'Began working on this, getting ideas, and setting up deadlines. By the end of the week I will complete 1/4 for my goal. By June 15th I will have completed 3/4. ','0',154,'2020-05-28 08:16:32',0,'1',154,NULL,'2020-05-28 12:16:32','2020-05-28 12:16:32',NULL),(841,98,'I have continued to drink my daily required intake for water. ','0',154,'2020-05-28 08:17:36',0,'1',154,NULL,'2020-05-28 12:17:36','2020-05-28 12:17:36',NULL),(842,97,'Upon going to weigh myself this morning I nudged the scale with my foot the right way into the cabinet near it and somehow shattered the scale. I will buy a new and identical scale tomorrow. ','1',154,'2020-05-28 08:20:03',0,'1',154,NULL,'2020-05-28 12:20:03','2020-05-28 12:20:03',NULL),(843,61,'I read an additional article on hand therapy this week while researching information on class topics. ','3',154,'2020-05-28 08:21:03',0,'1',154,NULL,'2020-05-28 12:21:03','2020-05-28 12:21:03',NULL),(844,37,'I have read 5 articles and completed 5 CE quizzes to submit ','3',154,'2020-05-28 08:22:49',0,'1',154,NULL,'2020-05-28 12:22:49','2020-05-28 12:22:49',NULL),(845,18,'I\'ve organized a group to start the advocacy project. My goal for this next week will include starting to brainstorm for this project. ','0',159,'2020-05-28 09:13:04',0,'1',159,NULL,'2020-05-28 13:13:04','2020-05-28 13:13:04',NULL),(846,17,'My small group and I had a brief discussion about our advocacy project and we are on track to start working on this.  ','0',158,'2020-05-28 09:13:16',0,'1',158,NULL,'2020-05-28 13:13:16','2020-05-28 13:13:16',NULL),(847,106,'I have been on track this week with drinking water,  I will post a weekly update on Sunday! ','0',158,'2020-05-28 09:14:03',0,'1',158,NULL,'2020-05-28 13:14:03','2020-05-28 13:14:03',NULL),(848,108,'While balancing schoolwork, I am learning to also balance relationships during the week. I was able to stay in contact via phone calling for 40 minutes each day. ','0',159,'2020-05-28 09:14:53',0,'1',159,NULL,'2020-05-28 13:14:53','2020-05-28 13:14:53',NULL),(849,105,'I have been on track with my exercise this week, I will post an update on Sunday for the week :) ','0',158,'2020-05-28 09:15:25',0,'1',158,NULL,'2020-05-28 13:15:25','2020-05-28 13:15:25',NULL),(850,117,'still  working and keeping track!','0',164,'2020-05-28 09:17:03',0,'1',164,NULL,'2020-05-28 13:17:03','2020-05-28 13:17:03',NULL),(851,47,'i have read 3 articles on global issues','2',164,'2020-05-28 09:17:31',0,'1',164,NULL,'2020-05-28 13:17:31','2020-05-28 13:17:31',NULL),(852,71,'same as sunday! but have so far read 3 articles','3',164,'2020-05-28 09:17:53',0,'1',164,NULL,'2020-05-28 13:17:53','2020-05-28 13:17:53',NULL),(853,118,'making progress and keepiung track','0',164,'2020-05-28 09:18:13',0,'1',164,NULL,'2020-05-28 13:18:13','2020-05-28 13:18:13',NULL),(854,23,'my 4 friends and I started working on this presentation this week!','2',164,'2020-05-28 09:18:49',0,'1',164,NULL,'2020-05-28 13:18:49','2020-05-28 13:18:49',NULL),(855,41,'I used our day off on Monday and Tuesday to read CE articles and complete the quizzes.  I have read and completed one article related to global social issues. ','1',158,'2020-05-28 09:18:49',0,'1',158,NULL,'2020-05-28 13:18:49','2020-05-28 13:18:49',NULL),(856,66,'I was able to find 2-3 additional resources regarding wounds in OT. ','2',159,'2020-05-28 09:18:55',0,'1',159,NULL,'2020-05-28 13:18:55','2020-05-28 13:18:55',NULL),(857,66,'Wound-Management-Interim-20181112 -AOTA','2',159,'2020-05-28 09:19:16',0,'1',159,NULL,'2020-05-28 13:19:16','2020-05-28 13:19:16',NULL),(858,66,'Microsoft Word - AOTA comments Draft LCD DL27394 for Chronic Wound Care.doc ','2',159,'2020-05-28 09:19:32',0,'1',159,NULL,'2020-05-28 13:19:32','2020-05-28 13:19:32',NULL),(859,66,'Critically Appraised Topic: Evidence for the Effectiveness of Scar Management and Pain Management Interventions for Individuals Rehabilitating from Severe Burns - AOTA ','2',159,'2020-05-28 09:19:49',0,'1',159,NULL,'2020-05-28 13:19:49','2020-05-28 13:19:49',NULL),(860,65,'I have not found a CE article related to UE rehabilitation yet.  I found a few articles, but I have not found an article with a competency quiz yet.  ','0',158,'2020-05-28 09:19:56',0,'1',158,NULL,'2020-05-28 13:19:56','2020-05-28 13:19:56',NULL),(861,66,'Physical Agent Modalities Chart ','2',159,'2020-05-28 09:20:06',0,'1',159,NULL,'2020-05-28 13:20:06','2020-05-28 13:20:06',NULL),(862,42,'I am still at the same level of my goal as the last time I checked in. I did not read any additional articles yet this week. ','3',159,'2020-05-28 09:21:48',0,'1',159,NULL,'2020-05-28 13:21:48','2020-05-28 13:21:48',NULL),(863,107,'An additional sleep hygiene tip I found this week is to hydrate with a soothing liquid an hr before bed. I really enjoyed hot peppermint tea and found it helpful falling to sleep. ','0',159,'2020-05-28 09:23:51',0,'1',159,NULL,'2020-05-28 13:23:51','2020-05-28 13:23:51',NULL),(864,107,'This was a new sleep hygiene tip, in addition to the 6 other modifications made. ','0',159,'2020-05-28 09:24:59',0,'1',159,NULL,'2020-05-28 13:24:59','2020-05-28 13:24:59',NULL),(865,17,'We also added Mac Boyer to our group, making us a group of 4!','0',158,'2020-05-28 09:31:46',846,'1',158,NULL,'2020-05-28 13:31:46','2020-05-28 13:31:46',NULL),(866,19,'Mac has joined our group (Hannah G, Kylie S, and myself)!','0',160,'2020-05-28 09:34:09',798,'1',160,NULL,'2020-05-28 13:34:09','2020-05-28 13:34:09',NULL),(867,29,'I read an article on the role of OT in the opioid epidemic, and an article on OT services for those who are homeless. Super interesting reads!','2',146,'2020-05-28 10:34:12',0,'1',146,NULL,'2020-05-28 14:34:12','2020-05-28 14:34:12',NULL),(868,81,'I have called friends 3 times this week, and 2 more scheduled for this afternoon! ','0',146,'2020-05-28 10:35:08',0,'1',146,NULL,'2020-05-28 14:35:08','2020-05-28 14:35:08',NULL),(869,5,'I have formed my group and we are bouncing ideas off of each other!','0',146,'2020-05-28 10:35:48',0,'1',146,NULL,'2020-05-28 14:35:48','2020-05-28 14:35:48',NULL),(870,53,'I read the article on SI provided on Elearning, but how do I find more free articles with attached competency quizzes?','1',146,'2020-05-28 10:39:03',0,'1',146,NULL,'2020-05-28 14:39:03','2020-05-28 14:39:03',NULL),(871,82,'I have woken up at or before 8AM each day this week!','0',146,'2020-05-28 10:39:32',0,'1',146,NULL,'2020-05-28 14:39:32','2020-05-28 14:39:32',NULL),(872,14,'We have started talking regarding this project but really have no idea where to begin.','0',155,'2020-05-28 15:01:09',0,'1',155,NULL,'2020-05-28 19:01:09','2020-05-28 19:01:09',NULL),(873,100,'so far  gotten 1 work out in but if moving back into my apartment in grand rapids counts  (which is should it was exhausting) I have two so far this week.','0',155,'2020-05-28 15:03:00',0,'1',155,NULL,'2020-05-28 19:03:00','2020-05-28 19:03:00',NULL),(874,62,'Have not had time to read any more articles at this time.','1',155,'2020-05-28 15:04:10',0,'1',155,NULL,'2020-05-28 19:04:10','2020-05-28 19:04:10',NULL),(875,38,'Have not had the chance to read any more articles.','1',155,'2020-05-28 15:06:15',0,'1',155,NULL,'2020-05-28 19:06:15','2020-05-28 19:06:15',NULL),(876,99,'This week I have cooked  2 healthy lunches so far.','0',155,'2020-05-28 15:07:32',0,'1',155,NULL,'2020-05-28 19:07:32','2020-05-28 19:07:32',NULL),(877,2,'I have been talking with my small group about ideas for this project. We are struggling a bit to get started with no rubric but are all starting to think of creative ideas & share them soon','0',143,'2020-05-28 15:07:40',0,'1',143,NULL,'2020-05-28 19:07:40','2020-05-28 19:07:40',NULL),(878,76,'Made chicken with rice and veggies for dinner last night, and a brussel sprout salad for lunch. I think quarantine is making it easier for me to be healthier since I have more time to cook!','0',143,'2020-05-28 15:10:30',0,'1',143,NULL,'2020-05-28 19:10:30','2020-05-28 19:10:30',NULL),(879,75,'Yesterday I did a 30 minute home exercise workout that was a good combination of cardio and strength training! I found a video to follow which helped me not stop and take breaks','0',143,'2020-05-28 15:11:44',0,'1',143,NULL,'2020-05-28 19:11:44','2020-05-28 19:11:44',NULL),(880,50,'I am taking your advice and creating a schedule for deadlines for reading pediatric articles today! I think this will be helpful to keep on track. ','0',143,'2020-05-28 15:12:35',0,'1',143,NULL,'2020-05-28 19:12:35','2020-05-28 19:12:35',NULL),(881,26,'I read one article last week and plan to read one more and take the quiz within the next week','1',143,'2020-05-28 15:13:21',0,'1',143,NULL,'2020-05-28 19:13:21','2020-05-28 19:13:21',NULL),(882,10,'I reached out to several people about making a group but didn\'t get any takers. I\'ll keep trying but in the meantime, I\'ll start an outline for an individual project. ','0',151,'2020-05-28 18:03:24',0,'1',151,NULL,'2020-05-28 22:03:24','2020-05-28 22:03:24',NULL),(883,91,'I followed an exercise yesterday and this morning prior to class. I should be able to get a third in either tomorrow or Saturday. ','0',151,'2020-05-28 18:05:03',0,'1',151,NULL,'2020-05-28 22:05:03','2020-05-28 22:05:03',NULL),(884,92,'I had a third glass of water on 5/24. I had 3 on 5/25, 2 on 5/26, 3 on 5/27 and three so far today (5/28).  If 5/19 counts (4 glasses) I believe I am at a 1! ','1',151,'2020-05-28 18:08:40',0,'1',151,NULL,'2020-05-28 22:08:40','2020-05-28 22:08:40',NULL),(885,58,'I read my first article and recorded my responses to the quiz. Going to try and read 1-2 more over the weekend. ','1',151,'2020-05-28 18:09:42',0,'1',151,NULL,'2020-05-28 22:09:42','2020-05-28 22:09:42',NULL),(886,34,'I read my first article and recorded my responses to the quiz for this section! Hopefully, I can get at least 1 more read over the weekend. ','1',151,'2020-05-28 18:10:51',0,'1',151,NULL,'2020-05-28 22:10:51','2020-05-28 22:10:51',NULL),(887,1,'No advocacy project completed yet. ','0',142,'2020-05-28 20:53:32',0,'1',142,NULL,'2020-05-29 00:53:32','2020-05-29 00:53:32',NULL),(888,74,'Between Monday and Thursday, I was able to eat either some form of a salad for a meal/snack, or have asparagus, quinoa and kale for meals!','0',142,'2020-05-28 20:55:24',0,'1',142,NULL,'2020-05-29 00:55:24','2020-05-29 00:55:24',NULL),(889,49,'Still have only read one article related to Hand Therapy outside of my UE course. ','1',142,'2020-05-28 20:56:10',0,'1',142,NULL,'2020-05-29 00:56:10','2020-05-29 00:56:10',NULL),(890,25,'Still have only read one article, will read more this weekend. ','1',142,'2020-05-28 20:57:20',0,'1',142,NULL,'2020-05-29 00:57:20','2020-05-29 00:57:20',NULL),(891,73,'Monday - ran 2 miles and did arm exercises, Tuesday - ran for 35 minutes and did leg exercises, Wednesday - ran 30 minutes and did 30 minutes of leg exercises. Thursday - took a break!!','0',142,'2020-05-28 20:58:43',0,'1',142,NULL,'2020-05-29 00:58:43','2020-05-29 00:58:43',NULL),(892,22,'My group and I have discussed how we will do the presentation recently','0',163,'2020-05-28 22:06:29',0,'1',163,NULL,'2020-05-29 02:06:29','2020-05-29 02:06:29',NULL),(893,116,'I am still drinking at least 80oz of water a day!','0',163,'2020-05-28 22:07:01',0,'1',163,NULL,'2020-05-29 02:07:02','2020-05-29 02:07:02',NULL),(894,70,'I have not read an article for this goal yet this week, but have selected a few to read this weekend','2',163,'2020-05-28 22:07:45',0,'1',163,NULL,'2020-05-29 02:07:45','2020-05-29 02:07:45',NULL),(895,46,'I have not read any more articles for this goal yet this week but have selected one to read this weekend!','2',163,'2020-05-28 22:08:36',0,'1',163,NULL,'2020-05-29 02:08:36','2020-05-29 02:08:36',NULL),(896,115,'I have walked at least 4 miles once so far this week and expect do walk that distance at least once this weekend','0',163,'2020-05-28 22:09:25',0,'1',163,NULL,'2020-05-29 02:09:25','2020-05-29 02:09:25',NULL),(897,12,'Came up with a concept idea and a plan to create video with Torie, Stacey and April!!','0',153,'2020-05-28 22:10:39',0,'1',153,NULL,'2020-05-29 02:10:39','2020-05-29 02:10:39',NULL),(898,60,'No further progress since Saturday. ','2',153,'2020-05-28 22:11:01',0,'1',153,NULL,'2020-05-29 02:11:01','2020-05-29 02:11:01',NULL),(899,36,'No further progress since Sunday.','2',153,'2020-05-28 22:11:18',0,'1',153,NULL,'2020-05-29 02:11:18','2020-05-29 02:11:18',NULL),(900,95,'I have journaled 2 times so far this week!','0',153,'2020-05-28 22:11:40',0,'1',153,NULL,'2020-05-29 02:11:40','2020-05-29 02:11:40',NULL),(901,96,'I got 15,000 steps at work yesterday! This will put me well above 7,000 average for the rest of the week, and I work tomorrow!!','0',153,'2020-05-28 22:12:27',0,'1',153,NULL,'2020-05-29 02:12:27','2020-05-29 02:12:27',NULL),(902,6,'No progress has been made on this goal','0',147,'2020-05-28 22:28:16',0,'1',147,NULL,'2020-05-29 02:28:16','2020-05-29 02:28:16',NULL),(903,83,'I have intentionally drank at least 5-6 glasses of water each day for the past 4 days! This places me at 12 consecutive days for 3-4 glasses of water and/or 10 days for 5-6 glasses of water!!','1',147,'2020-05-28 22:30:28',0,'1',147,NULL,'2020-05-29 02:30:28','2020-05-29 02:30:28',NULL),(904,54,'I have tried researching some articles related to neuropathies, but I have not found any that include a competency quiz with them ?','0',147,'2020-05-28 22:31:40',0,'1',147,NULL,'2020-05-29 02:31:40','2020-05-29 02:31:40',NULL),(905,30,'I read a CE article about obesity! It was very enlightening and an enjoyable read :) I always found this topic interesting in my undergraduate public health courses.','1',147,'2020-05-28 22:32:35',0,'1',147,NULL,'2020-05-29 02:32:35','2020-05-29 02:32:35',NULL),(906,84,'I have not done another yoga or pilates class this week, but I\'m planning to do one on Saturday so that I can have done 2 this week!','0',147,'2020-05-28 22:33:27',0,'1',147,NULL,'2020-05-29 02:33:27','2020-05-29 02:33:27',NULL),(907,11,'I joined a group with my peers and we started listing ideas for what we want to do with our video.','0',152,'2020-05-29 01:56:27',0,'1',152,NULL,'2020-05-29 05:56:27','2020-05-29 05:56:27',NULL),(908,94,'I continue to track my progress with the app on my phone. It has been going well.','0',152,'2020-05-29 01:57:28',0,'1',152,NULL,'2020-05-29 05:57:28','2020-05-29 05:57:28',NULL),(909,93,'My schedule is all over the place so I definitely think that is part of the problem.','0',152,'2020-05-29 01:58:29',681,'1',152,NULL,'2020-05-29 05:58:29','2020-05-29 05:58:29',NULL),(910,93,'I have been doing well with my meds, I have been keeping track on my phone.','0',152,'2020-05-29 01:59:08',0,'1',152,NULL,'2020-05-29 05:59:08','2020-05-29 05:59:08',NULL),(911,59,'I read another article this week and I hope to read another by the end of the week.','2',152,'2020-05-29 02:00:48',0,'1',152,NULL,'2020-05-29 06:00:48','2020-05-29 06:00:48',NULL),(912,35,'I have an article picked out that I hope to read in the next few days.','2',152,'2020-05-29 02:02:00',0,'1',152,NULL,'2020-05-29 06:02:00','2020-05-29 06:02:00',NULL),(913,24,'My group and I are in communication regarding this project and plan to meet virtually soon to begin working on it.','0',165,'2020-05-29 10:41:49',0,'1',165,NULL,'2020-05-29 14:41:49','2020-05-29 14:41:49',NULL),(914,119,'I have continued to drink at least 60 oz of water everyday, a few days I even drank 70 oz.','0',165,'2020-05-29 10:42:40',0,'1',165,NULL,'2020-05-29 14:42:40','2020-05-29 14:42:40',NULL),(915,72,'I have now read 5 articles that have increased my knowledge in mental health. I am really enjoying learning more about this area!','3',165,'2020-05-29 10:43:50',0,'1',165,NULL,'2020-05-29 14:43:50','2020-05-29 14:43:50',NULL),(916,48,'I have read 2 articles so far that relate to global social issues impacting healthcare practices and trends. I plan to read another one by class on Tuesday.','2',165,'2020-05-29 10:45:04',0,'1',165,NULL,'2020-05-29 14:45:04','2020-05-29 14:45:04',NULL),(917,120,'Remembering to meditate everyday has been very hard for me. I workout or practice yoga everyday, so oftentimes I forget about the meditation portion. So far I have meditated 1x this week.','0',165,'2020-05-29 10:47:38',0,'1',165,NULL,'2020-05-29 14:47:38','2020-05-29 14:47:38',NULL),(918,120,'I plan to meditate today, Saturday, and Sunday which will total the week out at 4x if I stick to my schedule.','0',165,'2020-05-29 10:48:42',917,'1',165,NULL,'2020-05-29 14:48:42','2020-05-29 14:48:42',NULL),(919,45,'This weekend I read the article, \"Opioid Guidelines and Their Implications for Occupational Therapy\". I have now read 3 additional articles. ','2',162,'2020-05-31 08:42:31',0,'1',162,NULL,'2020-05-31 12:42:31','2020-05-31 12:42:31',NULL),(920,113,'I have run 4 miles 3 times this week. I have done this 3 weeks in a row now, so I am halfway to meeting my goal. ','0',162,'2020-05-31 08:43:54',0,'1',162,NULL,'2020-05-31 12:43:54','2020-05-31 12:43:54',NULL),(921,69,'I read \"Integrating Motor Control and Motor Learning Concepts with Neuropsychological Perspectives on Apraxia and Developmental Dyspraxia\" to learn more on the use of motor learning. ','3',162,'2020-05-31 08:47:21',0,'1',162,NULL,'2020-05-31 12:47:21','2020-05-31 12:47:21',NULL),(922,69,'I have now read 4 additional articles. ','0',162,'2020-05-31 08:47:49',921,'1',162,NULL,'2020-05-31 12:47:49','2020-05-31 12:47:49',NULL),(923,114,'I have journaled 5 times this week. So far I have journaled 5 times a week for 3 weeks. I am halfway to reaching my goal. ','0',162,'2020-05-31 08:52:24',0,'1',162,NULL,'2020-05-31 12:52:24','2020-05-31 12:52:24',NULL),(924,21,'My group is planning to prepare a short video to share with the class. We have just started working on this. ','0',162,'2020-05-31 08:53:34',0,'1',162,NULL,'2020-05-31 12:53:34','2020-05-31 12:53:34',NULL),(925,63,'I was able to read an article on Trauma to help support me as a practitioner when working with geriatric patients who may have experienced multiple forms of trauma. I have read 5 articles now!','3',156,'2020-05-31 10:03:28',0,'1',156,NULL,'2020-05-31 14:03:28','2020-05-31 14:03:28',NULL),(926,15,'My group and I are brainstorming for this project! ','0',156,'2020-05-31 10:04:21',0,'1',156,NULL,'2020-05-31 14:04:21','2020-05-31 14:04:21',NULL),(927,39,' I read an article about being a legal witness.  This is important because in society today, several legal issues arise and there is likelihood that I will need to understand the process.','2',156,'2020-05-31 10:08:24',0,'1',156,NULL,'2020-05-31 14:08:24','2020-05-31 14:08:24',NULL),(928,101,'I was able to journal 4 times this week! With so many bad things happening in the world right now, it is helpful for me to be able to document how I am feeling. I am thankful for journaling. ','3',156,'2020-05-31 10:10:02',0,'1',156,NULL,'2020-05-31 14:10:02','2020-05-31 14:10:02',NULL),(929,102,'I was able to run 7 times this week! It is such a great outlet for me and I can feel myself getting stronger and healthier!','4',156,'2020-05-31 10:11:16',0,'1',156,NULL,'2020-05-31 14:11:16','2020-05-31 14:11:16',NULL),(930,81,'I initiated calling 5 friends the week of 5/24-5/30!','0',146,'2020-05-31 10:17:26',0,'1',146,NULL,'2020-05-31 14:17:26','2020-05-31 14:17:26',NULL),(931,5,'We are choosing between two concepts for our video, and will begin filming our separate parts this week when we decide on our final concept. ','0',146,'2020-05-31 10:26:54',0,'1',146,NULL,'2020-05-31 14:26:54','2020-05-31 14:26:54',NULL),(932,53,'I am having a difficult time finding other free articles with competency quizzes on the topic of SI. Do you have any suggestions on where to look?','1',146,'2020-05-31 10:31:12',0,'1',146,NULL,'2020-05-31 14:31:12','2020-05-31 14:31:12',NULL),(933,29,'I plan on achieving level 3 this week. There are so many interesting topics I want to learn more about.','2',146,'2020-05-31 10:42:31',0,'1',146,NULL,'2020-05-31 14:42:31','2020-05-31 14:42:31',NULL),(934,82,'I rarely need my alarm anymore. I woke up 5/5 weekdays before 8AM this week. I also woke up Saturday before 8AM as well!','0',146,'2020-05-31 10:46:05',0,'1',146,NULL,'2020-05-31 14:46:05','2020-05-31 14:46:05',NULL),(935,23,'baecame a group of 5 and began working on this assignment before we had class last Thursday,  hoping thats okay since you said thursday a group of 4. Weve done a lot of work already','2',164,'2020-05-31 11:49:04',0,'1',164,NULL,'2020-05-31 15:49:04','2020-05-31 15:49:04',NULL),(936,118,'still making good progress with this goal and keeping record of accomplishments','0',164,'2020-05-31 11:51:29',0,'1',164,NULL,'2020-05-31 15:51:29','2020-05-31 15:51:29',NULL),(937,103,'End of week 2: I have successfully drank 3-4 water bottles everyday of the week. 2 weeks down, 2 to go!','0',157,'2020-05-31 11:51:39',0,'1',157,NULL,'2020-05-31 15:51:39','2020-05-31 15:51:39',NULL),(938,71,'read another article- been at 4 realized i had a typo thursday','3',164,'2020-05-31 11:52:19',0,'1',164,NULL,'2020-05-31 15:52:19','2020-05-31 15:52:19',NULL),(939,47,'no changes this week with this!','3',164,'2020-05-31 11:52:43',0,'1',164,NULL,'2020-05-31 15:52:43','2020-05-31 15:52:43',NULL),(940,47,'i meant to press \"2\".','0',164,'2020-05-31 11:52:59',939,'1',164,NULL,'2020-05-31 15:52:59','2020-05-31 15:52:59',NULL),(941,117,'still making good progress with this goal and keeping record of accomplishments','0',164,'2020-05-31 11:53:45',0,'1',164,NULL,'2020-05-31 15:53:45','2020-05-31 15:53:45',NULL),(942,104,'I learned how to make a classic swan. The most difficult part of making the swan was just reading the instructions. There were many different terms and symbols that I was unfamiliar with. ','0',157,'2020-05-31 11:59:36',0,'1',157,NULL,'2020-05-31 15:59:36','2020-05-31 15:59:36',NULL),(943,7,'I have not completed the project yet, but my group has a zoom meeting scheduled tomorrow (6/1) to start the project. ','0',148,'2020-05-31 12:16:50',0,'1',148,NULL,'2020-05-31 16:16:50','2020-05-31 16:16:50',NULL),(944,86,'I have been able to maintain my goal of 3 servings of fruits/vegetables for over a week now! I will continue to monitor. ','0',148,'2020-05-31 12:17:53',0,'1',148,NULL,'2020-05-31 16:17:53','2020-05-31 16:17:53',NULL),(945,55,'This week I read a systematic review about multidisciplinary interventions for pediatric feeding disorders. ','3',148,'2020-05-31 12:23:25',0,'1',148,NULL,'2020-05-31 16:23:25','2020-05-31 16:23:25',NULL),(946,31,'I didn\'t get a chance to read any more articles for this topic, but I did think about how I could integrate everything I learned into the final paper. ','2',148,'2020-05-31 12:25:43',0,'1',148,NULL,'2020-05-31 16:25:43','2020-05-31 16:25:43',NULL),(947,85,'I have maintained consistency for this goal and I have found it is getting easier to maintain this. I will continue to monitor. I drank 4 16 oz bottles Thursday, Friday, and Saturday.  ','0',148,'2020-05-31 12:26:50',0,'1',148,NULL,'2020-05-31 16:26:50','2020-05-31 16:26:50',NULL),(948,19,'Hoping to plan this week with Kylie, Hannah G, and Mac.','0',160,'2020-05-31 12:44:36',0,'1',160,NULL,'2020-05-31 16:44:36','2020-05-31 16:44:36',NULL),(949,109,'This week I have stretched Mon,Wed,Fri, Sun. I find this to be the schedule that works best for me and it has begun to be a part of my routine.','0',160,'2020-05-31 12:45:29',0,'1',160,NULL,'2020-05-31 16:45:29','2020-05-31 16:45:29',NULL),(950,67,'Still looking for an article that also has a CE quiz (without having to pay for one). Do you have any suggestions?','0',160,'2020-05-31 12:46:07',0,'1',160,NULL,'2020-05-31 16:46:07','2020-05-31 16:46:07',NULL),(951,43,'I have read and completed the CE quizzes (2)- \"Working with older adults with development and intellectual disabilities in long term\" and \"pediatric obesity\".','2',160,'2020-05-31 12:59:16',0,'1',160,NULL,'2020-05-31 16:59:16','2020-05-31 16:59:16',NULL),(952,110,'This week I ran 7 miles on Tuesday and 8 miles on Sunday.','0',160,'2020-05-31 12:59:49',0,'1',160,NULL,'2020-05-31 16:59:49','2020-05-31 16:59:49',NULL),(953,91,'I followed one of the exercises on Saturday (5/30) which puts me at two weeks of exercising 3x/week. ','0',151,'2020-05-31 14:18:34',0,'1',151,NULL,'2020-05-31 18:18:34','2020-05-31 18:18:34',NULL),(954,92,'On 5/29 I had two glass of water, on 5/30 I had 3. I have not had any yet today but I don\'t want to lose my progress so I will definitely be having some. ','1',151,'2020-05-31 14:20:02',0,'1',151,NULL,'2020-05-31 18:20:02','2020-05-31 18:20:02',NULL),(955,10,'I started to collect some ideas for this, going to take some time from our self-directed class on Tuesday to work on this. ','0',151,'2020-05-31 14:21:10',0,'1',151,NULL,'2020-05-31 18:21:10','2020-05-31 18:21:10',NULL),(956,58,'I read my second article and recorded my responses to the quiz. So far, they\'ve all been interesting reads. Need at least 1 more article before I advance to a 2. ','1',151,'2020-05-31 14:22:30',0,'1',151,NULL,'2020-05-31 18:22:30','2020-05-31 18:22:30',NULL),(957,34,'I read my second article and recorded my responses to the quiz. I started looking at AOTA for more articles as well. May try to do a podcast for this one later this week. ','1',151,'2020-05-31 14:23:39',0,'1',151,NULL,'2020-05-31 18:23:39','2020-05-31 18:23:39',NULL),(958,102,'I accidentally scaled my last update as a 4 whereas I should have scaled it as a 0 since we are not 4 weeks in yet.  ','0',156,'2020-05-31 17:06:35',0,'1',156,NULL,'2020-05-31 21:06:35','2020-05-31 21:06:35',NULL),(959,77,'I had a total of 50 minutes of stretching last week. ','0',144,'2020-05-31 17:23:07',0,'1',144,NULL,'2020-05-31 21:23:07','2020-05-31 21:23:07',NULL),(960,78,'I ran 15 miles last week! Looking forward to running in the sunshine today.','0',144,'2020-05-31 17:23:48',0,'1',144,NULL,'2020-05-31 21:23:48','2020-05-31 21:23:48',NULL),(961,51,'I read one article related to pediatrics this weekend. I plan on reading another article this Tuesday.','1',144,'2020-05-31 17:25:35',0,'1',144,NULL,'2020-05-31 21:25:35','2020-05-31 21:25:35',NULL),(962,27,'I read one article this weekend and plan on reading another article this Tuesday.','1',144,'2020-05-31 17:26:01',0,'1',144,NULL,'2020-05-31 21:26:01','2020-05-31 21:26:01',NULL),(963,3,'I have joined a group of my classmates to prepare a project for the final class. ','0',144,'2020-05-31 17:27:05',0,'1',144,NULL,'2020-05-31 21:27:05','2020-05-31 21:27:05',NULL),(964,14,'No updates to  report.','0',155,'2020-05-31 19:01:38',0,'1',155,NULL,'2020-05-31 23:01:38','2020-05-31 23:01:38',NULL),(965,100,'Got in two official work outs this week.','1',155,'2020-05-31 19:02:10',0,'1',155,NULL,'2020-05-31 23:02:10','2020-05-31 23:02:10',NULL),(966,100,'meant zero on the  last comment','0',155,'2020-05-31 19:02:34',0,'1',155,NULL,'2020-05-31 23:02:34','2020-05-31 23:02:34',NULL),(967,62,'This week I read Managing Sleep Deprivation in Older Adults: A Role for Occupational Therapy to help increase my knowledge for my level 1.','2',155,'2020-05-31 19:03:29',0,'1',155,NULL,'2020-05-31 23:03:29','2020-05-31 23:03:29',NULL),(968,38,'have not had the chance to read anymore articles on this particular topic.','1',155,'2020-05-31 19:04:02',0,'1',155,NULL,'2020-05-31 23:04:02','2020-05-31 23:04:02',NULL),(969,99,'This week I was able to cook 4 healthy lunches.','0',155,'2020-05-31 19:05:16',0,'1',155,NULL,'2020-05-31 23:05:16','2020-05-31 23:05:16',NULL),(970,87,'I have still been writing in my journal! It\'s almost been 4 weeks. ','0',149,'2020-05-31 19:15:18',0,'1',149,NULL,'2020-05-31 23:15:18','2020-05-31 23:15:18',NULL),(971,88,'I hit 10000 steps over the weekend because I went up north and went hiking!','3',149,'2020-05-31 19:16:34',0,'1',149,NULL,'2020-05-31 23:16:34','2020-05-31 23:16:34',NULL),(972,56,'I need to find a second article on pediatric sensory issues. I am not sure if this article needs to have a CE quiz on it. ','1',149,'2020-05-31 19:18:24',0,'1',149,NULL,'2020-05-31 23:18:24','2020-05-31 23:18:24',NULL),(973,8,'I have started thinking about my PowerPoint and will start it this week!','0',149,'2020-05-31 19:19:04',0,'1',149,NULL,'2020-05-31 23:19:04','2020-05-31 23:19:04',NULL),(974,32,'The second article I read was on Opioids and their impact on OT. It was interesting!','2',149,'2020-05-31 19:26:08',0,'1',149,NULL,'2020-05-31 23:26:08','2020-05-31 23:26:08',NULL),(975,2,'My group is meeting this week to start working on this project ','0',143,'2020-05-31 20:22:25',0,'1',143,NULL,'2020-06-01 00:22:25','2020-06-01 00:22:25',NULL),(976,76,'I was out of town for the weekend so I haven\'t cooked at all the last few days. Planning on cooking tomorrow though!','0',143,'2020-05-31 20:23:47',0,'1',143,NULL,'2020-06-01 00:23:47','2020-06-01 00:23:47',NULL),(977,75,'I did a 2 mile run and 3 mile walk on Friday, and then did a 30 minute home workout on Saturday :)','0',143,'2020-05-31 20:24:49',0,'1',143,NULL,'2020-06-01 00:24:49','2020-06-01 00:24:49',NULL),(978,50,'Created my schedule to make sure I read articles for this goal','0',143,'2020-05-31 20:25:33',0,'1',143,NULL,'2020-06-01 00:25:33','2020-06-01 00:25:33',NULL),(979,26,'I read another article and took the CE quiz!','2',143,'2020-05-31 20:26:14',0,'1',143,NULL,'2020-06-01 00:26:14','2020-06-01 00:26:14',NULL),(980,46,'I read the article \"Occupational Therapy Across Languages: Working with Interpreters to Ensure Effective and Ethical Practice\" ','2',163,'2020-05-31 21:21:14',0,'1',163,NULL,'2020-06-01 01:21:14','2020-06-01 01:21:14',NULL),(981,70,'I read the article \"Identifying and Measuring Outcomes in Ayres Sensory Integration\" ','2',163,'2020-05-31 21:24:16',0,'1',163,NULL,'2020-06-01 01:24:16','2020-06-01 01:24:16',NULL),(982,25,'Read this article on Occupational Profiles and the purpose/benefits for OTs! Please see the attached as a reference.','2',142,'2020-05-31 21:25:46',0,'1',142,NULL,'2020-06-01 01:25:46','2020-06-01 01:25:46',NULL),(983,115,'I  was only able to walk at least 4 miles once this week','0',163,'2020-05-31 21:27:09',0,'1',163,NULL,'2020-06-01 01:27:09','2020-06-01 01:27:09',NULL),(984,116,'I am still on track with drinking at least 80oz of water every day','0',163,'2020-05-31 21:27:47',0,'1',163,NULL,'2020-06-01 01:27:47','2020-06-01 01:27:47',NULL),(985,22,'My group did not make any progress this weekend on our presentation','0',163,'2020-05-31 21:28:21',0,'1',163,NULL,'2020-06-01 01:28:21','2020-06-01 01:28:21',NULL),(986,74,'This weekend I successfully incorporated either asparagus or spinach into one of my meals, whether it was breakfast, lunch or dinner! I\'m back on track and have reached Level 1 again :)','1',142,'2020-05-31 21:29:59',0,'1',142,NULL,'2020-06-01 01:29:59','2020-06-01 01:29:59',NULL),(987,46,'I    read \"An Introduction to the Legal System and the Occupational Therapist as an Expert Witness: One Therapist\'s Perspective\" ','3',163,'2020-05-31 21:32:23',0,'1',163,NULL,'2020-06-01 01:32:23','2020-06-01 01:32:23',NULL),(988,73,'Friday - ran a little over 3 miles and did both leg and arm exercises for a half hour! Sunday - went on a walk for over a hour and incorporated leg exercises during the walk!','0',142,'2020-05-31 21:34:01',0,'1',142,NULL,'2020-06-01 01:34:01','2020-06-01 01:34:01',NULL),(989,12,'I have a meeting with April, Stacey and Torie tomorrow to finalize our concept for a video before we start filming!','0',153,'2020-05-31 21:37:28',0,'1',153,NULL,'2020-06-01 01:37:28','2020-06-01 01:37:28',NULL),(990,60,'I did not read any more articles at the end of this week. I do have some free time tomorrow though in which I plan to read one for this goal.','2',153,'2020-05-31 21:38:33',0,'1',153,NULL,'2020-06-01 01:38:33','2020-06-01 01:38:33',NULL),(991,36,'I did not read any more articles at the end of this week. I do have some free time tomorrow though in which I plan to read one for this goal.','2',153,'2020-05-31 21:38:43',0,'1',153,NULL,'2020-06-01 01:38:44','2020-06-01 01:38:44',NULL),(992,95,'I journaled 3 times this week. (2/6 weeks at 3x)','0',153,'2020-05-31 21:39:43',0,'1',153,NULL,'2020-06-01 01:39:43','2020-06-01 01:39:43',NULL),(993,96,'Another 7,000 average steps a day for this week! (2/6 weeks?)','0',153,'2020-05-31 21:40:59',0,'1',153,NULL,'2020-06-01 01:40:59','2020-06-01 01:40:59',NULL),(994,49,'Read the attached article on Nighttime Orthoses, which I will be encountering quite often in my Hand Clinic Fieldwork setting. ','2',142,'2020-05-31 21:41:22',0,'1',142,NULL,'2020-06-01 01:41:22','2020-06-01 01:41:22',NULL),(995,18,'I will continue through out this next week to brainstorm for the best ideas for this project individually, then with my group. ','0',159,'2020-05-31 21:46:41',0,'1',159,NULL,'2020-06-01 01:46:41','2020-06-01 01:46:41',NULL),(996,108,'I was able to facetime, make phone calls, and spend time with family for 40 min. each day for the remainder of this week. ','0',159,'2020-05-31 21:47:53',0,'1',159,NULL,'2020-06-01 01:47:53','2020-06-01 01:47:53',NULL),(997,66,'I did not read any additional wound research articles for the remainder of this week. ','2',159,'2020-05-31 21:48:48',0,'1',159,NULL,'2020-06-01 01:48:48','2020-06-01 01:48:48',NULL),(998,42,'I am still at the same level of my goal as the last time I checked in. I did not read any additional articles yet this week. ','3',159,'2020-05-31 21:49:21',0,'1',159,NULL,'2020-06-01 01:49:21','2020-06-01 01:49:21',NULL),(999,1,'Still undecided on topic... any ideas on what you\'d like to see from me (us) as students topic wise?','0',142,'2020-05-31 21:50:51',0,'1',142,NULL,'2020-06-01 01:50:51','2020-06-01 01:50:51',NULL),(1000,107,'I have been fluctuating again during the weekend with my sleep hygiene. I believe I can remedy this by continuing my regular weekly schedule through the weekend (2-3 hygiene tips). ','0',159,'2020-05-31 21:51:28',0,'1',159,NULL,'2020-06-01 01:51:28','2020-06-01 01:51:28',NULL),(1001,20,'Powerpoint has been started!','0',161,'2020-05-31 22:05:09',0,'1',161,NULL,'2020-06-01 02:05:09','2020-06-01 02:05:09',NULL),(1002,111,'Still eating 1400-1500 calories per day','0',161,'2020-05-31 22:05:35',0,'1',161,NULL,'2020-06-01 02:05:35','2020-06-01 02:05:35',NULL),(1003,44,'Read a couple more articles from AOTA and other OT resources about global health care trends','3',161,'2020-05-31 22:06:29',0,'1',161,NULL,'2020-06-01 02:06:29','2020-06-01 02:06:29',NULL),(1004,68,'I have read and listened to about 4-6 podcasts/articles ','3',161,'2020-05-31 22:07:34',0,'1',161,NULL,'2020-06-01 02:07:34','2020-06-01 02:07:34',NULL),(1005,112,'I have been stretching 4 times a week after my workouts!','2',161,'2020-05-31 22:08:52',0,'1',161,NULL,'2020-06-01 02:08:52','2020-06-01 02:08:52',NULL),(1006,24,'My group and I are still in communication regarding this project. No further progress at this time.','0',165,'2020-05-31 22:16:24',0,'1',165,NULL,'2020-06-01 02:16:24','2020-06-01 02:16:24',NULL),(1007,119,'I drank at least 60 oz of water everyday this past week.','0',165,'2020-05-31 22:17:03',0,'1',165,NULL,'2020-06-01 02:17:03','2020-06-01 02:17:03',NULL),(1008,72,'I have read 5 articles thus far, I plan to read 1 more this week and begin to think about who I could interview for additional insight in mental health.','3',165,'2020-05-31 22:18:29',0,'1',165,NULL,'2020-06-01 02:18:29','2020-06-01 02:18:29',NULL),(1009,48,'I have read 3 articles thus far, I plan to read 1-2 more this week.','2',165,'2020-05-31 22:19:14',0,'1',165,NULL,'2020-06-01 02:19:14','2020-06-01 02:19:14',NULL),(1010,120,'I meditated 3x this week, fewer times than I would have liked. I think I will set an alarm on my phone this week for a reminder to see if that helps.','0',165,'2020-05-31 22:20:59',0,'1',165,NULL,'2020-06-01 02:20:59','2020-06-01 02:20:59',NULL),(1011,64,'Read an article titled \"Functional Performance in Children with Down Syndrome\" learned that DS children appeared to be the most delayed in self care activities the require fine motor skills.','2',157,'2020-05-31 22:53:33',0,'1',157,NULL,'2020-06-01 02:53:33','2020-06-01 02:53:33',NULL),(1012,40,'Read the article about the Opioid guidelines for OT. I actually when to the Barbra Ryder colloquium and they talked heavily about how much of an opioid problem we have and how OTs can help ','1',157,'2020-05-31 22:57:55',0,'1',157,NULL,'2020-06-01 02:57:55','2020-06-01 02:57:55',NULL),(1013,16,'Working on power point. ','1',157,'2020-05-31 22:59:10',0,'1',157,NULL,'2020-06-01 02:59:10','2020-06-01 02:59:10',NULL),(1014,79,'5/27: 7 hours\r\n5/28: 7 hours\r\n5/29: 7.5 hours\r\n5/30: 5 hours','0',145,'2020-05-31 23:14:26',0,'1',145,NULL,'2020-06-01 03:14:26','2020-06-01 03:14:26',NULL),(1015,80,'5/28: 1 hour\r\n5/29: 1 hour\r\n5/30: 4 hours\r\n5/31: 2 hours','0',145,'2020-05-31 23:17:18',0,'1',145,NULL,'2020-06-01 03:17:18','2020-06-01 03:17:18',NULL),(1016,4,'Group is planning times to meet and platforms to use','0',145,'2020-05-31 23:18:54',0,'1',145,NULL,'2020-06-01 03:18:54','2020-06-01 03:18:54',NULL),(1017,52,'Breeden, K., & Rowe, N. (2017). A biopsychosocial approach for addressing chronic pain in everyday occupational therapy practice. OT Practice, 22(13).','1',145,'2020-05-31 23:19:48',0,'1',145,NULL,'2020-06-01 03:19:48','2020-06-01 03:19:48',NULL),(1018,28,'Breeden, K., & Rowe, N. (2017). A biopsychosocial approach for addressing chronic pain in everyday occupational therapy practice. OT Practice, 22(13).','1',145,'2020-05-31 23:20:25',0,'1',145,NULL,'2020-06-01 03:20:25','2020-06-01 03:20:25',NULL),(1019,9,'I have a group chosen and we have created a shared document!','0',150,'2020-05-31 23:31:40',0,'1',150,NULL,'2020-06-01 03:31:40','2020-06-01 03:31:40',NULL),(1020,90,'I transferred a full $50 into savings this week. Hoping to get a 4 on this goal!','0',150,'2020-05-31 23:32:28',0,'1',150,NULL,'2020-06-01 03:32:28','2020-06-01 03:32:28',NULL),(1021,57,'Still at a 2 here with my 2 articles/quizzes completed.','2',150,'2020-05-31 23:33:09',0,'1',150,NULL,'2020-06-01 03:33:09','2020-06-01 03:33:09',NULL),(1022,33,'Still at a 3 here with 4 articles/quizzes completed.','3',150,'2020-05-31 23:33:43',0,'1',150,NULL,'2020-06-01 03:33:43','2020-06-01 03:33:43',NULL),(1023,89,'I exercised for at least 45 minutes on 5/28, 5/29, and 5/30, which continues to put me on track to a 2!','0',150,'2020-05-31 23:35:14',0,'1',150,NULL,'2020-06-01 03:35:14','2020-06-01 03:35:14',NULL),(1024,11,'My group is going to do a webex meeting tomorrow to come up with a specific plan for our presentation/video.','0',152,'2020-06-01 00:32:57',0,'1',152,NULL,'2020-06-01 04:32:57','2020-06-01 04:32:57',NULL),(1025,94,'I\'m still tracking my progress with the app on my phone. Work in the ER has been crazy lately and that has made it more difficult to stay hydrated while there.','0',152,'2020-06-01 00:35:47',0,'1',152,NULL,'2020-06-01 04:35:47','2020-06-01 04:35:47',NULL),(1026,93,'I continue to track my med compliance on my phone, weekdays have been going well, I am really trying to be more mindful on weekends. ','0',152,'2020-06-01 00:37:16',0,'1',152,NULL,'2020-06-01 04:37:16','2020-06-01 04:37:16',NULL),(1027,59,'The last article I read was part one of neurodevelopmental soft signs, I plan on reading part two in the next few days.','2',152,'2020-06-01 00:41:23',0,'1',152,NULL,'2020-06-01 04:41:23','2020-06-01 04:41:23',NULL),(1028,35,'This weekend was absolutely crazy in the ER, I did not have a chance to read any articles. I hope to catch back up in the next few days','2',152,'2020-06-01 00:43:23',0,'1',152,NULL,'2020-06-01 04:43:23','2020-06-01 04:43:23',NULL),(1029,13,'Almost finished goal1','0',154,'2020-06-01 06:45:57',0,'1',154,NULL,'2020-06-01 10:45:57','2020-06-01 10:45:57',NULL),(1030,98,'Still drinking daily amount ','0',154,'2020-06-01 06:46:41',0,'1',154,NULL,'2020-06-01 10:46:41','2020-06-01 10:46:41',NULL),(1031,97,'Weighed 193.4lb this morning. ','2',154,'2020-06-01 06:47:38',0,'1',154,NULL,'2020-06-01 10:47:38','2020-06-01 10:47:38',NULL),(1032,61,'Did not read any additional articles this week.','3',154,'2020-06-01 06:48:08',0,'1',154,NULL,'2020-06-01 10:48:08','2020-06-01 10:48:08',NULL),(1033,37,'Read my 6th article and complete CE quiz ','3',154,'2020-06-01 06:48:51',0,'1',154,NULL,'2020-06-01 10:48:51','2020-06-01 10:48:51',NULL),(1034,6,'I have not yet formed a small peer group.','0',147,'2020-06-01 08:32:54',0,'1',147,NULL,'2020-06-01 12:32:54','2020-06-01 12:32:54',NULL),(1035,83,'I drank at least 5-6 glasses of water for the past 3 days, which puts me at 15 days for 3-4 glasses of water and/or 13 days for 5-6 glasses of water! ?','1',147,'2020-06-01 08:38:08',0,'1',147,NULL,'2020-06-01 12:38:08','2020-06-01 12:38:08',NULL),(1036,54,'I still cannot find any articles on neuropathies that include a competency quiz with them.','0',147,'2020-06-01 08:39:27',0,'1',147,NULL,'2020-06-01 12:39:27','2020-06-01 12:39:27',NULL),(1037,30,'I have still only read one article.','1',147,'2020-06-01 08:39:51',0,'1',147,NULL,'2020-06-01 12:39:51','2020-06-01 12:39:51',NULL),(1038,84,'I participated in yoga on Saturday, which means that I have practiced yoga/pilates 2 times for 1/6 weeks so far!','0',147,'2020-06-01 08:41:03',0,'1',147,NULL,'2020-06-01 12:41:03','2020-06-01 12:41:03',NULL),(1039,17,'We plan to meet as a group tomorrow to discuss how we are going to complete our project/video! ','0',158,'2020-06-01 11:37:34',0,'1',158,NULL,'2020-06-01 15:37:34','2020-06-01 15:37:34',NULL),(1040,106,'SUN: 5\r\nMON: 6\r\nTUES: 6\r\nWED: 7 \r\nTHURS: 7\r\nFRI: 5\r\nSAT: 5','0',158,'2020-06-01 11:38:30',0,'1',158,NULL,'2020-06-01 15:38:30','2020-06-01 15:38:30',NULL),(1041,105,'SUN: Rest\r\nMON: 30 min  \r\nTUES: 60 min \r\nWED: 45 min \r\nTHURS: 30 min \r\nFRI: Rest \r\nSAT: 30 min ','0',158,'2020-06-01 11:39:24',0,'1',158,NULL,'2020-06-01 15:39:24','2020-06-01 15:39:24',NULL),(1042,65,'I have read one related article to UE rehabilitation but I have not completed a CE quiz yet.  ','1',158,'2020-06-01 11:40:06',0,'1',158,NULL,'2020-06-01 15:40:06','2020-06-01 15:40:06',NULL),(1043,41,'I have completed one article and CE quiz related to global social issues impacting healthcare practices and trends. ','1',158,'2020-06-01 11:41:16',0,'1',158,NULL,'2020-06-01 15:41:16','2020-06-01 15:41:16',NULL),(1044,10,'Since, this update, I have found someone to work on this project with! ','0',151,'2020-06-02 11:21:36',955,'1',151,NULL,'2020-06-02 15:21:36','2020-06-02 15:21:36',NULL),(1045,20,'Yay!','0',141,'2020-06-02 13:48:16',0,'1',141,NULL,'2020-06-02 17:48:16','2020-06-02 17:48:16',NULL),(1046,44,'Way to go!','3',141,'2020-06-02 13:48:42',0,'1',141,NULL,'2020-06-02 17:48:42','2020-06-02 17:48:42',NULL),(1047,68,'Nice!','3',141,'2020-06-02 13:49:04',0,'1',141,NULL,'2020-06-02 17:49:04','2020-06-02 17:49:04',NULL),(1048,111,'Keep going!','0',141,'2020-06-02 13:49:26',0,'1',141,NULL,'2020-06-02 17:49:26','2020-06-02 17:49:26',NULL),(1049,112,'Great!','2',141,'2020-06-02 13:49:45',0,'1',141,NULL,'2020-06-02 17:49:45','2020-06-02 17:49:45',NULL),(1050,10,'Good to hear!','0',141,'2020-06-02 13:50:22',0,'1',141,NULL,'2020-06-02 17:50:22','2020-06-02 17:50:22',NULL),(1051,34,'Nice!','1',141,'2020-06-02 13:50:41',0,'1',141,NULL,'2020-06-02 17:50:41','2020-06-02 17:50:41',NULL),(1052,58,'Good to hear!','1',141,'2020-06-02 13:51:00',0,'1',141,NULL,'2020-06-02 17:51:00','2020-06-02 17:51:00',NULL),(1053,91,'Keep going!','0',141,'2020-06-02 13:51:41',0,'1',141,NULL,'2020-06-02 17:51:41','2020-06-02 17:51:41',NULL),(1054,92,'Keep drinking!','1',141,'2020-06-02 13:52:02',0,'1',141,NULL,'2020-06-02 17:52:02','2020-06-02 17:52:02',NULL),(1055,11,'Nice','0',141,'2020-06-02 13:52:31',0,'1',141,NULL,'2020-06-02 17:52:31','2020-06-02 17:52:31',NULL),(1056,35,'Sorry to hear that about work. No problems; you are doing great on this goal.','2',141,'2020-06-02 13:53:01',0,'1',141,NULL,'2020-06-02 17:53:01','2020-06-02 17:53:01',NULL),(1057,59,'sounds good','2',141,'2020-06-02 13:53:21',0,'1',141,NULL,'2020-06-02 17:53:21','2020-06-02 17:53:21',NULL),(1058,93,'good progress!','0',141,'2020-06-02 13:53:40',0,'1',141,NULL,'2020-06-02 17:53:40','2020-06-02 17:53:40',NULL),(1059,94,'You can do it!','0',141,'2020-06-02 13:54:00',0,'1',141,NULL,'2020-06-02 17:54:00','2020-06-02 17:54:00',NULL),(1060,15,'have fun with it!','0',141,'2020-06-02 13:54:31',0,'1',141,NULL,'2020-06-02 17:54:31','2020-06-02 17:54:31',NULL),(1061,39,'so true!','2',141,'2020-06-02 13:54:50',0,'1',141,NULL,'2020-06-02 17:54:50','2020-06-02 17:54:50',NULL),(1062,63,'Way to go!!','3',141,'2020-06-02 13:55:13',0,'1',141,NULL,'2020-06-02 17:55:13','2020-06-02 17:55:13',NULL),(1063,101,'I\'m glad you can use this as an outlet. Way to go exceeding your goal!!','3',141,'2020-06-02 13:56:12',0,'1',141,NULL,'2020-06-02 17:56:12','2020-06-02 17:56:12',NULL),(1064,102,'This correction seems to work. Keep going!','0',141,'2020-06-02 13:56:36',0,'1',141,NULL,'2020-06-02 17:56:36','2020-06-02 17:56:36',NULL),(1065,9,'Sounds like a good start:)','0',141,'2020-06-02 13:57:02',0,'1',141,NULL,'2020-06-02 17:57:02','2020-06-02 17:57:02',NULL),(1066,33,'You\'ve done great with this goal:)','3',141,'2020-06-02 13:57:24',0,'1',141,NULL,'2020-06-02 17:57:24','2020-06-02 17:57:24',NULL),(1067,57,'It\'s nice that you\'ve met this goal so you can turn your energies to the other ones.','2',141,'2020-06-02 13:58:13',0,'1',141,NULL,'2020-06-02 17:58:13','2020-06-02 17:58:13',NULL),(1068,89,'Yay!','0',141,'2020-06-02 13:58:45',0,'1',141,NULL,'2020-06-02 17:58:45','2020-06-02 17:58:45',NULL),(1069,90,'This is amazing! Way to go!!','0',141,'2020-06-02 13:59:09',0,'1',141,NULL,'2020-06-02 17:59:09','2020-06-02 17:59:09',NULL),(1070,13,'Good to hear!','0',141,'2020-06-02 13:59:42',0,'1',141,NULL,'2020-06-02 17:59:42','2020-06-02 17:59:42',NULL),(1071,37,'Wow! You have rocked this goal!','3',141,'2020-06-02 14:00:04',0,'1',141,NULL,'2020-06-02 18:00:04','2020-06-02 18:00:04',NULL),(1072,61,'That\'s fine; you rocked this goal too, so you can focus on the other projects.','3',141,'2020-06-02 14:00:32',0,'1',141,NULL,'2020-06-02 18:00:32','2020-06-02 18:00:32',NULL),(1073,97,'You met your expected goal-way to go!','2',141,'2020-06-02 14:01:14',0,'1',141,NULL,'2020-06-02 18:01:14','2020-06-02 18:01:14',NULL),(1074,98,'Way to keep at it!','0',141,'2020-06-02 14:01:33',0,'1',141,NULL,'2020-06-02 18:01:33','2020-06-02 18:01:33',NULL),(1075,19,'Okay, looking forward to what you come up with:)','0',141,'2020-06-02 14:02:09',0,'1',141,NULL,'2020-06-02 18:02:09','2020-06-02 18:02:09',NULL),(1076,43,'You met your expected goal-way to go!','2',141,'2020-06-02 14:02:31',0,'1',141,NULL,'2020-06-02 18:02:31','2020-06-02 18:02:31',NULL),(1077,67,'Think broad for 1st article: Ex: biopsychosocial model of pain is important to understand for ue rehab. Then find other articles, no quiz needed','0',141,'2020-06-02 14:24:45',0,'1',141,NULL,'2020-06-02 18:24:45','2020-06-02 18:24:45',NULL),(1078,109,'Good to hear!','0',141,'2020-06-02 14:25:16',0,'1',141,NULL,'2020-06-02 18:25:16','2020-06-02 18:25:16',NULL),(1079,110,'Wow! Way to keep it up:)','0',141,'2020-06-02 14:25:42',0,'1',141,NULL,'2020-06-02 18:25:42','2020-06-02 18:25:42',NULL),(1080,24,'okay','0',141,'2020-06-02 14:26:15',0,'1',141,NULL,'2020-06-02 18:26:15','2020-06-02 18:26:15',NULL),(1081,48,'Congrats-you met your expected level of goal attainment!','2',141,'2020-06-02 14:27:11',0,'1',141,NULL,'2020-06-02 18:27:11','2020-06-02 18:27:11',NULL),(1082,72,'I love that you are planning on going all the way on this goal!','3',141,'2020-06-02 14:27:53',0,'1',141,NULL,'2020-06-02 18:27:53','2020-06-02 18:27:53',NULL),(1083,119,'Keep up the good progress/drinking!','0',141,'2020-06-02 14:28:27',0,'1',141,NULL,'2020-06-02 18:28:27','2020-06-02 18:28:27',NULL),(1084,120,'Sounds like a good strategy to try.','0',141,'2020-06-02 14:28:51',0,'1',141,NULL,'2020-06-02 18:28:51','2020-06-02 18:28:51',NULL),(1085,23,'That\'s fine.','2',141,'2020-06-02 14:29:41',0,'1',141,NULL,'2020-06-02 18:29:41','2020-06-02 18:29:41',NULL),(1086,47,'You\'ve done great with this goal:)','3',141,'2020-06-02 14:30:09',0,'1',141,NULL,'2020-06-02 18:30:09','2020-06-02 18:30:09',NULL),(1087,71,'You\'ve rocked this goal as well!','3',141,'2020-06-02 14:31:15',0,'1',141,NULL,'2020-06-02 18:31:15','2020-06-02 18:31:15',NULL),(1088,117,'Nice!','0',141,'2020-06-02 14:31:29',0,'1',141,NULL,'2020-06-02 18:31:29','2020-06-02 18:31:29',NULL),(1089,118,'Way to keep at it!','0',141,'2020-06-02 14:31:48',0,'1',141,NULL,'2020-06-02 18:31:48','2020-06-02 18:31:48',NULL),(1090,4,'Sounds like a good start.','0',141,'2020-06-02 14:32:20',0,'1',141,NULL,'2020-06-02 18:32:20','2020-06-02 18:32:20',NULL),(1091,28,'Nice','1',141,'2020-06-02 14:32:48',0,'1',141,NULL,'2020-06-02 18:32:48','2020-06-02 18:32:48',NULL),(1092,52,'Good progress','1',141,'2020-06-02 14:33:07',0,'1',141,NULL,'2020-06-02 18:33:07','2020-06-02 18:33:07',NULL),(1093,79,'Way to keep tracking this!','0',141,'2020-06-02 14:33:48',0,'1',141,NULL,'2020-06-02 18:33:48','2020-06-02 18:33:48',NULL),(1094,80,'Keep going!','0',141,'2020-06-02 14:34:10',0,'1',141,NULL,'2020-06-02 18:34:10','2020-06-02 18:34:10',NULL),(1095,8,'sounds good','0',141,'2020-06-02 14:35:02',0,'1',141,NULL,'2020-06-02 18:35:02','2020-06-02 18:35:02',NULL),(1096,32,'Glad you found it helpful. You met your expected level of goal attainment!!','2',141,'2020-06-02 14:35:50',0,'1',141,NULL,'2020-06-02 18:35:50','2020-06-02 18:35:50',NULL),(1097,56,'No, just the first one.','1',141,'2020-06-02 14:36:11',0,'1',141,NULL,'2020-06-02 18:36:11','2020-06-02 18:36:11',NULL),(1098,87,'Way to go!','0',141,'2020-06-02 14:36:29',0,'1',141,NULL,'2020-06-02 18:36:29','2020-06-02 18:36:29',NULL),(1099,88,'Nice! You have exceeded your expected level of goal attainment!!','3',141,'2020-06-02 14:37:03',0,'1',141,NULL,'2020-06-02 18:37:03','2020-06-02 18:37:03',NULL),(1100,14,'okay','0',141,'2020-06-02 14:37:27',0,'1',141,NULL,'2020-06-02 18:37:27','2020-06-02 18:37:27',NULL),(1101,38,'okay','1',141,'2020-06-02 14:37:50',0,'1',141,NULL,'2020-06-02 18:37:50','2020-06-02 18:37:50',NULL),(1102,62,'You met your expected level of goal attainment-way to go!','2',141,'2020-06-02 14:38:17',0,'1',141,NULL,'2020-06-02 18:38:17','2020-06-02 18:38:17',NULL),(1103,99,'nice!','0',141,'2020-06-02 14:38:39',0,'1',141,NULL,'2020-06-02 18:38:39','2020-06-02 18:38:39',NULL),(1104,100,'okay','0',141,'2020-06-02 14:39:02',0,'1',141,NULL,'2020-06-02 18:39:02','2020-06-02 18:39:02',NULL),(1105,21,'looking forward to watching it','0',141,'2020-06-02 14:39:34',0,'1',141,NULL,'2020-06-02 18:39:34','2020-06-02 18:39:34',NULL),(1106,45,'You\'ve done great with this goal','2',141,'2020-06-02 14:40:00',0,'1',141,NULL,'2020-06-02 18:40:00','2020-06-02 18:40:00',NULL),(1107,69,'Nice! You have exceeded your expected level of goal attainment!!','3',141,'2020-06-02 14:40:30',0,'1',141,NULL,'2020-06-02 18:40:30','2020-06-02 18:40:30',NULL),(1108,113,'Way to keep at it!','0',141,'2020-06-02 14:41:08',0,'1',141,NULL,'2020-06-02 18:41:08','2020-06-02 18:41:08',NULL),(1109,114,'Nice progress','0',141,'2020-06-02 14:41:31',0,'1',141,NULL,'2020-06-02 18:41:31','2020-06-02 18:41:31',NULL),(1110,18,'okay','0',141,'2020-06-02 14:50:12',0,'1',141,NULL,'2020-06-02 18:50:12','2020-06-02 18:50:12',NULL),(1111,42,'You\'ve already done great on this goal:)','3',141,'2020-06-02 14:50:36',0,'1',141,NULL,'2020-06-02 18:50:36','2020-06-02 18:50:36',NULL),(1112,66,'Okay, you already met your expected level of goal attainment, so great!','2',141,'2020-06-02 14:51:09',0,'1',141,NULL,'2020-06-02 18:51:09','2020-06-02 18:51:09',NULL),(1113,107,'Hope you are able to implement this continuity.','0',141,'2020-06-02 15:09:18',0,'1',141,NULL,'2020-06-02 19:09:18','2020-06-02 19:09:18',NULL),(1114,108,'Way to go!','0',141,'2020-06-02 15:09:44',0,'1',141,NULL,'2020-06-02 19:09:44','2020-06-02 19:09:44',NULL),(1115,2,'Good to hear!','0',141,'2020-06-02 15:10:19',0,'1',141,NULL,'2020-06-02 19:10:19','2020-06-02 19:10:19',NULL),(1116,26,'Great! You met your expected level of goal attainment!!','2',141,'2020-06-02 15:10:42',0,'1',141,NULL,'2020-06-02 19:10:42','2020-06-02 19:10:42',NULL),(1117,50,'Okay, good luck!','0',141,'2020-06-02 15:11:12',0,'1',141,NULL,'2020-06-02 19:11:12','2020-06-02 19:11:12',NULL),(1118,75,'Wow!','0',141,'2020-06-02 15:11:31',0,'1',141,NULL,'2020-06-02 19:11:31','2020-06-02 19:11:31',NULL),(1119,76,'good luck!','0',141,'2020-06-02 15:11:48',0,'1',141,NULL,'2020-06-02 19:11:48','2020-06-02 19:11:48',NULL),(1120,6,'okay','0',141,'2020-06-02 15:12:50',0,'1',141,NULL,'2020-06-02 19:12:50','2020-06-02 19:12:50',NULL),(1121,30,'okay','1',141,'2020-06-02 15:13:22',0,'1',141,NULL,'2020-06-02 19:13:22','2020-06-02 19:13:22',NULL),(1122,54,'You do have a very specific topic. Think broad: the CE article on biopsychosocial model of pain would be related info for neuropathies I think...','0',141,'2020-06-02 15:14:46',0,'1',141,NULL,'2020-06-02 19:14:46','2020-06-02 19:14:46',NULL),(1123,83,'Way to go!','1',141,'2020-06-02 15:15:05',0,'1',141,NULL,'2020-06-02 19:15:05','2020-06-02 19:15:05',NULL),(1124,84,'Keep going!','0',141,'2020-06-02 15:15:27',0,'1',141,NULL,'2020-06-02 19:15:27','2020-06-02 19:15:27',NULL),(1125,17,'Okay, good luck!','0',141,'2020-06-02 15:15:55',0,'1',141,NULL,'2020-06-02 19:15:55','2020-06-02 19:15:55',NULL),(1126,41,'Keep going!','1',141,'2020-06-02 15:16:13',0,'1',141,NULL,'2020-06-02 19:16:13','2020-06-02 19:16:13',NULL),(1127,65,'okay, keep going! The CE article on biopsychosocial model of pain is helpful for ue rehab...','1',141,'2020-06-02 15:17:12',0,'1',141,NULL,'2020-06-02 19:17:12','2020-06-02 19:17:12',NULL),(1128,105,'Keep it up!','0',141,'2020-06-02 15:17:46',0,'1',141,NULL,'2020-06-02 19:17:46','2020-06-02 19:17:46',NULL),(1129,106,'Good tracking!','0',141,'2020-06-02 15:18:02',0,'1',141,NULL,'2020-06-02 19:18:02','2020-06-02 19:18:02',NULL),(1130,3,'Good start!','0',141,'2020-06-02 15:18:31',0,'1',141,NULL,'2020-06-02 19:18:31','2020-06-02 19:18:31',NULL),(1131,27,'Sounds good, nice progress.','1',141,'2020-06-02 15:18:50',0,'1',141,NULL,'2020-06-02 19:18:50','2020-06-02 19:18:50',NULL),(1132,51,'Good progress','1',141,'2020-06-02 15:19:06',0,'1',141,NULL,'2020-06-02 19:19:06','2020-06-02 19:19:06',NULL),(1133,77,'Nice!','0',141,'2020-06-02 15:19:26',0,'1',141,NULL,'2020-06-02 19:19:26','2020-06-02 19:19:26',NULL),(1134,78,'Wow! This weather does help with incentivizing:)','0',141,'2020-06-02 15:19:52',0,'1',141,NULL,'2020-06-02 19:19:52','2020-06-02 19:19:52',NULL),(1135,12,'great to hear!','0',141,'2020-06-02 15:20:19',0,'1',141,NULL,'2020-06-02 19:20:19','2020-06-02 19:20:19',NULL),(1136,36,'You\'ve already done great on this goal:)','2',141,'2020-06-02 15:20:41',0,'1',141,NULL,'2020-06-02 19:20:41','2020-06-02 19:20:41',NULL),(1137,60,'Sounds good','2',141,'2020-06-02 15:20:55',0,'1',141,NULL,'2020-06-02 19:20:55','2020-06-02 19:20:55',NULL),(1138,95,'way to keep going!','0',141,'2020-06-02 15:21:15',0,'1',141,NULL,'2020-06-02 19:21:15','2020-06-02 19:21:15',NULL),(1139,96,'Wow!','0',141,'2020-06-02 15:21:37',0,'1',141,NULL,'2020-06-02 19:21:37','2020-06-02 19:21:37',NULL),(1140,16,'good to hear!','1',141,'2020-06-02 15:22:06',0,'1',141,NULL,'2020-06-02 19:22:06','2020-06-02 19:22:06',NULL),(1141,40,'Hey, I think that was my presentation with Jennifer Harrison:)','1',141,'2020-06-02 15:22:54',0,'1',141,NULL,'2020-06-02 19:22:54','2020-06-02 19:22:54',NULL),(1142,64,'You met your expected level of goal attainment-way to go!','2',141,'2020-06-02 15:23:22',0,'1',141,NULL,'2020-06-02 19:23:22','2020-06-02 19:23:22',NULL),(1143,103,'Yay!','0',141,'2020-06-02 15:23:39',0,'1',141,NULL,'2020-06-02 19:23:39','2020-06-02 19:23:39',NULL),(1144,104,'That sounds hard-way to go!','0',141,'2020-06-02 15:24:13',0,'1',141,NULL,'2020-06-02 19:24:13','2020-06-02 19:24:13',NULL),(1145,22,'okay','0',141,'2020-06-02 15:24:42',0,'1',141,NULL,'2020-06-02 19:24:42','2020-06-02 19:24:42',NULL),(1146,46,'Way to exceed your expected level of goal attainment!','3',141,'2020-06-02 15:25:06',0,'1',141,NULL,'2020-06-02 19:25:06','2020-06-02 19:25:06',NULL),(1147,70,'congrats-you met your expected level of goal attainment!','2',141,'2020-06-02 15:25:34',0,'1',141,NULL,'2020-06-02 19:25:34','2020-06-02 19:25:34',NULL),(1148,115,'Hopefully you can get back on track this week:)','0',141,'2020-06-02 15:26:13',0,'1',141,NULL,'2020-06-02 19:26:13','2020-06-02 19:26:13',NULL),(1149,116,'Nice!','0',141,'2020-06-02 15:26:27',0,'1',141,NULL,'2020-06-02 19:26:27','2020-06-02 19:26:27',NULL),(1150,25,'Nice! You met your expected level of goal attainment!','2',141,'2020-06-02 15:28:06',0,'1',141,NULL,'2020-06-02 19:28:06','2020-06-02 19:28:06',NULL),(1151,1,'the topic is visually illustrating the unique nature and distinct value of occupation','0',141,'2020-06-02 15:29:35',0,'1',141,NULL,'2020-06-02 19:29:35','2020-06-02 19:29:35',NULL),(1152,49,'Nice-you met your expected level of goal attainment!','2',141,'2020-06-02 15:30:01',0,'1',141,NULL,'2020-06-02 19:30:01','2020-06-02 19:30:01',NULL),(1153,73,'Wow-way to go!','0',141,'2020-06-02 15:30:20',0,'1',141,NULL,'2020-06-02 19:30:20','2020-06-02 19:30:20',NULL),(1154,74,'great to hear:)','1',141,'2020-06-02 15:30:38',0,'1',141,NULL,'2020-06-02 19:30:38','2020-06-02 19:30:38',NULL),(1155,7,'sounds good','0',141,'2020-06-02 15:31:07',0,'1',141,NULL,'2020-06-02 19:31:07','2020-06-02 19:31:07',NULL),(1156,31,'You\'ve already done a great job meeting this goal:) And, yes, you can start reflecting on all of it for your paper.','2',141,'2020-06-02 15:31:48',0,'1',141,NULL,'2020-06-02 19:31:48','2020-06-02 19:31:48',NULL),(1157,55,'Way to exceed your goal!','3',141,'2020-06-02 15:32:08',0,'1',141,NULL,'2020-06-02 19:32:08','2020-06-02 19:32:08',NULL),(1158,85,'Nice!','0',141,'2020-06-02 15:32:23',0,'1',141,NULL,'2020-06-02 19:32:23','2020-06-02 19:32:23',NULL),(1159,86,'You are doing great!','0',141,'2020-06-02 15:32:40',0,'1',141,NULL,'2020-06-02 19:32:40','2020-06-02 19:32:40',NULL),(1160,5,'sounds good','0',141,'2020-06-02 15:33:05',0,'1',141,NULL,'2020-06-02 19:33:05','2020-06-02 19:33:05',NULL),(1161,29,'Way to go for it!','2',141,'2020-06-02 15:33:25',0,'1',141,NULL,'2020-06-02 19:33:25','2020-06-02 19:33:25',NULL),(1162,53,'Only one needs to be CE article; the additional readings don\'t need the quiz','1',141,'2020-06-02 15:34:24',0,'1',141,NULL,'2020-06-02 19:34:24','2020-06-02 19:34:24',NULL),(1163,81,'great!','0',141,'2020-06-02 15:34:38',0,'1',141,NULL,'2020-06-02 19:34:38','2020-06-02 19:34:38',NULL),(1164,82,'This is great to hear!','0',141,'2020-06-02 15:34:57',0,'1',141,NULL,'2020-06-02 19:34:57','2020-06-02 19:34:57',NULL),(1165,16,'Still working on power point ','1',157,'2020-06-02 17:44:50',0,'1',157,NULL,'2020-06-02 21:44:50','2020-06-02 21:44:50',NULL),(1166,103,'Start of week 3: I have consecutively drank 3 water bottles every day ','0',157,'2020-06-02 17:46:45',0,'1',157,NULL,'2020-06-02 21:46:45','2020-06-02 21:46:45',NULL),(1167,104,'learned how to make a panda. This was a two piece figure- the head was one piece and the body was an other. ','0',157,'2020-06-02 17:51:59',0,'1',157,NULL,'2020-06-02 21:51:59','2020-06-02 21:51:59',NULL),(1168,40,'I listened to a pod cast on using graded motor imagery as an approach to pain management.  This technique is better than prescribing opioids which then further increase the opioid issue ','1',157,'2020-06-02 18:12:26',0,'1',157,NULL,'2020-06-02 22:12:26','2020-06-02 22:12:26',NULL),(1169,64,'I read an article about praxis skills in children with DS. The findings suggest that praxis deficits are commonly found in DS and may need targeted intervention. A comorbidity to be aware of ','2',157,'2020-06-02 22:47:12',0,'1',157,NULL,'2020-06-03 02:47:12','2020-06-03 02:47:12',NULL),(1170,67,'Thank you, Dr. C!','0',160,'2020-06-03 08:48:31',1077,'1',160,NULL,'2020-06-03 12:48:31','2020-06-03 12:48:31',NULL),(1171,53,'I misunderstood, thank you!?','0',146,'2020-06-03 11:50:30',1162,'1',146,NULL,'2020-06-03 15:50:30','2020-06-03 15:50:30',NULL),(1172,77,'Up to 40 minutes of stretching so far for the week.','0',144,'2020-06-03 12:07:24',0,'1',144,NULL,'2020-06-03 16:07:24','2020-06-03 16:07:24',NULL),(1173,78,'I have run 10 miles so far this week. The humidity is not the best, but I am enjoying myself!','0',144,'2020-06-03 12:08:13',0,'1',144,NULL,'2020-06-03 16:08:13','2020-06-03 16:08:13',NULL),(1174,27,'Didn\'t get to the second article yesterday as life got in the way, but I am hoping to get a few more read by the end of the week.','1',144,'2020-06-03 12:09:20',0,'1',144,NULL,'2020-06-03 16:09:20','2020-06-03 16:09:20',NULL),(1175,51,'Didn\'t get to the second article yesterday as life got in the way, but I am hoping to get a few more read by the end of the week.','1',144,'2020-06-03 12:09:33',0,'1',144,NULL,'2020-06-03 16:09:33','2020-06-03 16:09:33',NULL),(1176,3,'My group has yet to complete our project but I am sure we will get it done on time.','0',144,'2020-06-03 12:10:11',0,'1',144,NULL,'2020-06-03 16:10:11','2020-06-03 16:10:11',NULL),(1177,114,'So far this week I have journaled twice this, but hope to journal at least one more day this week so I can reach 4/6 weeks. ','0',162,'2020-06-03 13:41:02',0,'1',162,NULL,'2020-06-03 17:41:02','2020-06-03 17:41:02',NULL),(1178,21,'My group has not worked on our project much since my last post because we wanted to focus on our exam this week. ','0',162,'2020-06-03 13:42:04',0,'1',162,NULL,'2020-06-03 17:42:04','2020-06-03 17:42:04',NULL),(1179,69,'I have not read any more articles thus far, this week. ','3',162,'2020-06-03 13:42:46',0,'1',162,NULL,'2020-06-03 17:42:46','2020-06-03 17:42:46',NULL),(1180,45,'I have not read any more articles so far this week. ','2',162,'2020-06-03 13:43:33',0,'1',162,NULL,'2020-06-03 17:43:33','2020-06-03 17:43:33',NULL),(1181,113,'I have run once so far this week, but hope to run two more times by the end of the week. ','0',162,'2020-06-03 13:43:58',0,'1',162,NULL,'2020-06-03 17:43:58','2020-06-03 17:43:58',NULL),(1182,118,'still making progress :)','0',164,'2020-06-03 13:55:05',0,'1',164,NULL,'2020-06-03 17:55:05','2020-06-03 17:55:05',NULL),(1183,23,'we have been working on our project','2',164,'2020-06-03 13:55:36',0,'1',164,NULL,'2020-06-03 17:55:36','2020-06-03 17:55:36',NULL),(1184,71,'no changes!','3',164,'2020-06-03 13:55:58',0,'1',164,NULL,'2020-06-03 17:55:58','2020-06-03 17:55:58',NULL),(1185,47,'No changes!','3',164,'2020-06-03 13:56:15',0,'1',164,NULL,'2020-06-03 17:56:15','2020-06-03 17:56:15',NULL),(1186,117,'still making some progress ','0',164,'2020-06-03 13:56:36',0,'1',164,NULL,'2020-06-03 17:56:36','2020-06-03 17:56:36',NULL),(1187,87,'I have journaled twice this week so far','0',149,'2020-06-03 18:41:48',0,'1',149,NULL,'2020-06-03 22:41:48','2020-06-03 22:41:48',NULL),(1188,88,'I have been really enjoying walking!','3',149,'2020-06-03 18:42:24',0,'1',149,NULL,'2020-06-03 22:42:24','2020-06-03 22:42:24',NULL),(1189,32,'I plan to read a third article later this week or weekend ','2',149,'2020-06-03 18:43:13',0,'1',149,NULL,'2020-06-03 22:43:13','2020-06-03 22:43:13',NULL),(1190,56,'Now that I know for sure that my next article does not have to have a CE article, it will make it easier finding one :) ','1',149,'2020-06-03 18:43:55',0,'1',149,NULL,'2020-06-03 22:43:55','2020-06-03 22:43:55',NULL),(1191,8,'I started the PowerPoint!','0',149,'2020-06-03 18:44:46',0,'1',149,NULL,'2020-06-03 22:44:46','2020-06-03 22:44:46',NULL),(1192,19,'Planning to discuss with the group after our upper extremity exam.','0',160,'2020-06-03 22:58:00',0,'1',160,NULL,'2020-06-04 02:58:00','2020-06-04 02:58:00',NULL),(1193,109,'So far I have stretched Monday and Wednesday this week.','0',160,'2020-06-03 22:58:37',0,'1',160,NULL,'2020-06-04 02:58:37','2020-06-04 02:58:37',NULL),(1194,67,'Thank you for the recommendation. I will plan on reading this week!','0',160,'2020-06-03 22:59:22',0,'1',160,NULL,'2020-06-04 02:59:22','2020-06-04 02:59:22',NULL),(1195,43,'Planning to read another article related to global social issues within the next few days!','0',160,'2020-06-03 23:00:02',0,'1',160,NULL,'2020-06-04 03:00:02','2020-06-04 03:00:02',NULL),(1196,110,'I have accomplished my weekly goal this week- 8 miles Monday and 7 Miles today (Wednesday). I plan to run more this week, but at a more \"casual\" pace.','0',160,'2020-06-03 23:01:21',0,'1',160,NULL,'2020-06-04 03:01:21','2020-06-04 03:01:21',NULL),(1197,79,'5/31: 7 hours\r\n6/1: 6 hours\r\n6/2: 7 hours','1',145,'2020-06-03 23:33:59',0,'1',145,NULL,'2020-06-04 03:33:59','2020-06-04 03:33:59',NULL),(1198,80,'6/1: 1 hour\r\n6/2: 1 hour\r\n6/3: 0 hours','0',145,'2020-06-03 23:35:15',0,'1',145,NULL,'2020-06-04 03:35:15','2020-06-04 03:35:15',NULL),(1199,28,'Fontana, P. A. (2020). An introduction to the legal system and the occupational therapist as an expert witness: One therapist\'s perspective.','1',145,'2020-06-03 23:38:16',0,'1',145,NULL,'2020-06-04 03:38:16','2020-06-04 03:38:16',NULL),(1200,52,'Fontana, P. A. (2020). An introduction to the legal system and the occupational therapist as an expert witness: One therapist\'s perspective.','2',145,'2020-06-03 23:38:33',0,'1',145,NULL,'2020-06-04 03:38:33','2020-06-04 03:38:33',NULL),(1201,4,'Peer group has shared PowerPoint presentation with one another on OneDrive and begun working sharing ideas/laying framework.','1',145,'2020-06-03 23:39:55',0,'1',145,NULL,'2020-06-04 03:39:55','2020-06-04 03:39:55',NULL),(1202,7,'Since last class period I met with my group for the advocacy project. We plan to get it done by Monday so we have time to edit it before submitting. I will then add it to my portfolio. ','0',148,'2020-06-04 08:01:30',0,'1',148,NULL,'2020-06-04 12:01:30','2020-06-04 12:01:30',NULL),(1203,86,'I’ve been changing up how I get my fruits and vegetables, such as smoothies or grilling, and I have been able to maintain consistency for this goal.  ','0',148,'2020-06-04 08:02:12',0,'1',148,NULL,'2020-06-04 12:02:12','2020-06-04 12:02:12',NULL),(1204,55,'I did not read any more articles for this goal since last class period, but will continue to monitor. ','3',148,'2020-06-04 08:03:11',0,'1',148,NULL,'2020-06-04 12:03:11','2020-06-04 12:03:11',NULL),(1205,31,'Since last class period, I had an article about homelessness and how OT can help serve that population. I found this article very interesting! ','3',148,'2020-06-04 08:04:09',0,'1',148,NULL,'2020-06-04 12:04:09','2020-06-04 12:04:09',NULL),(1206,85,'I have still been tracking this goal through an app on my phone and I am getting closer to maintain my expected level for 15 consecutive days. ','0',148,'2020-06-04 08:05:07',0,'1',148,NULL,'2020-06-04 12:05:07','2020-06-04 12:05:07',NULL),(1207,13,'Still almost finished with goal 1. Im really busy during the week and the weekend is my only time to focus on this. I will complete the goal this weekend.  ','0',154,'2020-06-04 09:04:32',0,'1',154,NULL,'2020-06-04 13:04:32','2020-06-04 13:04:32',NULL),(1208,98,'Still drinking daily amount. Having a cup/bottle to keep measurement has made it easy. I will be able to obtain goal 4 next week. ','0',154,'2020-06-04 09:07:24',0,'1',154,NULL,'2020-06-04 13:07:24','2020-06-04 13:07:24',NULL),(1209,97,'Weighed 195.8','2',154,'2020-06-04 09:08:10',0,'1',154,NULL,'2020-06-04 13:08:10','2020-06-04 13:08:10',NULL),(1210,61,'5 articles total have been read. Whenever I watch a PowerPoint there is usually something said that sparks curiosity and leads me to an article of interest eventually. ','4',154,'2020-06-04 09:10:11',0,'1',154,NULL,'2020-06-04 13:10:11','2020-06-04 13:10:11',NULL),(1211,37,'Have yet to comment to CommunOT, but read articles and completed quizzes. ','3',154,'2020-06-04 09:11:30',0,'1',154,NULL,'2020-06-04 13:11:30','2020-06-04 13:11:30',NULL),(1212,24,'My group plans to meet sometime next week to discuss this assignment.','0',165,'2020-06-04 09:17:54',0,'1',165,NULL,'2020-06-04 13:17:54','2020-06-04 13:17:54',NULL),(1213,119,'I have drank at least 60 oz of water everyday since my last update.','0',165,'2020-06-04 09:19:21',0,'1',165,NULL,'2020-06-04 13:19:21','2020-06-04 13:19:21',NULL),(1214,72,'I am still thinking/searching who I could interview for additional insight in mental health.','3',165,'2020-06-04 09:20:09',0,'1',165,NULL,'2020-06-04 13:20:09','2020-06-04 13:20:09',NULL),(1215,48,'I have read 4 articles so far.','3',165,'2020-06-04 09:20:42',0,'1',165,NULL,'2020-06-04 13:20:42','2020-06-04 13:20:42',NULL),(1216,120,'The alarms on the phone have been very helpful, I have meditated the past 3 nights.','0',165,'2020-06-04 09:21:33',0,'1',165,NULL,'2020-06-04 13:21:33','2020-06-04 13:21:33',NULL),(1217,81,'I have called friends four times this week so far. Now that the stay at home order has been lifted, I look forward to seeing some friends in person this weekend. ','0',146,'2020-06-04 11:08:57',0,'1',146,NULL,'2020-06-04 15:08:57','2020-06-04 15:08:57',NULL),(1218,5,'I am filming my section of the video today!','0',146,'2020-06-04 11:09:27',0,'1',146,NULL,'2020-06-04 15:09:27','2020-06-04 15:09:27',NULL),(1219,53,'I have read two additional resources. One on the SI approach, and another on OT interventions regarding the processing and integrating of sensory information.','2',146,'2020-06-04 11:11:34',0,'1',146,NULL,'2020-06-04 15:11:34','2020-06-04 15:11:34',NULL),(1220,29,'I read an article this week on the topic of OT\'s role with eating disorders. I also listened to a glass half full podcast on trauma informed care. ','3',146,'2020-06-04 11:14:24',0,'1',146,NULL,'2020-06-04 15:14:24','2020-06-04 15:14:24',NULL),(1221,82,'I am staying consistent with my wake up time each day at 8AM! ','0',146,'2020-06-04 11:15:09',0,'1',146,NULL,'2020-06-04 15:15:09','2020-06-04 15:15:09',NULL),(1222,10,'Working on setting up a time for my partner and me to meet. ','0',151,'2020-06-04 12:41:38',0,'1',151,NULL,'2020-06-04 16:41:38','2020-06-04 16:41:38',NULL),(1223,92,'I had 3 glasses on 5/31, 2 on 6/1, 6 on 6/2, 3 on 6/3 and am at 3 for today. ','2',151,'2020-06-04 12:43:36',0,'1',151,NULL,'2020-06-04 16:43:36','2020-06-04 16:43:36',NULL),(1224,14,'We are meeting early next week to begin this project','0',155,'2020-06-04 12:43:49',0,'1',155,NULL,'2020-06-04 16:43:49','2020-06-04 16:43:49',NULL),(1225,100,'so far I have completed 2 work outs','0',155,'2020-06-04 12:44:09',0,'1',155,NULL,'2020-06-04 16:44:09','2020-06-04 16:44:09',NULL),(1226,62,'no updates to report','2',155,'2020-06-04 12:44:26',0,'1',155,NULL,'2020-06-04 16:44:26','2020-06-04 16:44:26',NULL),(1227,38,'plan on reading a few this weekend','1',155,'2020-06-04 12:44:46',0,'1',155,NULL,'2020-06-04 16:44:46','2020-06-04 16:44:46',NULL),(1228,91,'I exercised on Monday and this morning prior to class.  Just one more this week in order to meet a level 2!','0',151,'2020-06-04 12:45:01',0,'1',151,NULL,'2020-06-04 16:45:01','2020-06-04 16:45:01',NULL),(1229,99,'so far I have had 3 healthy lunches','0',155,'2020-06-04 12:45:12',0,'1',155,NULL,'2020-06-04 16:45:12','2020-06-04 16:45:12',NULL),(1230,58,'I read an additional article for this on Tuesday and selected the rest that I plan on reading. ','2',151,'2020-06-04 12:45:43',0,'1',151,NULL,'2020-06-04 16:45:43','2020-06-04 16:45:43',NULL),(1231,34,'I read one additional article on Tuesday and selected the rest that I am going to read. ','2',151,'2020-06-04 12:46:20',0,'1',151,NULL,'2020-06-04 16:46:20','2020-06-04 16:46:20',NULL),(1232,2,'We are meeting on Tuesday morning during our normal class time to work on this project all at the same time.','0',143,'2020-06-04 13:06:05',0,'1',143,NULL,'2020-06-04 17:06:05','2020-06-04 17:06:05',NULL),(1233,76,'I made a salad on Tuesday and grilled chicken, cous cous, and brussel sprouts yesterday!','0',143,'2020-06-04 13:08:15',0,'1',143,NULL,'2020-06-04 17:08:15','2020-06-04 17:08:15',NULL),(1234,75,'I went on a 2 mile walk on Tuesday and did a 30 min home workout yesterday. Definitely on track to meet at least goal level 2 :)','0',143,'2020-06-04 13:09:22',0,'1',143,NULL,'2020-06-04 17:09:22','2020-06-04 17:09:22',NULL),(1235,50,'I read one pediatric article and took the quiz this week!','1',143,'2020-06-04 13:10:15',0,'1',143,NULL,'2020-06-04 17:10:15','2020-06-04 17:10:15',NULL),(1236,26,'I haven\'t read another article since my last update, but plan to read my 3rd one this weekend.','2',143,'2020-06-04 13:11:14',0,'1',143,NULL,'2020-06-04 17:11:14','2020-06-04 17:11:14',NULL),(1237,15,'Still working on this! Would like to complete it in the next week or so. ','0',156,'2020-06-04 14:06:44',0,'1',156,NULL,'2020-06-04 18:06:44','2020-06-04 18:06:44',NULL),(1238,63,'I have not read any more articles yet, but I am sure I will before the semester is over! I have still read 5 articles so far. ','3',156,'2020-06-04 14:07:28',0,'1',156,NULL,'2020-06-04 18:07:28','2020-06-04 18:07:28',NULL),(1239,39,'I have not had a chance to do any more research yet.  I would like to read at least one more article by the end of the semester.  So far, I have read 3 articles. ','2',156,'2020-06-04 14:08:48',0,'1',156,NULL,'2020-06-04 18:08:48','2020-06-04 18:08:48',NULL),(1240,101,'I have journaled 4 times already this week and I still have 3 days to go! Looking to journal maybe one more time this week. ','3',156,'2020-06-04 14:10:16',0,'1',156,NULL,'2020-06-04 18:10:16','2020-06-04 18:10:16',NULL),(1241,102,'I have run 4 times already this week! I also ran the furthest distance I ever have this week.  I went 14.5 miles on one of my runs! I want to do the Chicago marathon, so I am really training.','0',156,'2020-06-04 14:12:52',0,'1',156,NULL,'2020-06-04 18:12:52','2020-06-04 18:12:52',NULL),(1242,96,'On track for this week. Lots of walking at work!','0',153,'2020-06-04 16:32:51',0,'1',153,NULL,'2020-06-04 20:32:51','2020-06-04 20:32:51',NULL),(1243,95,'2x so far this week, staying on track.','0',153,'2020-06-04 16:33:11',0,'1',153,NULL,'2020-06-04 20:33:11','2020-06-04 20:33:11',NULL),(1244,36,'I read another article about translation services best practice in OT!','2',153,'2020-06-04 16:34:29',0,'1',153,NULL,'2020-06-04 20:34:29','2020-06-04 20:34:29',NULL),(1245,60,'I read a systematic review of OT interventions used with homeless populations yesterday!','2',153,'2020-06-04 16:41:17',0,'1',153,NULL,'2020-06-04 20:41:17','2020-06-04 20:41:17',NULL),(1246,12,'We finalized the plan for our video and started filming this week.','0',153,'2020-06-04 16:41:47',0,'1',153,NULL,'2020-06-04 20:41:47','2020-06-04 20:41:47',NULL),(1247,22,'my group has started our presentation','0',163,'2020-06-04 21:00:37',0,'1',163,NULL,'2020-06-05 01:00:37','2020-06-05 01:00:37',NULL),(1248,116,'I’m still drinking at least 80oz!','0',163,'2020-06-04 21:01:59',0,'1',163,NULL,'2020-06-05 01:02:00','2020-06-05 01:02:00',NULL),(1249,70,'I have not read any articles yet this week','2',163,'2020-06-04 21:02:29',0,'1',163,NULL,'2020-06-05 01:02:29','2020-06-05 01:02:29',NULL),(1250,46,'I have not read any articles yet this week','3',163,'2020-06-04 21:02:56',0,'1',163,NULL,'2020-06-05 01:02:56','2020-06-05 01:02:56',NULL),(1251,115,'I have not walked yet this week','0',163,'2020-06-04 21:03:20',0,'1',163,NULL,'2020-06-05 01:03:20','2020-06-05 01:03:20',NULL),(1252,9,'While we haven\'t started yet, I have come up with a few ideas ~ maybe something advocating for OT in terms of telehealth/COVID-19, or how an OT can play a role in Black Lives Matter. ','0',150,'2020-06-04 22:26:12',0,'1',150,NULL,'2020-06-05 02:26:12','2020-06-05 02:26:12',NULL),(1253,90,'Goin\' strong towards a level 4!','0',150,'2020-06-04 22:28:19',0,'1',150,NULL,'2020-06-05 02:28:19','2020-06-05 02:28:19',NULL),(1254,57,'I am still going to keep my eye out for additional articles, but focus more attention to the advocacy project! ','2',150,'2020-06-04 22:29:01',0,'1',150,NULL,'2020-06-05 02:29:01','2020-06-05 02:29:01',NULL),(1255,33,'Still keeping my eye out for additional articles here, too!','3',150,'2020-06-04 22:29:31',0,'1',150,NULL,'2020-06-05 02:29:31','2020-06-05 02:29:31',NULL),(1256,89,'I have worked out every day this week! This is the 4th week I have been tracking progress, and cumulatively, I have exercised 3 days/week for at least 45 min - putting me at a 1. ','1',150,'2020-06-04 22:30:52',0,'1',150,NULL,'2020-06-05 02:30:52','2020-06-05 02:30:52',NULL),(1257,11,'My group and I are planning on having our individual parts of the video completed by Monday so that we can start editing the video.','0',152,'2020-06-05 00:34:47',0,'1',152,NULL,'2020-06-05 04:34:47','2020-06-05 04:34:47',NULL),(1258,94,'I continue to track my progress with my phone. Next week I will be able to change my score :)','0',152,'2020-06-05 00:37:12',0,'1',152,NULL,'2020-06-05 04:37:12','2020-06-05 04:37:12',NULL),(1259,93,'This goal scaling assignment has really made me focus and be more mindful about taking my medications, I have been keeping track on my phone and look forward to changing my score soon.','0',152,'2020-06-05 00:38:52',0,'1',152,NULL,'2020-06-05 04:38:52','2020-06-05 04:38:52',NULL),(1260,59,'I read part two of the neurodevelopmental article on Tuesday. I hope to read another article this weekend.','3',152,'2020-06-05 00:40:11',0,'1',152,NULL,'2020-06-05 04:40:11','2020-06-05 04:40:11',NULL),(1261,35,'This past Tuesday, I read the article about non-medication methods of pain management. I think with the opioid crisis, this area of OT is going to become increasingly important.','2',152,'2020-06-05 00:46:34',0,'1',152,NULL,'2020-06-05 04:46:34','2020-06-05 04:46:34',NULL),(1262,6,'I have started to form a small peer group','0',147,'2020-06-05 08:57:47',0,'1',147,NULL,'2020-06-05 12:57:47','2020-06-05 12:57:47',NULL),(1263,83,'I have drank at least 5-6 classes of water for the past 4 day, which places me at 19 days for  3-4 glasses of water and 17 days for 5-6 glasses of water! So close to reaching my goal!','1',147,'2020-06-05 08:59:46',0,'1',147,NULL,'2020-06-05 12:59:46','2020-06-05 12:59:46',NULL),(1264,54,'I have not done any additional readings on neuropathies yet. I will look into the biopsychosocial model of pain! ? thank you for the guidance.','0',147,'2020-06-05 09:00:53',0,'1',147,NULL,'2020-06-05 13:00:53','2020-06-05 13:00:53',NULL),(1265,30,'I still have only read one article and am focusing my efforts on completing the 10 articles for the paper due in a little over a week.','1',147,'2020-06-05 09:01:36',0,'1',147,NULL,'2020-06-05 13:01:36','2020-06-05 13:01:36',NULL),(1266,84,'I practiced yoga one day this week! Hoping to do another one today or tomorrow! ?','0',147,'2020-06-05 09:02:22',0,'1',147,NULL,'2020-06-05 13:02:22','2020-06-05 13:02:22',NULL),(1267,128,'I reviewed the Phase 1 FAQs, and have a question about how to implement cold call process while working remotely.  I will ask in our next supervision.','1',182,'2020-06-05 09:35:45',0,'1',182,NULL,'2020-06-05 13:35:45','2020-06-05 13:35:45',NULL),(1268,129,'I attended the first Quality briefing today, and feel ready to schedule the practical assessment','2',182,'2020-06-05 09:36:51',0,'1',182,NULL,'2020-06-05 13:36:51','2020-06-05 13:36:51',NULL),(1269,129,'My practical assessment is scheduled for 06/15/2020?? Ready to go.','3',182,'2020-06-05 09:37:33',0,'1',182,NULL,'2020-06-05 13:37:33','2020-06-05 13:37:33',NULL),(1270,127,'I have established a PD account, and will schedule time early next week to complete all 4 required videos.','1',182,'2020-06-05 09:39:24',0,'1',182,NULL,'2020-06-05 13:39:24','2020-06-05 13:39:24',NULL),(1271,127,'I completed all 4 videos and passed exit exams.  Rocking it out.','4',182,'2020-06-05 09:39:49',0,'1',182,NULL,'2020-06-05 13:39:49','2020-06-05 13:39:49',NULL),(1272,132,'I viewed mission for ABC, and memorized (also on my nametag)','1',183,'2020-06-05 09:47:43',0,'1',183,NULL,'2020-06-05 13:47:43','2020-06-05 13:47:43',NULL),(1273,132,'I am glad you are to that point.  That is the reason the  mission, vision, and values are on the nametags; for reference and ease of recall ?','0',181,'2020-06-05 09:58:09',1272,'1',181,NULL,'2020-06-05 13:58:09','2020-06-05 13:58:09',NULL),(1274,132,'Nelson has viewed mission, vision, and values','1',181,'2020-06-05 09:58:55',0,'1',181,NULL,'2020-06-05 13:58:55','2020-06-05 13:58:55',NULL),(1275,131,'I know you had mentioned that you were walking some each day.  Are you up to 15 minutes for 5 days yet this week?','0',180,'2020-06-05 10:02:10',0,'1',180,NULL,'2020-06-05 14:02:10','2020-06-05 14:02:10',NULL),(1276,130,'You are really dedicated to using the materials in these videos, and applying the knowledge when we last met for a session on Thursday.  Good for you.?','2',180,'2020-06-05 10:03:34',0,'1',180,NULL,'2020-06-05 14:03:34','2020-06-05 14:03:34',NULL),(1277,133,'I am having a hard time coming up with a goal.  Could you write it for me?','0',185,'2020-06-05 10:05:28',0,'1',185,NULL,'2020-06-05 14:05:28','2020-06-05 14:05:28',NULL),(1278,131,'I am at one week 5 days a week, but will wait until I get two full weeks to go up to 1.  I got cool purple sneakers though.','0',185,'2020-06-05 10:06:16',0,'1',185,NULL,'2020-06-05 14:06:16','2020-06-05 14:06:16',NULL),(1279,130,'I feel really good about my stress relief progress.  Thanks for checking in with me.','0',185,'2020-06-05 10:06:55',1276,'1',185,NULL,'2020-06-05 14:06:55','2020-06-05 14:06:55',NULL),(1280,130,'I like the meditation and breathing practices in video 1.  I have used them before bed and they help.','2',185,'2020-06-05 10:07:34',0,'1',185,NULL,'2020-06-05 14:07:34','2020-06-05 14:07:34',NULL),(1281,128,'Let\'s talk about adjusting the cold call process for remote at our next EOS meeting.  Good point that it was not set up for remote work.','0',179,'2020-06-05 10:09:59',1267,'1',179,NULL,'2020-06-05 14:09:59','2020-06-05 14:09:59',NULL),(1282,128,'Good work on Phase 1 FAQs and the policy changes needed','1',179,'2020-06-05 10:11:53',0,'1',179,NULL,'2020-06-05 14:11:53','2020-06-05 14:11:53',NULL),(1283,129,'Let\'s pull back a little.  We still need to talk about the Quality at ABC materials before you schedule your Practical Assessment.  We are scheduled to meet on 6/8/2020.  ','2',179,'2020-06-05 10:17:54',0,'1',179,NULL,'2020-06-05 14:17:54','2020-06-05 14:17:54',NULL),(1284,129,'We will wait until we meet on 6/8 to see if we should reschedule the 6/15 briefing.','0',179,'2020-06-05 10:18:31',1269,'1',179,NULL,'2020-06-05 14:18:31','2020-06-05 14:18:31',NULL),(1285,127,'Great job.  You are rocking it out on this goal.?-rockin!!!','4',179,'2020-06-05 10:19:28',0,'1',179,NULL,'2020-06-05 14:19:28','2020-06-05 14:19:28',NULL),(1286,128,'Great job Teddy in using your flashcards to really get the content?-licious!','2',179,'2020-06-05 14:18:34',0,'1',179,NULL,'2020-06-05 18:18:34','2020-06-05 18:18:34',NULL),(1287,134,'I know you can do it.  Excited to hear about your progress.','0',179,'2020-06-05 14:35:13',0,'1',179,NULL,'2020-06-05 18:35:13','2020-06-05 18:35:13',NULL),(1288,20,'Still working on the powerpoint','0',161,'2020-06-06 17:15:09',0,'1',161,NULL,'2020-06-06 21:15:09','2020-06-06 21:15:09',NULL),(1289,68,'still at about 4-6 articles','3',161,'2020-06-06 17:15:31',0,'1',161,NULL,'2020-06-06 21:15:31','2020-06-06 21:15:31',NULL),(1290,44,'Still at about 4-6 resources for global health care','3',161,'2020-06-06 17:15:55',0,'1',161,NULL,'2020-06-06 21:15:55','2020-06-06 21:15:55',NULL),(1291,111,'Still at about 1400-1500 calories per day','0',161,'2020-06-06 17:16:23',0,'1',161,NULL,'2020-06-06 21:16:23','2020-06-06 21:16:23',NULL),(1292,112,'still stretching about 4 times a week after my workouts','2',161,'2020-06-06 17:16:52',0,'1',161,NULL,'2020-06-06 21:16:52','2020-06-06 21:16:52',NULL),(1293,113,'I have run 4miles 3 times this week. I am have now completed 4 weeks of running. ','0',162,'2020-06-07 07:39:38',0,'1',162,NULL,'2020-06-07 11:39:38','2020-06-07 11:39:38',NULL),(1294,114,'I have journaled 5 times this week. I have now done this for 4 consecutive weeks. ','0',162,'2020-06-07 07:40:29',0,'1',162,NULL,'2020-06-07 11:40:29','2020-06-07 11:40:29',NULL),(1295,69,'I have not read any more articles this week. ','3',162,'2020-06-07 07:41:00',0,'1',162,NULL,'2020-06-07 11:41:00','2020-06-07 11:41:00',NULL),(1296,45,'I have not read any more articles this week. ','2',162,'2020-06-07 07:41:30',0,'1',162,NULL,'2020-06-07 11:41:30','2020-06-07 11:41:30',NULL),(1297,21,'My group is still working on this project and plan on meeting up today. ','0',162,'2020-06-07 07:42:25',0,'1',162,NULL,'2020-06-07 11:42:25','2020-06-07 11:42:25',NULL),(1298,77,'I stretched for a total of 50 minutes last week','2',144,'2020-06-07 11:09:14',0,'1',144,NULL,'2020-06-07 15:09:14','2020-06-07 15:09:14',NULL),(1299,78,'I ran 15 miles total last week. I plan on getting at least 15 miles done this week!','1',144,'2020-06-07 11:10:55',0,'1',144,NULL,'2020-06-07 15:10:55','2020-06-07 15:10:55',NULL),(1300,27,'Only one article done so far.','1',144,'2020-06-07 11:11:42',0,'1',144,NULL,'2020-06-07 15:11:42','2020-06-07 15:11:42',NULL),(1301,51,'Only one article done so far.','1',144,'2020-06-07 11:11:53',0,'1',144,NULL,'2020-06-07 15:11:53','2020-06-07 15:11:53',NULL),(1302,11,'Tomorrow my group members and I are sending in our videos so we can edit them together, so our video should be done in the next few days.','0',152,'2020-06-07 11:12:16',0,'1',152,NULL,'2020-06-07 15:12:16','2020-06-07 15:12:16',NULL),(1303,3,'No further progress has been made. There is still time!','0',144,'2020-06-07 11:12:20',0,'1',144,NULL,'2020-06-07 15:12:20','2020-06-07 15:12:20',NULL),(1304,94,'I continue to try and keep up my water intake and track my progress, I am hoping that I can continue these good habits after my goal has been met. ','0',152,'2020-06-07 11:14:13',0,'1',152,NULL,'2020-06-07 15:14:13','2020-06-07 15:14:13',NULL),(1305,93,'This week I will be able to change my score and show my progress ?. I continue to track my compliance with my phone. ','0',152,'2020-06-07 11:18:13',0,'1',152,NULL,'2020-06-07 15:18:13','2020-06-07 15:18:13',NULL),(1306,59,'I have an article picked out that I plan on reading today and that will put me at 5 articles.','3',152,'2020-06-07 11:21:35',0,'1',152,NULL,'2020-06-07 15:21:35','2020-06-07 15:21:35',NULL),(1307,85,'This week, I was finally able to achieve my expected level for my goal! I will continue to monitor this goal. ','2',148,'2020-06-07 11:31:55',0,'1',148,NULL,'2020-06-07 15:31:55','2020-06-07 15:31:55',NULL),(1308,31,'I have met a level 3 for this goal! I did not read any more articles regarding global/social issues since last class period. ','3',148,'2020-06-07 11:32:51',0,'1',148,NULL,'2020-06-07 15:32:51','2020-06-07 15:32:51',NULL),(1309,55,'I did not read any more articles regarding this goal, but I have began to reflect on my learning for the final paper. ','2',148,'2020-06-07 11:33:35',0,'1',148,NULL,'2020-06-07 15:33:35','2020-06-07 15:33:35',NULL),(1310,55,' I did not read any more articles regarding this goal, but I have began to reflect on my learning for the final paper.  \r\n\r\n*This goal is at a level 3, I accidentally marked level 2! ','3',148,'2020-06-07 11:34:40',0,'1',148,NULL,'2020-06-07 15:34:40','2020-06-07 15:34:40',NULL),(1311,86,'I have been monitoring this goal and I am getting closer to maintaining 3 servings of fruits/vegetables per day for 4 weeks! ','0',148,'2020-06-07 11:36:34',0,'1',148,NULL,'2020-06-07 15:36:34','2020-06-07 15:36:34',NULL),(1312,7,'I have completed my portion of the video and my group is working on getting it all put together and edited. We plan to submit it one week early. ','3',148,'2020-06-07 11:37:52',0,'1',148,NULL,'2020-06-07 15:37:52','2020-06-07 15:37:52',NULL),(1313,10,'I started to write out some ideas independently. Hopefully, we\'ll meet this week start to pull together some slides. ','0',151,'2020-06-07 11:40:04',0,'1',151,NULL,'2020-06-07 15:40:04','2020-06-07 15:40:04',NULL),(1314,92,'On 6/5 I had three glasses of water, on 6/6 I had two. I haven\'t had any yet today but want to start trying to reach a level 3 before the semester ends. ','2',151,'2020-06-07 11:41:45',0,'1',151,NULL,'2020-06-07 15:41:45','2020-06-07 15:41:45',NULL),(1315,91,'I exercised again on 6/5 which means I finally get to update my level! I haven\'t exercised yet today but plan to continue maintaining at least 3 days a week. ','2',151,'2020-06-07 11:43:30',0,'1',151,NULL,'2020-06-07 15:43:30','2020-06-07 15:43:30',NULL),(1316,35,'Yesterday I read the article about adult obesity. I think this information would be helpful for anyone working with adults since obesity is so prevalent.','3',152,'2020-06-07 11:43:58',0,'1',152,NULL,'2020-06-07 15:43:58','2020-06-07 15:43:58',NULL),(1317,58,'I plan on sitting down to read at least one article today and will make a plan to finish up reading this week so I have time to write my paper. ','2',151,'2020-06-07 11:45:06',0,'1',151,NULL,'2020-06-07 15:45:06','2020-06-07 15:45:06',NULL),(1318,34,'I also plan on reading at least one article for this today and will include the remaining ones in the reading schedule that I will be developing. ','2',151,'2020-06-07 11:46:02',0,'1',151,NULL,'2020-06-07 15:46:02','2020-06-07 15:46:02',NULL),(1319,87,'4 weeks is up on Tuesday, and I have been journaling about 3 times a week! I hit above my expected level.','3',149,'2020-06-07 14:43:37',0,'1',149,NULL,'2020-06-07 18:43:37','2020-06-07 18:43:37',NULL),(1320,88,'I hit 12,000 steps both days this weekend! Loving the weather ?','4',149,'2020-06-07 14:44:41',0,'1',149,NULL,'2020-06-07 18:44:41','2020-06-07 18:44:41',NULL),(1321,56,'I have read a second article for this goal! The article was about how coaching parents/teachers can be beneficial for kids with sensory deficits. Very interesting!','2',149,'2020-06-07 14:50:12',0,'1',149,NULL,'2020-06-07 18:50:12','2020-06-07 18:50:12',NULL),(1322,32,'The third article I read and took the quiz on was on Obesity in Adults! ','2',149,'2020-06-07 14:51:49',0,'1',149,NULL,'2020-06-07 18:51:49','2020-06-07 18:51:49',NULL),(1323,118,'Have been participating in 30 minute HIIT 3-4 days a week. ','3',164,'2020-06-07 14:54:37',0,'1',164,NULL,'2020-06-07 18:54:37','2020-06-07 18:54:37',NULL),(1324,23,'no changes','2',164,'2020-06-07 14:54:51',0,'1',164,NULL,'2020-06-07 18:54:51','2020-06-07 18:54:51',NULL),(1325,71,'no changes :)','3',164,'2020-06-07 14:55:04',0,'1',164,NULL,'2020-06-07 18:55:04','2020-06-07 18:55:04',NULL),(1326,47,'no changes :)','3',164,'2020-06-07 14:55:19',0,'1',164,NULL,'2020-06-07 18:55:19','2020-06-07 18:55:19',NULL),(1327,117,'this has been harder for me but have been pretty consistent with accomplishing this 4 days a week','2',164,'2020-06-07 14:56:14',0,'1',164,NULL,'2020-06-07 18:56:14','2020-06-07 18:56:14',NULL),(1328,16,'Power point coming together nicely ','1',157,'2020-06-07 15:51:58',0,'1',157,NULL,'2020-06-07 19:51:58','2020-06-07 19:51:58',NULL),(1329,103,'End of week 3: I have consecutively drank 3-4 water bottles every day. 3 weeks down, 1 to go until I hit my expected level of goal attainment','0',157,'2020-06-07 15:54:15',0,'1',157,NULL,'2020-06-07 19:54:15','2020-06-07 19:54:15',NULL),(1330,104,'Learned how to make a boat. Seem simple and it was. Its all about understanding the instructions if you want a goo figure. I colored on it to make it look like a real boat ?','0',157,'2020-06-07 15:59:52',0,'1',157,NULL,'2020-06-07 19:59:52','2020-06-07 19:59:52',NULL),(1331,15,'My group and I are working on this and are planning to meet via FaceTime and get it done this week hopefully! ','0',156,'2020-06-07 17:04:22',0,'1',156,NULL,'2020-06-07 21:04:22','2020-06-07 21:04:22',NULL),(1332,63,'I have read 5 articles so far! I have learned a lot about geriatric care so far.','3',156,'2020-06-07 17:05:04',0,'1',156,NULL,'2020-06-07 21:05:04','2020-06-07 21:05:04',NULL),(1333,39,'I have read 3 articles so far! I plan to read at least one more article! I\'m sure I will by the end of the semester.  It is fascinating learning more about global issues! ','2',156,'2020-06-07 17:05:56',0,'1',156,NULL,'2020-06-07 21:05:56','2020-06-07 21:05:56',NULL),(1334,64,'Read an article on life expectancy in DS. Congenital heart abnormalities are a comorbidity of DS so, individuals with DS and congenital heart abnormalities tend to live shorter than without. ','3',157,'2020-06-07 17:07:10',0,'1',157,NULL,'2020-06-07 21:07:10','2020-06-07 21:07:10',NULL),(1335,101,'I journaled 4 times this week! I am loving this new mental health strategy in getting my thoughts down on paper! ','3',156,'2020-06-07 17:07:44',0,'1',156,NULL,'2020-06-07 21:07:44','2020-06-07 21:07:44',NULL),(1336,102,'I ran 6 times this week! I am getting my mileage up which is helping me train for the Chicago marathon! I feel so healthy and strong! ','2',156,'2020-06-07 17:10:14',0,'1',156,NULL,'2020-06-07 21:10:14','2020-06-07 21:10:14',NULL),(1337,13,'PowerPoint complete','1',154,'2020-06-07 17:21:47',0,'1',154,NULL,'2020-06-07 21:21:47','2020-06-07 21:21:47',NULL),(1338,40,'listened to a pod cast on cognitive assessments and intervention in acute care.  Very important because this setting is extremely diverse and fast paced that cognition can be over looked. ','2',157,'2020-06-07 17:21:59',0,'1',157,NULL,'2020-06-07 21:21:59','2020-06-07 21:21:59',NULL),(1339,1,'Thank you!','0',142,'2020-06-07 17:22:08',1151,'1',142,NULL,'2020-06-07 21:22:08','2020-06-07 21:22:08',NULL),(1340,1,'No advocacy project completed yet.','0',142,'2020-06-07 17:22:22',0,'1',142,NULL,'2020-06-07 21:22:22','2020-06-07 21:22:22',NULL),(1341,98,'I have been able to drink my daily water intake for 4 weeks and have only had 1 day where I did not meet my goal. ','4',154,'2020-06-07 17:23:15',0,'1',154,NULL,'2020-06-07 21:23:15','2020-06-07 21:23:15',NULL),(1342,74,'Have been successfully incorporating at least one meal primarily made of vegetables each day and finding it to be easier and easier!','2',142,'2020-06-07 17:23:55',0,'1',142,NULL,'2020-06-07 21:23:55','2020-06-07 21:23:55',NULL),(1343,49,'Have not read any additional materials thus far. ','2',142,'2020-06-07 17:24:33',0,'1',142,NULL,'2020-06-07 21:24:33','2020-06-07 21:24:33',NULL),(1344,97,'Weighed 193.2. I ran a lot this week. So even though I lost weight rather than gained, I still look at it as a positive/part of the process. ','2',154,'2020-06-07 17:24:58',0,'1',154,NULL,'2020-06-07 21:24:58','2020-06-07 21:24:58',NULL),(1345,25,'Have not read any additional materials.','2',142,'2020-06-07 17:25:15',0,'1',142,NULL,'2020-06-07 21:25:15','2020-06-07 21:25:15',NULL),(1346,61,'No progress made, goal obtained. Focused on other goals and will read more article for hand therapy in near future. ','4',154,'2020-06-07 17:26:02',0,'1',154,NULL,'2020-06-07 21:26:02','2020-06-07 21:26:02',NULL),(1347,37,'Have yet to comment to CommunOT, but read articles and completed quizzes. Will probably complete this week. ','3',154,'2020-06-07 17:27:22',0,'1',154,NULL,'2020-06-07 21:27:22','2020-06-07 21:27:22',NULL),(1348,73,'Monday - Thursday, went on either a walk or the elliptical for 30 + minutes (Thursday went on for over a hour and did 7 miles!) and incorporated legs or arms for at least 15 minutes after! ?','0',142,'2020-06-07 17:28:24',0,'1',142,NULL,'2020-06-07 21:28:24','2020-06-07 21:28:24',NULL),(1349,73,'Sunday - went on the elliptical for 45 minutes and did abs after for 15 minutes! This week will be my 4 week mark, so will be able to move up my progress! ?','0',142,'2020-06-07 17:29:11',0,'1',142,NULL,'2020-06-07 21:29:11','2020-06-07 21:29:11',NULL),(1350,2,'I will have more of an update on Thursday after our group meets on Tuesday!','0',143,'2020-06-07 17:34:14',0,'1',143,NULL,'2020-06-07 21:34:14','2020-06-07 21:34:14',NULL),(1351,76,'I find it easier to cook during the week since my weekends have been very busy. I ordered takeout yesterday but am making chicken sausage with sweet potato for dinner tonight','0',143,'2020-06-07 17:36:12',0,'1',143,NULL,'2020-06-07 21:36:12','2020-06-07 21:36:12',NULL),(1352,75,'I went on a 2 mile walk yesterday!','0',143,'2020-06-07 17:37:15',0,'1',143,NULL,'2020-06-07 21:37:15','2020-06-07 21:37:15',NULL),(1353,50,'I will read another article and take another quiz this week','1',143,'2020-06-07 17:37:51',0,'1',143,NULL,'2020-06-07 21:37:51','2020-06-07 21:37:51',NULL),(1354,26,'I am still at goal level 2 but I have read 3 articles now, which is great since I met my expected level of goal attainment!','2',143,'2020-06-07 17:39:17',0,'1',143,NULL,'2020-06-07 21:39:17','2020-06-07 21:39:17',NULL),(1355,12,'We have most of the filming done for this. I am finishing my part tomorrow!','0',153,'2020-06-07 18:29:14',0,'1',153,NULL,'2020-06-07 22:29:14','2020-06-07 22:29:14',NULL),(1356,60,'No further progress here. I have read 3 articles so far. ','2',153,'2020-06-07 18:30:07',0,'1',153,NULL,'2020-06-07 22:30:07','2020-06-07 22:30:07',NULL),(1357,36,'No further progress since Thursday. I have read 3 articles so far. ','2',153,'2020-06-07 18:31:03',0,'1',153,NULL,'2020-06-07 22:31:03','2020-06-07 22:31:03',NULL),(1358,95,'I journaled 3 times this week! 3/6 weeks completed. Almost to my goal of 4/6 weeks!','0',153,'2020-06-07 18:32:14',0,'1',153,NULL,'2020-06-07 22:32:14','2020-06-07 22:32:14',NULL),(1359,96,'Another week with 7,000 steps. 3/6 weeks ☺️?','0',153,'2020-06-07 18:35:23',0,'1',153,NULL,'2020-06-07 22:35:23','2020-06-07 22:35:23',NULL),(1360,18,'6/4/2020: Our group made a plan to meet next week to begin constructing, organizing information, and beginning the project together. ','0',159,'2020-06-07 19:20:46',0,'1',159,NULL,'2020-06-07 23:20:46','2020-06-07 23:20:46',NULL),(1361,18,'No further changes or progress made at this time. ','0',159,'2020-06-07 19:21:06',0,'1',159,NULL,'2020-06-07 23:21:06','2020-06-07 23:21:06',NULL),(1362,108,'6/4/2020: I spent more intentional time with my husband for 40 minutes one day. Every other day I was able to call, text, facetime, or snapchat with other loved ones, and even some new...','3',159,'2020-06-07 19:23:48',0,'1',159,NULL,'2020-06-07 23:23:48','2020-06-07 23:23:48',NULL),(1363,108,'6/4/2020: ...friends to participate in social engagement and be able to express feelings, thoughts, and ideas with different individuals through this extraordinary time in life. ','3',159,'2020-06-07 19:24:50',0,'1',159,NULL,'2020-06-07 23:24:50','2020-06-07 23:24:50',NULL),(1364,108,'From Thursday to Sunday, I spent much time with family now that the quarantine ban is lifted. I was able to participate in social engagement for at least 2 hours (120 min) each day. ','3',159,'2020-06-07 19:26:28',0,'1',159,NULL,'2020-06-07 23:26:28','2020-06-07 23:26:28',NULL),(1365,66,'6/4/2020: I did not read any additional wound research articles for the remainder of this week. ','2',159,'2020-06-07 19:27:10',0,'1',159,NULL,'2020-06-07 23:27:10','2020-06-07 23:27:10',NULL),(1366,66,'I did not read any additional wound research articles for the remainder of this week (Thursday through Sunday). ','2',159,'2020-06-07 19:27:31',0,'1',159,NULL,'2020-06-07 23:27:31','2020-06-07 23:27:31',NULL),(1367,42,'6/4/2020: I spent my time this week studying for exams rather than research. Hoping to research more this weekend. ','3',159,'2020-06-07 19:29:28',0,'1',159,NULL,'2020-06-07 23:29:28','2020-06-07 23:29:28',NULL),(1368,42,'I am currently at the same level as previously stated. ','3',159,'2020-06-07 19:30:05',0,'1',159,NULL,'2020-06-07 23:30:05','2020-06-07 23:30:05',NULL),(1369,107,'6/4/2020: I made a paper chart, putting it next to my bed, to check off nightly my new routine for better implementation (including the weekends). ','0',159,'2020-06-07 19:31:25',0,'1',159,NULL,'2020-06-07 23:31:25','2020-06-07 23:31:25',NULL),(1370,107,'I did alter my plan for weekends, setting an alarm earlier than I have previously gotten up, but not as early as the week days for increased compliance to my sleep hygiene plan. ','0',159,'2020-06-07 19:32:16',0,'1',159,NULL,'2020-06-07 23:32:16','2020-06-07 23:32:16',NULL),(1371,14,'no updates.','0',155,'2020-06-07 19:39:09',0,'1',155,NULL,'2020-06-07 23:39:09','2020-06-07 23:39:09',NULL),(1372,100,'This week I completed 3 work outs','0',155,'2020-06-07 19:39:30',0,'1',155,NULL,'2020-06-07 23:39:30','2020-06-07 23:39:30',NULL),(1373,62,'no updates','2',155,'2020-06-07 19:39:50',0,'1',155,NULL,'2020-06-07 23:39:50','2020-06-07 23:39:50',NULL),(1374,38,'This weekend I read An Introduction to the Legal System and\r\nthe Occupational Therapist as an Expert\r\nWitness: One Therapist’s Perspective','2',155,'2020-06-07 19:42:14',0,'1',155,NULL,'2020-06-07 23:42:14','2020-06-07 23:42:14',NULL),(1375,99,'This week I had  3 healthy lunches','0',155,'2020-06-07 19:42:37',0,'1',155,NULL,'2020-06-07 23:42:37','2020-06-07 23:42:37',NULL),(1376,24,'My group is meeting on Tuesday to discuss this assignment.','0',165,'2020-06-07 20:15:57',0,'1',165,NULL,'2020-06-08 00:15:57','2020-06-08 00:15:57',NULL),(1377,22,'My group has not made anymore progress on our presentations. We will probably finish it this week, I hope. ','0',163,'2020-06-07 20:18:01',0,'1',163,NULL,'2020-06-08 00:18:01','2020-06-08 00:18:01',NULL),(1378,116,'I have continued to drink 80oz of water a day','0',163,'2020-06-07 20:18:36',0,'1',163,NULL,'2020-06-08 00:18:36','2020-06-08 00:18:36',NULL),(1379,119,'I have now drank 60 oz of water each day for 20 consecutive days!','3',165,'2020-06-07 20:18:40',0,'1',165,NULL,'2020-06-08 00:18:40','2020-06-08 00:18:40',NULL),(1380,70,'I    was not able to read any articles this weekend, but I  plan to read tomorrow. ','2',163,'2020-06-07 20:19:13',0,'1',163,NULL,'2020-06-08 00:19:13','2020-06-08 00:19:13',NULL),(1381,46,'I    did not read any articles over the weekend. I  will be reading at least one tomorrow.','3',163,'2020-06-07 20:20:28',0,'1',163,NULL,'2020-06-08 00:20:28','2020-06-08 00:20:28',NULL),(1382,72,'I have a person in mind that is a social worker that works in the mental health field. I plan to reach out to her this week to set up an information interview.','3',165,'2020-06-07 20:20:30',0,'1',165,NULL,'2020-06-08 00:20:30','2020-06-08 00:20:30',NULL),(1383,115,'I    was able to walk at least 4 miles twice this week','0',163,'2020-06-07 20:21:06',0,'1',163,NULL,'2020-06-08 00:21:06','2020-06-08 00:21:06',NULL),(1384,48,'I have still read 4 articles, I plan to read at least 1-2 more by Thursday.','3',165,'2020-06-07 20:21:22',0,'1',165,NULL,'2020-06-08 00:21:22','2020-06-08 00:21:22',NULL),(1385,120,'I meditated 5 times this week, therefore I have met my goal of meditating 4 times a week for 4/6 weeks thus far in the semester.','2',165,'2020-06-07 20:24:06',0,'1',165,NULL,'2020-06-08 00:24:06','2020-06-08 00:24:06',NULL),(1386,81,'I was able to call 6 friends this week. I even got to make plans to see some of them in person?','0',146,'2020-06-07 22:25:23',0,'1',146,NULL,'2020-06-08 02:25:23','2020-06-08 02:25:23',NULL),(1387,5,'We filmed our advocacy project and now I just need to edit it!','0',146,'2020-06-07 22:26:10',0,'1',146,NULL,'2020-06-08 02:26:10','2020-06-08 02:26:10',NULL),(1388,53,'I want to reach level 3 this week so I have more insight on SI.','2',146,'2020-06-07 22:27:23',0,'1',146,NULL,'2020-06-08 02:27:23','2020-06-08 02:27:23',NULL),(1389,29,'My goal is to reach level 4 this week!','3',146,'2020-06-07 22:28:19',0,'1',146,NULL,'2020-06-08 02:28:19','2020-06-08 02:28:19',NULL),(1390,82,'I am staying consistent with my 8AM wake schedule, which is a big contrast from the beginning of the semester. ','0',146,'2020-06-07 22:29:03',0,'1',146,NULL,'2020-06-08 02:29:03','2020-06-08 02:29:03',NULL),(1391,79,'6/3: 7 hours\r\n6/4: 7.5 hours\r\n6/5: 7 hours\r\n6/6: 7 hours','1',145,'2020-06-07 22:33:18',0,'1',145,NULL,'2020-06-08 02:33:18','2020-06-08 02:33:18',NULL),(1392,80,'6/4: 1 hour\r\n5/5: 2 hours\r\n6/6: 3 hours\r\n6/7: .5 hours ','1',145,'2020-06-07 22:35:09',0,'1',145,NULL,'2020-06-08 02:35:09','2020-06-08 02:35:09',NULL),(1393,28,'No additional progress.','1',145,'2020-06-07 22:36:52',0,'1',145,NULL,'2020-06-08 02:36:52','2020-06-08 02:36:52',NULL),(1394,52,'No additional progress.','2',145,'2020-06-07 22:37:29',0,'1',145,NULL,'2020-06-08 02:37:29','2020-06-08 02:37:29',NULL),(1395,4,'No additional progress.','1',145,'2020-06-07 22:37:59',0,'1',145,NULL,'2020-06-08 02:37:59','2020-06-08 02:37:59',NULL),(1396,6,'I have a small peer group but we have not started on our project yet.','0',147,'2020-06-08 07:41:10',0,'1',147,NULL,'2020-06-08 11:41:10','2020-06-08 11:41:10',NULL),(1397,83,'For the past 3 days, I have drank at least 5-6 glasses of water. This means I have 22 days for 3-4 glasses of water and 20 days for 5-6 glasses of water! WOW I reached above and beyond my goal!','3',147,'2020-06-08 07:44:27',0,'1',147,NULL,'2020-06-08 11:44:27','2020-06-08 11:44:27',NULL),(1398,54,'My sister and her husband flew in from Arizona and surprised my Mom for her birthday this weekend, so I haven\'t gotten much work done :)','0',147,'2020-06-08 07:45:55',0,'1',147,NULL,'2020-06-08 11:45:55','2020-06-08 11:45:55',NULL),(1399,30,'Still only read one article on obesity','0',147,'2020-06-08 07:46:31',0,'1',147,NULL,'2020-06-08 11:46:31','2020-06-08 11:46:31',NULL),(1400,30,'Oops I clicked the wrong one.','1',147,'2020-06-08 07:46:54',0,'1',147,NULL,'2020-06-08 11:46:54','2020-06-08 11:46:54',NULL),(1401,84,'I did yoga on Friday night while I was waiting for my sister\'s flight to come in :) this puts me at 2/6 weeks for practicing yoga or pilates.','0',147,'2020-06-08 07:48:07',0,'1',147,NULL,'2020-06-08 11:48:07','2020-06-08 11:48:07',NULL),(1402,19,'Still trying to narrow down the topics!','0',160,'2020-06-08 07:57:57',0,'1',160,NULL,'2020-06-08 11:57:57','2020-06-08 11:57:57',NULL),(1403,109,'This week of 6/1-6/7 I stretched Mon,Wed,Fri, Sat.','0',160,'2020-06-08 07:58:51',0,'1',160,NULL,'2020-06-08 11:58:51','2020-06-08 11:58:51',NULL),(1404,67,'I have read and completed the CE quiz for \"biopsychosocial model of pain\"','1',160,'2020-06-08 07:59:29',0,'1',160,NULL,'2020-06-08 11:59:29','2020-06-08 11:59:29',NULL),(1405,43,'I will plan to read another article this week regarding global social issues!','2',160,'2020-06-08 08:00:22',0,'1',160,NULL,'2020-06-08 12:00:22','2020-06-08 12:00:22',NULL),(1406,110,'This week I ran two long runs (8 miles) on Mon and Wed. I ran shorter distance on Fri and Sun!','0',160,'2020-06-08 08:01:26',0,'1',160,NULL,'2020-06-08 12:01:26','2020-06-08 12:01:26',NULL),(1407,125,'GReat job Patrick.  How did you do last weekend?','1',170,'2020-06-08 11:14:03',0,'1',170,NULL,'2020-06-08 15:14:03','2020-06-08 15:14:03',NULL),(1408,125,'Keep working at it.?-licious.','0',170,'2020-06-08 11:14:33',559,'1',170,NULL,'2020-06-08 15:14:33','2020-06-08 15:14:33',NULL),(1409,135,'I know it is hard working remotely, but these are such needed skills in our field','0',170,'2020-06-08 11:24:46',0,'1',170,NULL,'2020-06-08 15:24:46','2020-06-08 15:24:46',NULL),(1410,9,'Getting ready to complete our project this week!','0',150,'2020-06-08 11:28:01',0,'1',150,NULL,'2020-06-08 15:28:01','2020-06-08 15:28:01',NULL),(1411,90,'Transferred $50 again!','0',150,'2020-06-08 11:28:23',0,'1',150,NULL,'2020-06-08 15:28:23','2020-06-08 15:28:23',NULL),(1412,57,'Have some time set aside this week to read a couple more articles.','2',150,'2020-06-08 11:28:53',0,'1',150,NULL,'2020-06-08 15:28:53','2020-06-08 15:28:53',NULL),(1413,33,'Have some time set aside this week to read a couple more.','3',150,'2020-06-08 11:29:18',0,'1',150,NULL,'2020-06-08 15:29:18','2020-06-08 15:29:18',NULL),(1414,89,'Motivated to keep up the consistency this week!','1',150,'2020-06-08 11:29:39',0,'1',150,NULL,'2020-06-08 15:29:39','2020-06-08 15:29:39',NULL),(1415,20,'Almost done with powerpoint!','0',161,'2020-06-08 12:47:09',0,'1',161,NULL,'2020-06-08 16:47:09','2020-06-08 16:47:09',NULL),(1416,68,'still at about 4-6 articles','3',161,'2020-06-08 12:47:31',0,'1',161,NULL,'2020-06-08 16:47:31','2020-06-08 16:47:31',NULL),(1417,44,'4-6 resources have been read/listened to','3',161,'2020-06-08 12:47:55',0,'1',161,NULL,'2020-06-08 16:47:55','2020-06-08 16:47:55',NULL),(1418,111,'1400-1500 calories per day','0',161,'2020-06-08 12:48:16',0,'1',161,NULL,'2020-06-08 16:48:16','2020-06-08 16:48:16',NULL),(1419,112,'stretching 4x per week','2',161,'2020-06-08 12:48:51',0,'1',161,NULL,'2020-06-08 16:48:51','2020-06-08 16:48:51',NULL),(1420,17,'We have begun working on our powerpoint, we are going to work on finishing that up and making our short video before the end of the week. ','0',158,'2020-06-08 12:53:57',0,'1',158,NULL,'2020-06-08 16:53:57','2020-06-08 16:53:57',NULL),(1421,106,'SUN: 5 \r\nMON: 5 \r\nTUES: 5 \r\nWED: 6 \r\nTHURS:7\r\nFRI: 7 \r\nSAT: 8','0',158,'2020-06-08 12:55:27',0,'1',158,NULL,'2020-06-08 16:55:27','2020-06-08 16:55:27',NULL),(1422,8,'My group plans to meet over facetime and create the video on Wednesday. ','0',149,'2020-06-08 12:56:14',0,'1',149,NULL,'2020-06-08 16:56:14','2020-06-08 16:56:14',NULL),(1423,105,'SUN: REST\r\nMON: 60 min \r\nTUES: 30 min \r\nWED: 30 min \r\nTHUS: 30 min \r\nFRI: 30 min \r\nSAT: REST ','0',158,'2020-06-08 12:56:57',0,'1',158,NULL,'2020-06-08 16:56:57','2020-06-08 16:56:57',NULL),(1424,65,'I have read 2 additional articles on UE rehabilitation. ','2',158,'2020-06-08 12:58:03',0,'1',158,NULL,'2020-06-08 16:58:03','2020-06-08 16:58:03',NULL),(1425,41,'I have read 2 additional articles related to global social issues :) ','2',158,'2020-06-08 12:58:44',0,'1',158,NULL,'2020-06-08 16:58:44','2020-06-08 16:58:44',NULL),(1426,20,'Great to hear!','0',141,'2020-06-08 20:31:30',0,'1',141,NULL,'2020-06-09 00:31:30','2020-06-09 00:31:30',NULL),(1427,44,'Nicely done?','3',141,'2020-06-08 20:32:21',0,'1',141,NULL,'2020-06-09 00:32:21','2020-06-09 00:32:21',NULL),(1428,68,'sounds good?','3',141,'2020-06-08 20:33:02',0,'1',141,NULL,'2020-06-09 00:33:02','2020-06-09 00:33:02',NULL),(1429,111,'you are doing great!','0',141,'2020-06-08 20:33:27',0,'1',141,NULL,'2020-06-09 00:33:27','2020-06-09 00:33:27',NULL),(1430,112,'Way to hang in there!','2',141,'2020-06-08 20:33:58',0,'1',141,NULL,'2020-06-09 00:33:58','2020-06-09 00:33:58',NULL),(1431,10,'Okay, sounds good.','0',141,'2020-06-08 20:34:27',0,'1',141,NULL,'2020-06-09 00:34:27','2020-06-09 00:34:27',NULL),(1432,34,'Sounds like a good plan?','2',141,'2020-06-08 20:35:04',0,'1',141,NULL,'2020-06-09 00:35:04','2020-06-09 00:35:04',NULL),(1433,58,'Glad you are organizing your time to ensure enough time to write the paper.','2',141,'2020-06-08 20:35:53',0,'1',141,NULL,'2020-06-09 00:35:53','2020-06-09 00:35:53',NULL),(1434,91,'Yahooo! Way to go!!','2',141,'2020-06-08 20:36:40',0,'1',141,NULL,'2020-06-09 00:36:40','2020-06-09 00:36:40',NULL),(1435,92,'You are doing great; you can do this!','2',141,'2020-06-08 20:37:09',0,'1',141,NULL,'2020-06-09 00:37:09','2020-06-09 00:37:09',NULL),(1436,11,'Should be fun to create together:)','0',141,'2020-06-08 20:37:55',0,'1',141,NULL,'2020-06-09 00:37:55','2020-06-09 00:37:55',NULL),(1437,35,'Yes, I agree. And you exceeded your expected goal attainment-way to go!','3',141,'2020-06-08 20:38:41',0,'1',141,NULL,'2020-06-09 00:38:41','2020-06-09 00:38:41',NULL),(1438,59,'Nice!','3',141,'2020-06-08 20:39:31',0,'1',141,NULL,'2020-06-09 00:39:31','2020-06-09 00:39:31',NULL),(1439,93,'At last! Way to hang in there?','0',141,'2020-06-08 20:40:08',0,'1',141,NULL,'2020-06-09 00:40:08','2020-06-09 00:40:08',NULL),(1440,94,'You can do this!','0',141,'2020-06-08 20:40:31',0,'1',141,NULL,'2020-06-09 00:40:31','2020-06-09 00:40:31',NULL),(1441,15,'sounds good!','0',141,'2020-06-08 20:40:58',0,'1',141,NULL,'2020-06-09 00:40:58','2020-06-09 00:40:58',NULL),(1442,39,'You\'ve done great.','2',141,'2020-06-08 20:41:39',0,'1',141,NULL,'2020-06-09 00:41:39','2020-06-09 00:41:39',NULL),(1443,63,'I\'m glad you are learning a lot!','3',141,'2020-06-08 20:42:08',0,'1',141,NULL,'2020-06-09 00:42:08','2020-06-09 00:42:08',NULL),(1444,101,'This is great! And you can share this strategy with clients as you know it is effective from your own experience:)','3',141,'2020-06-08 20:43:06',0,'1',141,NULL,'2020-06-09 00:43:06','2020-06-09 00:43:06',NULL),(1445,102,'Wow! The Chicago Marathon-keep going!','2',141,'2020-06-08 20:43:46',0,'1',141,NULL,'2020-06-09 00:43:46','2020-06-09 00:43:46',NULL),(1446,9,'Okay, remember you are highlighting \"occupation\" so be sure you illustrate how that in one of these great themes you\'ve identified-very timely! ','0',141,'2020-06-08 20:45:44',0,'1',141,NULL,'2020-06-09 00:45:44','2020-06-09 00:45:44',NULL),(1447,33,'Sounds good.','3',141,'2020-06-08 20:46:11',0,'1',141,NULL,'2020-06-09 00:46:11','2020-06-09 00:46:11',NULL),(1448,57,'good-I know the advocacy project will take precedent now:)','2',141,'2020-06-08 20:46:47',0,'1',141,NULL,'2020-06-09 00:46:47','2020-06-09 00:46:47',NULL),(1449,89,'Way to hang in there to get the progress-you can do this!','1',141,'2020-06-08 20:53:09',0,'1',141,NULL,'2020-06-09 00:53:09','2020-06-09 00:53:09',NULL),(1450,90,'Way to rock it-keep going!','0',141,'2020-06-08 20:55:24',0,'1',141,NULL,'2020-06-09 00:55:24','2020-06-09 00:55:24',NULL),(1451,13,'Nice!','1',141,'2020-06-08 20:56:03',0,'1',141,NULL,'2020-06-09 00:56:03','2020-06-09 00:56:03',NULL),(1452,37,'You are doing great!?','3',141,'2020-06-08 20:56:47',0,'1',141,NULL,'2020-06-09 00:56:47','2020-06-09 00:56:47',NULL),(1453,61,'Wow! Way to super-exceed your goal!!','4',141,'2020-06-08 20:57:42',0,'1',141,NULL,'2020-06-09 00:57:42','2020-06-09 00:57:42',NULL),(1454,97,'Yes, I agree. Nice work.','2',141,'2020-06-08 20:58:24',0,'1',141,NULL,'2020-06-09 00:58:24','2020-06-09 00:58:24',NULL),(1455,98,'Way to hang in there to get the highest possible level of your goal attainment!!','4',141,'2020-06-08 20:59:06',0,'1',141,NULL,'2020-06-09 00:59:06','2020-06-09 00:59:06',NULL),(1456,19,'Don\'t be afraid to just jump in and see what happens:)','0',141,'2020-06-08 20:59:45',0,'1',141,NULL,'2020-06-09 00:59:45','2020-06-09 00:59:45',NULL),(1457,43,'You\'ve done great already on this goal.','2',141,'2020-06-08 21:00:12',0,'1',141,NULL,'2020-06-09 01:00:12','2020-06-09 01:00:12',NULL),(1458,67,'Great-that\'s a good article for many practice areas.','1',141,'2020-06-08 21:00:50',0,'1',141,NULL,'2020-06-09 01:00:50','2020-06-09 01:00:50',NULL),(1459,109,'You are doing an awesome job-keep going!','0',141,'2020-06-08 21:01:41',0,'1',141,NULL,'2020-06-09 01:01:41','2020-06-09 01:01:41',NULL),(1460,110,'Keep going! Amazing effort!','0',141,'2020-06-08 21:02:18',0,'1',141,NULL,'2020-06-09 01:02:18','2020-06-09 01:02:18',NULL),(1461,24,'sounds good','0',141,'2020-06-08 21:02:48',0,'1',141,NULL,'2020-06-09 01:02:48','2020-06-09 01:02:48',NULL),(1462,48,'Way to exceed your expected goal level! I hope you are enjoying the articles.','3',141,'2020-06-08 21:03:27',0,'1',141,NULL,'2020-06-09 01:03:27','2020-06-09 01:03:27',NULL),(1463,72,'Great! Good luck!','3',141,'2020-06-08 21:03:57',0,'1',141,NULL,'2020-06-09 01:03:57','2020-06-09 01:03:57',NULL),(1464,119,'Yahoo-way to hang in there to reach and exceed this sustained goal!!?','3',141,'2020-06-08 21:04:41',0,'1',141,NULL,'2020-06-09 01:04:41','2020-06-09 01:04:41',NULL),(1465,120,'Nicely done-way to hang in there','2',141,'2020-06-08 21:05:10',0,'1',141,NULL,'2020-06-09 01:05:10','2020-06-09 01:05:10',NULL),(1466,23,'sounds good','2',141,'2020-06-08 21:05:45',0,'1',141,NULL,'2020-06-09 01:05:45','2020-06-09 01:05:45',NULL),(1467,47,'okay:)','3',141,'2020-06-08 21:06:03',0,'1',141,NULL,'2020-06-09 01:06:03','2020-06-09 01:06:03',NULL),(1468,71,'maintaining is good:)','3',141,'2020-06-08 21:06:24',0,'1',141,NULL,'2020-06-09 01:06:24','2020-06-09 01:06:24',NULL),(1469,117,'Nice way to hang in there to meet your goal!!','2',141,'2020-06-08 21:06:51',0,'1',141,NULL,'2020-06-09 01:06:51','2020-06-09 01:06:51',NULL),(1470,118,'You exceeded your goal-way to go!?','3',141,'2020-06-08 21:07:28',0,'1',141,NULL,'2020-06-09 01:07:28','2020-06-09 01:07:28',NULL),(1471,4,'sounds like a good start','1',141,'2020-06-08 21:08:19',0,'1',141,NULL,'2020-06-09 01:08:19','2020-06-09 01:08:19',NULL),(1472,28,'Keep going!','1',141,'2020-06-08 21:08:47',0,'1',141,NULL,'2020-06-09 01:08:47','2020-06-09 01:08:47',NULL),(1473,52,'Way to meet your goal this week!','2',141,'2020-06-08 21:09:14',0,'1',141,NULL,'2020-06-09 01:09:14','2020-06-09 01:09:14',NULL),(1474,79,'Keep going-you can do this!','1',141,'2020-06-08 21:09:38',0,'1',141,NULL,'2020-06-09 01:09:38','2020-06-09 01:09:38',NULL),(1475,80,'You\'re getting there-way to keep at it:)','1',141,'2020-06-08 21:10:08',0,'1',141,NULL,'2020-06-09 01:10:08','2020-06-09 01:10:08',NULL),(1476,8,'sounds like a good start','0',141,'2020-06-08 21:10:54',0,'1',141,NULL,'2020-06-09 01:10:54','2020-06-09 01:10:54',NULL),(1477,32,'That\'s a good article!','2',141,'2020-06-08 21:11:19',0,'1',141,NULL,'2020-06-09 01:11:19','2020-06-09 01:11:19',NULL),(1478,56,'Good to hear! You met your goal!!','2',141,'2020-06-08 21:11:51',0,'1',141,NULL,'2020-06-09 01:11:51','2020-06-09 01:11:51',NULL),(1479,87,'Yahooo-way to exceed your goal!!','3',141,'2020-06-08 21:13:23',0,'1',141,NULL,'2020-06-09 01:13:23','2020-06-09 01:13:23',NULL),(1480,88,'You rocked this goal! Way to go!','4',141,'2020-06-08 21:14:16',0,'1',141,NULL,'2020-06-09 01:14:16','2020-06-09 01:14:16',NULL),(1481,14,'sounds good','0',141,'2020-06-08 21:14:46',0,'1',141,NULL,'2020-06-09 01:14:46','2020-06-09 01:14:46',NULL),(1482,38,'Nice way to meet your goal:)','2',141,'2020-06-08 21:15:11',0,'1',141,NULL,'2020-06-09 01:15:11','2020-06-09 01:15:11',NULL),(1483,62,'okay-you\'ve already done great on this goal:)','2',141,'2020-06-08 21:15:43',0,'1',141,NULL,'2020-06-09 01:15:43','2020-06-09 01:15:43',NULL),(1484,99,'Keep going-almost there!','0',141,'2020-06-08 21:16:19',0,'1',141,NULL,'2020-06-09 01:16:19','2020-06-09 01:16:19',NULL),(1485,100,'You can do this!','0',141,'2020-06-08 21:16:45',0,'1',141,NULL,'2020-06-09 01:16:45','2020-06-09 01:16:45',NULL),(1486,21,'Sounds good','0',141,'2020-06-08 21:17:13',0,'1',141,NULL,'2020-06-09 01:17:13','2020-06-09 01:17:13',NULL),(1487,45,'that\'s okay-you\'ve met this goal:)','2',141,'2020-06-08 21:17:36',0,'1',141,NULL,'2020-06-09 01:17:36','2020-06-09 01:17:36',NULL),(1488,69,'you\'ve already rocked this goal:)','3',141,'2020-06-08 21:18:06',0,'1',141,NULL,'2020-06-09 01:18:06','2020-06-09 01:18:06',NULL),(1489,113,'Almost there-keep going!!','0',141,'2020-06-08 21:18:46',0,'1',141,NULL,'2020-06-09 01:18:46','2020-06-09 01:18:46',NULL),(1490,114,'Way to hang in there-so close:)','0',141,'2020-06-08 21:19:15',0,'1',141,NULL,'2020-06-09 01:19:15','2020-06-09 01:19:15',NULL),(1491,18,'okay','0',141,'2020-06-08 21:19:43',0,'1',141,NULL,'2020-06-09 01:19:43','2020-06-09 01:19:43',NULL),(1492,42,'that\'s fine-you\'ve already rocked this goal:)','3',141,'2020-06-08 21:20:06',0,'1',141,NULL,'2020-06-09 01:20:06','2020-06-09 01:20:06',NULL),(1493,66,'Okay, I know you need to prioritize other work now:)','2',141,'2020-06-08 21:20:45',0,'1',141,NULL,'2020-06-09 01:20:45','2020-06-09 01:20:45',NULL),(1494,107,'It\'s good that you are trying to find a strategy that work for you-keep going!','0',141,'2020-06-08 21:21:27',0,'1',141,NULL,'2020-06-09 01:21:28','2020-06-09 01:21:28',NULL),(1495,108,'I\'m so glad you\'ve been able to exceed this goal and improve your life quality!','3',141,'2020-06-08 21:22:38',0,'1',141,NULL,'2020-06-09 01:22:38','2020-06-09 01:22:38',NULL),(1496,2,'sounds like a good plan','0',141,'2020-06-08 21:23:15',0,'1',141,NULL,'2020-06-09 01:23:15','2020-06-09 01:23:15',NULL),(1497,26,'You\'ve already met your expected goal level so you\'ve done great:)','2',141,'2020-06-08 21:23:47',0,'1',141,NULL,'2020-06-09 01:23:47','2020-06-09 01:23:47',NULL),(1498,50,'nice progress this week!','1',141,'2020-06-08 21:24:14',0,'1',141,NULL,'2020-06-09 01:24:14','2020-06-09 01:24:14',NULL),(1499,75,'Way to keep at it-keep going!!','0',141,'2020-06-08 21:24:38',0,'1',141,NULL,'2020-06-09 01:24:38','2020-06-09 01:24:38',NULL),(1500,76,'yum!! I want to eat at your house:)','0',141,'2020-06-08 21:26:16',0,'1',141,NULL,'2020-06-09 01:26:16','2020-06-09 01:26:16',NULL),(1501,6,'okay','0',141,'2020-06-08 21:26:55',0,'1',141,NULL,'2020-06-09 01:26:55','2020-06-09 01:26:55',NULL),(1502,30,'Keep going:)','1',141,'2020-06-08 21:27:26',0,'1',141,NULL,'2020-06-09 01:27:27','2020-06-09 01:27:27',NULL),(1503,54,'sounds fun, but I know you can get back on track!','0',141,'2020-06-08 21:28:04',0,'1',141,NULL,'2020-06-09 01:28:04','2020-06-09 01:28:04',NULL),(1504,83,'Yahooo! Way to exceed this goal!!','3',141,'2020-06-08 21:28:48',0,'1',141,NULL,'2020-06-09 01:28:48','2020-06-09 01:28:48',NULL),(1505,84,'I love that you are remembering to fit this in wherever you are-keep going!','0',141,'2020-06-08 21:29:39',0,'1',141,NULL,'2020-06-09 01:29:39','2020-06-09 01:29:39',NULL),(1506,17,'sounds good','0',141,'2020-06-08 21:30:16',0,'1',141,NULL,'2020-06-09 01:30:16','2020-06-09 01:30:16',NULL),(1507,41,'Nicely done!! You met your goal!! I hope the readings were helpful.','2',141,'2020-06-08 21:30:49',0,'1',141,NULL,'2020-06-09 01:30:49','2020-06-09 01:30:49',NULL),(1508,65,'Way to meet your goal!!','2',141,'2020-06-08 21:31:09',0,'1',141,NULL,'2020-06-09 01:31:09','2020-06-09 01:31:09',NULL),(1509,105,'You can do this!','0',141,'2020-06-08 21:31:33',0,'1',141,NULL,'2020-06-09 01:31:33','2020-06-09 01:31:33',NULL),(1510,106,'Keep it up! Especially in this heat!!','0',141,'2020-06-08 21:32:12',0,'1',141,NULL,'2020-06-09 01:32:12','2020-06-09 01:32:12',NULL),(1511,3,'You can do this!','0',141,'2020-06-08 21:32:58',0,'1',141,NULL,'2020-06-09 01:32:58','2020-06-09 01:32:58',NULL),(1512,27,'Keep going!','1',141,'2020-06-08 21:33:15',0,'1',141,NULL,'2020-06-09 01:33:15','2020-06-09 01:33:15',NULL),(1513,51,'Keep going! You can do this:)','1',141,'2020-06-08 21:33:55',0,'1',141,NULL,'2020-06-09 01:33:55','2020-06-09 01:33:55',NULL),(1514,77,'Yahoo-you met your goal!','2',141,'2020-06-08 21:34:53',0,'1',141,NULL,'2020-06-09 01:34:53','2020-06-09 01:34:53',NULL),(1515,78,'Amazing - keep going!','1',141,'2020-06-08 21:35:24',0,'1',141,NULL,'2020-06-09 01:35:24','2020-06-09 01:35:24',NULL),(1516,12,'ooh, can\'t wait to see it:)','0',141,'2020-06-08 21:35:55',0,'1',141,NULL,'2020-06-09 01:35:55','2020-06-09 01:35:55',NULL),(1517,36,'You\'ve already done a great job of meeting this goal.','2',141,'2020-06-08 21:36:21',0,'1',141,NULL,'2020-06-09 01:36:21','2020-06-09 01:36:21',NULL),(1518,60,'sounds good','2',141,'2020-06-08 21:36:50',0,'1',141,NULL,'2020-06-09 01:36:51','2020-06-09 01:36:51',NULL),(1519,95,'Almost there - you can do this!!','0',141,'2020-06-08 21:37:18',0,'1',141,NULL,'2020-06-09 01:37:18','2020-06-09 01:37:18',NULL),(1520,96,'Great job staying on track!','0',141,'2020-06-08 21:37:49',0,'1',141,NULL,'2020-06-09 01:37:49','2020-06-09 01:37:49',NULL),(1521,16,'Can\'t wait to see it:)','1',141,'2020-06-08 21:38:23',0,'1',141,NULL,'2020-06-09 01:38:23','2020-06-09 01:38:23',NULL),(1522,40,'So glad you are learning a lot from your research-you met your goal!!!','2',141,'2020-06-08 21:39:35',0,'1',141,NULL,'2020-06-09 01:39:35','2020-06-09 01:39:35',NULL),(1523,64,'Way to rock this goal-you\'ve exceeded your expected level of attainment!!?','3',141,'2020-06-08 21:40:20',0,'1',141,NULL,'2020-06-09 01:40:20','2020-06-09 01:40:20',NULL),(1524,103,'Almost there-keep going!','0',141,'2020-06-08 21:40:46',0,'1',141,NULL,'2020-06-09 01:40:46','2020-06-09 01:40:46',NULL),(1525,104,'They are both adorable!  Your artistic touches were great. Keep going!?','0',141,'2020-06-08 21:43:25',0,'1',141,NULL,'2020-06-09 01:43:25','2020-06-09 01:43:25',NULL),(1526,22,'okay','0',141,'2020-06-08 21:43:57',0,'1',141,NULL,'2020-06-09 01:43:57','2020-06-09 01:43:57',NULL),(1527,46,'It\'s good to prioritize your advocacy video now:)','3',141,'2020-06-08 21:44:31',0,'1',141,NULL,'2020-06-09 01:44:31','2020-06-09 01:44:31',NULL),(1528,70,'that\'s fine-goal met:)','2',141,'2020-06-08 21:44:57',0,'1',141,NULL,'2020-06-09 01:44:57','2020-06-09 01:44:57',NULL),(1529,115,'You can do this-keep going!','0',141,'2020-06-08 21:45:25',0,'1',141,NULL,'2020-06-09 01:45:25','2020-06-09 01:45:25',NULL),(1530,116,'Way to keep going!','0',141,'2020-06-08 21:45:49',0,'1',141,NULL,'2020-06-09 01:45:49','2020-06-09 01:45:49',NULL),(1531,25,'that\'s okay-you\'ve met your expected goal:)','2',141,'2020-06-08 21:46:28',0,'1',141,NULL,'2020-06-09 01:46:28','2020-06-09 01:46:28',NULL),(1532,1,'okay','0',141,'2020-06-08 21:46:46',0,'1',141,NULL,'2020-06-09 01:46:46','2020-06-09 01:46:46',NULL),(1533,49,'that\'s okay-you\'ve met your expected goal','2',141,'2020-06-08 21:47:16',0,'1',141,NULL,'2020-06-09 01:47:16','2020-06-09 01:47:16',NULL),(1534,73,'Way to hang in there!','0',141,'2020-06-08 21:47:56',0,'1',141,NULL,'2020-06-09 01:47:56','2020-06-09 01:47:56',NULL),(1535,74,'Way to meet your goal!','2',141,'2020-06-08 21:48:33',0,'1',141,NULL,'2020-06-09 01:48:33','2020-06-09 01:48:33',NULL),(1536,7,'Yahoo! ','3',141,'2020-06-08 21:49:09',0,'1',141,NULL,'2020-06-09 01:49:09','2020-06-09 01:49:09',NULL),(1537,31,'Way to exceed your goal!!?','3',141,'2020-06-08 21:49:51',0,'1',141,NULL,'2020-06-09 01:49:51','2020-06-09 01:49:51',NULL),(1538,55,'Glad you corrected-nicely done!!','3',141,'2020-06-08 21:50:18',0,'1',141,NULL,'2020-06-09 01:50:18','2020-06-09 01:50:18',NULL),(1539,85,'Way to hang in there to meet your goal!','2',141,'2020-06-08 21:50:52',0,'1',141,NULL,'2020-06-09 01:50:52','2020-06-09 01:50:52',NULL),(1540,86,'You\'re almost there-doing a great job!','0',141,'2020-06-08 21:51:26',0,'1',141,NULL,'2020-06-09 01:51:26','2020-06-09 01:51:26',NULL),(1541,5,'Oh, I can\'t wait to see it! Exciting:)','0',141,'2020-06-08 21:52:06',0,'1',141,NULL,'2020-06-09 01:52:06','2020-06-09 01:52:06',NULL),(1542,29,'Wow-I love that you are going for it!','3',141,'2020-06-08 21:52:36',0,'1',141,NULL,'2020-06-09 01:52:36','2020-06-09 01:52:36',NULL),(1543,53,'Way to meet your expected goal level!!?','2',141,'2020-06-08 21:53:10',0,'1',141,NULL,'2020-06-09 01:53:10','2020-06-09 01:53:10',NULL),(1544,81,'this is great-keep it up!','0',141,'2020-06-08 21:53:44',0,'1',141,NULL,'2020-06-09 01:53:44','2020-06-09 01:53:44',NULL),(1545,82,'Way to hang in there-nice improvement already:)','0',141,'2020-06-08 21:54:23',0,'1',141,NULL,'2020-06-09 01:54:23','2020-06-09 01:54:23',NULL),(1546,113,'I have run once so far this week and plan to run two more times later this week. ','0',162,'2020-06-10 12:14:31',0,'1',162,NULL,'2020-06-10 16:14:31','2020-06-10 16:14:31',NULL),(1547,114,'I have journaled 3 times this week so far and hope to do it 5 times by the end of the week. ','0',162,'2020-06-10 12:16:51',0,'1',162,NULL,'2020-06-10 16:16:51','2020-06-10 16:16:51',NULL),(1548,21,'My group has created a power point for this project and plans to record our video this week. ','0',162,'2020-06-10 12:18:11',0,'1',162,NULL,'2020-06-10 16:18:11','2020-06-10 16:18:11',NULL),(1549,45,'I have not read any new articles so far this week. ','2',162,'2020-06-10 12:20:18',0,'1',162,NULL,'2020-06-10 16:20:18','2020-06-10 16:20:18',NULL),(1550,69,'I have not read any new articles so far this week. ','3',162,'2020-06-10 12:20:52',0,'1',162,NULL,'2020-06-10 16:20:52','2020-06-10 16:20:52',NULL),(1551,88,'It stormed a bit more recently so I did not hit 12,000 this time.','3',149,'2020-06-10 16:41:44',0,'1',149,NULL,'2020-06-10 20:41:44','2020-06-10 20:41:44',NULL),(1552,87,'I have still been journaling ?','3',149,'2020-06-10 16:43:34',0,'1',149,NULL,'2020-06-10 20:43:34','2020-06-10 20:43:34',NULL),(1553,67,'Last night I found this great article- \"Effectiveness of Occupational Therapy Interventions for\r\nAdults With Musculoskeletal Conditions of the Forearm,\r\nWrist, and Hand: A Systematic Review\".','2',160,'2020-06-10 16:52:57',0,'1',160,NULL,'2020-06-10 20:52:57','2020-06-10 20:52:57',NULL),(1554,109,'I have stretched M/W this week so far!','0',160,'2020-06-10 16:53:43',0,'1',160,NULL,'2020-06-10 20:53:43','2020-06-10 20:53:43',NULL),(1555,19,'Working on a power point with my group!','0',160,'2020-06-10 16:54:17',0,'1',160,NULL,'2020-06-10 20:54:17','2020-06-10 20:54:17',NULL),(1556,110,'This week I have ran M/W  of this week!','0',160,'2020-06-10 16:55:51',0,'1',160,NULL,'2020-06-10 20:55:51','2020-06-10 20:55:51',NULL),(1557,51,'I have read 2 articles related to Pediatrics that will help me for fieldwork.','2',144,'2020-06-10 17:11:19',0,'1',144,NULL,'2020-06-10 21:11:19','2020-06-10 21:11:19',NULL),(1558,27,'I have read 2 articles related to global social issues impacting healthcare practices and trends.','2',144,'2020-06-10 17:12:02',0,'1',144,NULL,'2020-06-10 21:12:02','2020-06-10 21:12:02',NULL),(1559,43,'Just read and completed the quiz for \"Understanding and Applying Trauma-Informed Approaches Across Occupational Therapy Settings\"','2',160,'2020-06-10 17:12:46',0,'1',160,NULL,'2020-06-10 21:12:46','2020-06-10 21:12:46',NULL),(1560,117,'same as sunday :)','2',164,'2020-06-10 17:21:09',0,'1',164,NULL,'2020-06-10 21:21:09','2020-06-10 21:21:09',NULL),(1561,47,'same! :)','3',164,'2020-06-10 17:21:29',0,'1',164,NULL,'2020-06-10 21:21:29','2020-06-10 21:21:29',NULL),(1562,71,':)','3',164,'2020-06-10 17:21:46',0,'1',164,NULL,'2020-06-10 21:21:46','2020-06-10 21:21:46',NULL),(1563,118,'Happy with my progress with this~','3',164,'2020-06-10 17:22:06',0,'1',164,NULL,'2020-06-10 21:22:06','2020-06-10 21:22:06',NULL),(1564,23,'power point/movie coming alont nicely','2',164,'2020-06-10 17:22:25',0,'1',164,NULL,'2020-06-10 21:22:25','2020-06-10 21:22:25',NULL),(1565,3,'We completed our presentation today!','3',144,'2020-06-10 17:33:25',0,'1',144,NULL,'2020-06-10 21:33:25','2020-06-10 21:33:25',NULL),(1566,78,'I have run 10 miles so far this week','1',144,'2020-06-10 17:36:13',0,'1',144,NULL,'2020-06-10 21:36:13','2020-06-10 21:36:13',NULL),(1567,77,'I have stretched for 30 minutes so far this week','2',144,'2020-06-10 17:36:43',0,'1',144,NULL,'2020-06-10 21:36:43','2020-06-10 21:36:43',NULL),(1568,8,'We completed the PowerPoint!','1',149,'2020-06-10 18:03:04',0,'1',149,NULL,'2020-06-10 22:03:04','2020-06-10 22:03:04',NULL),(1569,19,'Completed the power point presentation with my group-- just need to record our presentation!','1',160,'2020-06-10 18:03:15',0,'1',160,NULL,'2020-06-10 22:03:15','2020-06-10 22:03:15',NULL),(1570,79,'6/7: 7 hours\r\n6/8: 7 hours\r\n6/9: 7.5 hours','2',145,'2020-06-10 18:05:45',0,'1',145,NULL,'2020-06-10 22:05:45','2020-06-10 22:05:45',NULL),(1571,80,'6/8: 3 hours\r\n6/9: 1 hour\r\n6/10: 1.5 hours ','3',145,'2020-06-10 18:11:00',0,'1',145,NULL,'2020-06-10 22:11:00','2020-06-10 22:11:00',NULL),(1572,28,'Hoffman, K. M., Trawalter, S., Axt, J. R., & Oliver, M. N. (2016). Racial bias in pain assessment and treatment recommendations, and false beliefs about biological differences between blacks','2',145,'2020-06-10 18:12:02',0,'1',145,NULL,'2020-06-10 22:12:02','2020-06-10 22:12:02',NULL),(1573,52,'Hoffman, K. M., Trawalter, S., Axt, J. R., & Oliver, M. N. (2016). Racial bias in pain assessment and treatment recommendations, and false beliefs about biological differences between blacks','1',145,'2020-06-10 18:12:53',0,'1',145,NULL,'2020-06-10 22:12:53','2020-06-10 22:12:53',NULL),(1574,4,'Scheduled meeting with group: 6/11 at 10am','1',145,'2020-06-10 18:13:37',0,'1',145,NULL,'2020-06-10 22:13:37','2020-06-10 22:13:37',NULL),(1575,32,'I have now read 4 articles! The fourth article was on managing sleep in older adults, which had a similar theme to my first article. ','3',149,'2020-06-10 18:15:22',0,'1',149,NULL,'2020-06-10 22:15:22','2020-06-10 22:15:22',NULL),(1576,56,'I have not chosen a 3rd article yet, but I plan to this week.','2',149,'2020-06-10 18:17:07',0,'1',149,NULL,'2020-06-10 22:17:07','2020-06-10 22:17:07',NULL),(1577,17,'My group and I have completed our power point, we plan to record our video either this weekend or early next week, WOOHOO! :) ','1',158,'2020-06-11 00:42:30',0,'1',158,NULL,'2020-06-11 04:42:30','2020-06-11 04:42:30',NULL),(1578,7,'Click the clink below to view my advocacy video. \r\n\r\nhttps://www.youtube.com/watch?v=sFIyDG76kaQ','3',148,'2020-06-11 08:06:59',0,'1',148,NULL,'2020-06-11 12:06:59','2020-06-11 12:06:59',NULL),(1579,86,'I\'m getting closer to meeting this goal and will continue to monitor my progress. ','0',148,'2020-06-11 08:07:30',0,'1',148,NULL,'2020-06-11 12:07:30','2020-06-11 12:07:30',NULL),(1580,55,'I have read all the articles required and have completed the paper as well! ','3',148,'2020-06-11 08:08:21',0,'1',148,NULL,'2020-06-11 12:08:21','2020-06-11 12:08:21',NULL),(1581,31,'I reflected upon what I learned and completed the final paper. I included 5 articles that relate to global and social issues. ','3',148,'2020-06-11 08:09:23',0,'1',148,NULL,'2020-06-11 12:09:23','2020-06-11 12:09:23',NULL),(1582,85,'I will continue to monitor this goal as increasing the amount of water drank per day has been part of my new daily routine. ','2',148,'2020-06-11 08:10:42',0,'1',148,NULL,'2020-06-11 12:10:42','2020-06-11 12:10:42',NULL),(1583,15,'My group and I completed a power point/ video where we voiced over our presentation about advocacy! We give instructions about advocacy and how to advocate in todays world','3',156,'2020-06-11 08:53:57',0,'1',156,NULL,'2020-06-11 12:53:57','2020-06-11 12:53:57',NULL),(1584,63,'I read another article about chronic pain! This is very important in geriatrics because it is very likely I will treat clients with chronic pain issues fairly frequently.  I read 6 articles!','3',156,'2020-06-11 08:55:27',0,'1',156,NULL,'2020-06-11 12:55:27','2020-06-11 12:55:27',NULL),(1585,39,'I read another article! It was about the opioid epidemic and how we as practitioners are involved in intervention. I have read 4 articles! ','3',156,'2020-06-11 08:56:41',0,'1',156,NULL,'2020-06-11 12:56:42','2020-06-11 12:56:42',NULL),(1586,101,'Consistently journaling 4-5 times a week! ','3',156,'2020-06-11 08:57:07',0,'1',156,NULL,'2020-06-11 12:57:07','2020-06-11 12:57:07',NULL),(1587,102,'I have run everyday this week so far! Hoping to get to  7 days this week. ','2',156,'2020-06-11 08:58:01',0,'1',156,NULL,'2020-06-11 12:58:01','2020-06-11 12:58:01',NULL),(1588,6,'My classmate Annie and I met last night to talk about what we are going to do for our advocacy project. Making progress ?','0',147,'2020-06-11 10:04:26',0,'1',147,NULL,'2020-06-11 14:04:26','2020-06-11 14:04:26',NULL),(1589,83,'I have continued to drink 5+ glasses of water over the last 3 days, which puts me  at 23 days for 5-6 glasses of water!! :) ','3',147,'2020-06-11 10:06:25',0,'1',147,NULL,'2020-06-11 14:06:25','2020-06-11 14:06:25',NULL),(1590,54,'I hope to be able to read something for this over the weekend','0',147,'2020-06-11 10:08:13',0,'1',147,NULL,'2020-06-11 14:08:13','2020-06-11 14:08:13',NULL),(1591,30,'I hope to read another article on this over the weekend as well.','0',147,'2020-06-11 10:09:24',0,'1',147,NULL,'2020-06-11 14:09:24','2020-06-11 14:09:24',NULL),(1592,30,'I\'m sorry I keep clicking the wrong progress level for this one ?','1',147,'2020-06-11 10:10:11',0,'1',147,NULL,'2020-06-11 14:10:11','2020-06-11 14:10:11',NULL),(1593,84,'I practiced yoga this morning!! Refreshing ?','0',147,'2020-06-11 10:11:39',0,'1',147,NULL,'2020-06-11 14:11:39','2020-06-11 14:11:39',NULL),(1594,14,'We have finished the video and are waiting for a dropbox to turn it in!','3',155,'2020-06-11 11:11:22',0,'1',155,NULL,'2020-06-11 15:11:22','2020-06-11 15:11:22',NULL),(1595,100,'This week I have done 3 work outs so far!','0',155,'2020-06-11 11:11:52',0,'1',155,NULL,'2020-06-11 15:11:52','2020-06-11 15:11:52',NULL),(1596,99,'this week I have made 3 healthy lunches so far.','0',155,'2020-06-11 11:12:23',0,'1',155,NULL,'2020-06-11 15:12:23','2020-06-11 15:12:23',NULL),(1597,2,'Our group finished our project on Tuesday and Wednesday! I believe Hannah emailed you about setting up a dropbox to submit this. ','3',143,'2020-06-11 11:16:05',0,'1',143,NULL,'2020-06-11 15:16:05','2020-06-11 15:16:05',NULL),(1598,76,'The chicken sausage dish was delicious! I made salmon with asparagus last night and have leftovers for lunch today too. I\'m really enjoying the new recipes I have been trying :) ','0',143,'2020-06-11 11:18:31',0,'1',143,NULL,'2020-06-11 15:18:31','2020-06-11 15:18:31',NULL),(1599,75,'I did a strength home workout on Monday and another 2 mile walk on Tuesday','0',143,'2020-06-11 11:19:35',0,'1',143,NULL,'2020-06-11 15:19:35','2020-06-11 15:19:35',NULL),(1600,50,'I have now read 3 pediatric articles and taken the quizzes for each of them','2',143,'2020-06-11 11:20:16',0,'1',143,NULL,'2020-06-11 15:20:16','2020-06-11 15:20:16',NULL),(1601,26,'I have read 4 articles now! Happy with my progress and the information I have learned from reading these articles','3',143,'2020-06-11 11:21:52',0,'1',143,NULL,'2020-06-11 15:21:52','2020-06-11 15:21:52',NULL),(1602,62,'today I read Working With Older Adults With Developmental\r\nand Intellectual Disabilities in Long-Term Care','2',155,'2020-06-11 11:23:05',0,'1',155,NULL,'2020-06-11 15:23:05','2020-06-11 15:23:05',NULL),(1603,38,'Today I read Occupational Therapy Across Languages: Working With Interpreters to Ensure Effective and Ethical Practice','2',155,'2020-06-11 11:24:08',0,'1',155,NULL,'2020-06-11 15:24:08','2020-06-11 15:24:08',NULL),(1604,81,'I moved back to GR this week, so I have been calling a few friends (3) to catch up since I miss being able to see them. ','0',146,'2020-06-11 11:46:09',0,'1',146,NULL,'2020-06-11 15:46:09','2020-06-11 15:46:09',NULL),(1605,5,'Advocacy project is compete and submitted on my portfolio!','3',146,'2020-06-11 11:46:51',0,'1',146,NULL,'2020-06-11 15:46:51','2020-06-11 15:46:51',NULL),(1606,53,'I achieved level 3 this week! Now time to write my paper!','3',146,'2020-06-11 11:47:29',0,'1',146,NULL,'2020-06-11 15:47:29','2020-06-11 15:47:29',NULL),(1607,29,'I am still at level 3 and am ready to start my paper!','3',146,'2020-06-11 11:48:07',0,'1',146,NULL,'2020-06-11 15:48:07','2020-06-11 15:48:07',NULL),(1608,82,'Proud of myself for staying consistent and waking up at 8am each day! ?','0',146,'2020-06-11 11:48:49',0,'1',146,NULL,'2020-06-11 15:48:49','2020-06-11 15:48:49',NULL),(1609,11,'My group and I have our video completed and it was submitted today.','3',152,'2020-06-11 13:59:21',0,'1',152,NULL,'2020-06-11 17:59:21','2020-06-11 17:59:21',NULL),(1610,10,'I met with my partner last night and we have a plan for our video. Working on a script for it this weekend on a shared doc. ','0',151,'2020-06-11 14:00:27',0,'1',151,NULL,'2020-06-11 18:00:27','2020-06-11 18:00:27',NULL),(1611,94,'Tuesday will mark 5 weeks and I will finally be able to change my score, tracking continues on my water drinking app until then.','0',152,'2020-06-11 14:01:46',0,'1',152,NULL,'2020-06-11 18:01:46','2020-06-11 18:01:46',NULL),(1612,92,'6/7 I had three glasses. 6/8-6/10 I had four glasses of water. None yet today but I don\'t want to lose my progress so I should have 4 by the end of today ','2',151,'2020-06-11 14:02:36',0,'1',151,NULL,'2020-06-11 18:02:36','2020-06-11 18:02:36',NULL),(1613,93,'I can finally change my score today, yay! I have been able to maintain compliance with my meds at least 5 days of the week so far which is a vast improvement!','2',152,'2020-06-11 14:03:51',0,'1',152,NULL,'2020-06-11 18:03:51','2020-06-11 18:03:51',NULL),(1614,91,'I exercised Monday, Tuesday, and Wednesday this week. May actually manage to do more than three times this week. ','2',151,'2020-06-11 14:03:53',0,'1',151,NULL,'2020-06-11 18:03:53','2020-06-11 18:03:53',NULL),(1615,58,'Planning on reading an article today. I should be done with reading by Saturday at the absolute latest. ','2',151,'2020-06-11 14:05:19',0,'1',151,NULL,'2020-06-11 18:05:19','2020-06-11 18:05:19',NULL),(1616,59,'I have read 6 articles that count towards this goal. The knowledge I have gained will be an asset for my pediatric level 1 fieldwork!','3',152,'2020-06-11 14:05:33',0,'1',152,NULL,'2020-06-11 18:05:33','2020-06-11 18:05:33',NULL),(1617,34,'Read an additional article on Tuesday. I have one more that I am planning on reading for this goal in preparation for the paper. ','2',151,'2020-06-11 14:07:52',0,'1',151,NULL,'2020-06-11 18:07:52','2020-06-11 18:07:52',NULL),(1618,35,'I have read 6 articles in the global social issue category and I also posted a comment to someones thread on CommunOT regarding OT and the homeless population.','4',152,'2020-06-11 14:07:52',0,'1',152,NULL,'2020-06-11 18:07:52','2020-06-11 18:07:52',NULL),(1619,9,'We have a powerpoint video with voiceovers ready, and are getting together next Monday to make edits! Can you clarify - does a powerpoint video count for more than a 1? ','1',150,'2020-06-11 15:07:26',0,'1',150,NULL,'2020-06-11 19:07:26','2020-06-11 19:07:26',NULL),(1620,90,'Waiting to transfer another $50 this Sunday!','0',150,'2020-06-11 15:08:32',0,'1',150,NULL,'2020-06-11 19:08:32','2020-06-11 19:08:32',NULL),(1621,90,'Technically, with the 4 weeks that have passed, I am at a 1 currently. ($10, $25, $50, $50)','1',150,'2020-06-11 15:09:31',0,'1',150,NULL,'2020-06-11 19:09:31','2020-06-11 19:09:31',NULL),(1622,57,'I have read 4 articles and completed 4 quizzes. ','3',150,'2020-06-11 15:10:16',0,'1',150,NULL,'2020-06-11 19:10:16','2020-06-11 19:10:16',NULL),(1623,33,'I have read 5 articles and completed 5 quizzes. ','3',150,'2020-06-11 15:10:49',0,'1',150,NULL,'2020-06-11 19:10:49','2020-06-11 19:10:49',NULL),(1624,89,'So far I have completed 4 weeks with 45 minutes of exercise 4 days/week! At this point I won\'t be able to reach a 3 or 4 but I am happy with my progress. ','2',150,'2020-06-11 15:14:46',0,'1',150,NULL,'2020-06-11 19:14:46','2020-06-11 19:14:46',NULL),(1625,125,'Hello.  Today was a real struggle.?','1',2,'2020-06-11 16:10:51',0,'1',2,NULL,'2020-06-11 20:10:51','2020-06-11 20:10:51',NULL),(1626,18,'My group was able to get together via WebEx this week and construct an advocacy video with information regarding our profession in layman terms, music, and pictures! ','3',159,'2020-06-11 18:08:00',0,'1',159,NULL,'2020-06-11 22:08:00','2020-06-11 22:08:00',NULL),(1627,108,'I was able to continue my goal of social participation for 40 min per day, including a social distancing walk on the Kent Trails! ','3',159,'2020-06-11 18:08:52',0,'1',159,NULL,'2020-06-11 22:08:52','2020-06-11 22:08:52',NULL),(1628,66,'There have been no changes regarding this goal. ','2',159,'2020-06-11 18:09:23',0,'1',159,NULL,'2020-06-11 22:09:23','2020-06-11 22:09:23',NULL),(1629,42,'There have been no changes regarding this goal. ','3',159,'2020-06-11 18:09:54',0,'1',159,NULL,'2020-06-11 22:09:54','2020-06-11 22:09:54',NULL),(1630,107,'I added a calming facial wash and played some relaxing music 10-15 minutes before bed. I found this very soothing and productive to my sleep hygiene. ','3',159,'2020-06-11 18:11:06',0,'1',159,NULL,'2020-06-11 22:11:07','2020-06-11 22:11:07',NULL),(1631,16,'Just finished our powerpoint/video. Waiting for feedback. ','2',157,'2020-06-11 20:01:30',0,'1',157,NULL,'2020-06-12 00:01:30','2020-06-12 00:01:30',NULL),(1632,103,'Start of week 4: consecutively drank 3-4 water bottle every day. Only a few days left and i will meet my desired goal  ','0',157,'2020-06-11 20:03:13',0,'1',157,NULL,'2020-06-12 00:03:13','2020-06-12 00:03:13',NULL),(1633,104,'learned how to make a turtle. Not that hard. Its getting easier to make these and understand the book\'s language as the weeks go on. ','0',157,'2020-06-11 20:07:04',0,'1',157,NULL,'2020-06-12 00:07:04','2020-06-12 00:07:04',NULL),(1634,64,'Read an article on how there is a high chance of children with DS developing hearing loss that could require ventilation tubes. ','3',157,'2020-06-11 20:18:16',0,'1',157,NULL,'2020-06-12 00:18:16','2020-06-12 00:18:16',NULL),(1635,40,'listened to a pod cast that addressed trauma informed care. It talked about signs and symptoms that may suggest trauma and how it effects occupational performance and future relationships. ','3',157,'2020-06-11 20:23:43',0,'1',157,NULL,'2020-06-12 00:23:43','2020-06-12 00:23:43',NULL),(1636,13,'On track to complete recording with PowerPoint this weekend. ','1',154,'2020-06-11 20:52:58',0,'1',154,NULL,'2020-06-12 00:52:58','2020-06-12 00:52:58',NULL),(1637,98,'Still drinking my daily intake. I have actually stopped drinking anything other than water; sometimes juice and occasionally a pop','4',154,'2020-06-11 20:57:24',0,'1',154,NULL,'2020-06-12 00:57:24','2020-06-12 00:57:24',NULL),(1638,97,'Weighed 196.9lbs. I have continued to try and find new exercises to do/adapt to avoid clenching fist due to finger cast. ','3',154,'2020-06-11 20:59:58',0,'1',154,NULL,'2020-06-12 00:59:58','2020-06-12 00:59:58',NULL),(1639,61,'Goal Obtained, but I will continue to read more into topics. ','4',154,'2020-06-11 21:01:28',0,'1',154,NULL,'2020-06-12 01:01:28','2020-06-12 01:01:28',NULL),(1640,37,'No progress made this week, but have time on Sunday to complete it. ','3',154,'2020-06-11 21:02:53',0,'1',154,NULL,'2020-06-12 01:02:53','2020-06-12 01:02:53',NULL),(1641,12,'We completed and submitted this video today!','3',153,'2020-06-11 21:33:45',0,'1',153,NULL,'2020-06-12 01:33:45','2020-06-12 01:33:45',NULL),(1642,60,'Still at 3 articles.','2',153,'2020-06-11 21:34:20',0,'1',153,NULL,'2020-06-12 01:34:20','2020-06-12 01:34:20',NULL),(1643,36,'Still at 3 articles.','2',153,'2020-06-11 21:34:45',0,'1',153,NULL,'2020-06-12 01:34:45','2020-06-12 01:34:45',NULL),(1644,95,'On my way to 4/6 weeks!!','0',153,'2020-06-11 21:35:22',0,'1',153,NULL,'2020-06-12 01:35:22','2020-06-12 01:35:22',NULL),(1645,96,'7,000 average so far and I work at the hospital this weekend. Lots of walking likely ?','0',153,'2020-06-11 21:36:24',0,'1',153,NULL,'2020-06-12 01:36:24','2020-06-12 01:36:24',NULL),(1646,114,'I have journaled 5 times this week for 5/6 weeks this semester. I have reached my goal. ','4',162,'2020-06-12 20:08:27',0,'1',162,NULL,'2020-06-13 00:08:27','2020-06-13 00:08:27',NULL),(1647,21,'My group submitted out presentation early and have received feedback on how to edit our video. We will edit that this week and submit the final video. ','3',162,'2020-06-12 20:09:48',0,'1',162,NULL,'2020-06-13 00:09:48','2020-06-13 00:09:48',NULL),(1648,69,'I did not read any new articles this week, as I have met this goal. ','3',162,'2020-06-12 20:10:13',0,'1',162,NULL,'2020-06-13 00:10:13','2020-06-13 00:10:13',NULL),(1649,45,'I have not read any new articles this week, as I have already met this goal. ','2',162,'2020-06-12 20:10:36',0,'1',162,NULL,'2020-06-13 00:10:36','2020-06-13 00:10:36',NULL),(1650,113,'I have run 4 miles, 3 times this week. I have now completed running an average of 4 miles a day 3 days a week, 5/6 weeks this semester. ','2',162,'2020-06-12 20:13:14',0,'1',162,NULL,'2020-06-13 00:13:14','2020-06-13 00:13:14',NULL),(1651,14,'Submitted to the drop box!','3',155,'2020-06-14 11:07:28',0,'1',155,NULL,'2020-06-14 15:07:28','2020-06-14 15:07:28',NULL),(1652,100,'This week I completed 5 work outs!','0',155,'2020-06-14 11:08:29',0,'1',155,NULL,'2020-06-14 15:08:29','2020-06-14 15:08:29',NULL),(1653,62,'this weekend I read 3 more articles to complete my 10 CE articles!','3',155,'2020-06-14 11:09:42',0,'1',155,NULL,'2020-06-14 15:09:42','2020-06-14 15:09:42',NULL),(1654,38,'I read an additional 2 articles this weekend to complete my 10 CE articles. ','3',155,'2020-06-14 11:10:53',0,'1',155,NULL,'2020-06-14 15:10:53','2020-06-14 15:10:53',NULL),(1655,99,'this week I made 4 healthy lunches.','0',155,'2020-06-14 11:13:35',0,'1',155,NULL,'2020-06-14 15:13:35','2020-06-14 15:13:35',NULL),(1656,7,'I have met this goal and submitted the advocacy video!','3',148,'2020-06-14 12:40:45',0,'1',148,NULL,'2020-06-14 16:40:45','2020-06-14 16:40:45',NULL),(1657,86,'I have been monitoring this goal and if I can remain consistent, I will meet this goal by Thursday. ','0',148,'2020-06-14 12:42:47',0,'1',148,NULL,'2020-06-14 16:42:47','2020-06-14 16:42:47',NULL),(1658,55,'I just completed my  paper and I enjoyed reflecting upon what I learned about the pediatric population. ','3',148,'2020-06-14 12:43:47',0,'1',148,NULL,'2020-06-14 16:43:47','2020-06-14 16:43:47',NULL),(1659,31,'I have completed this goal and enjoyed getting to reflect about global/social issues such as obesity, homelessness, and opioid addiction for my paper. ','3',148,'2020-06-14 12:44:55',0,'1',148,NULL,'2020-06-14 16:44:55','2020-06-14 16:44:55',NULL),(1660,85,'Since last class period I have remained consistent with this goal! ','2',148,'2020-06-14 12:45:25',0,'1',148,NULL,'2020-06-14 16:45:25','2020-06-14 16:45:25',NULL),(1661,117,'no changes :)','2',164,'2020-06-14 12:57:18',0,'1',164,NULL,'2020-06-14 16:57:18','2020-06-14 16:57:18',NULL),(1662,47,'have not read any more articles','3',164,'2020-06-14 12:57:38',0,'1',164,NULL,'2020-06-14 16:57:38','2020-06-14 16:57:38',NULL),(1663,71,'have not read anymore articles','3',164,'2020-06-14 12:57:53',0,'1',164,NULL,'2020-06-14 16:57:53','2020-06-14 16:57:53',NULL),(1664,118,'no changes :)','3',164,'2020-06-14 12:58:06',0,'1',164,NULL,'2020-06-14 16:58:06','2020-06-14 16:58:06',NULL),(1665,23,'still working on our project','2',164,'2020-06-14 12:58:23',0,'1',164,NULL,'2020-06-14 16:58:23','2020-06-14 16:58:23',NULL),(1666,8,'We are planning on doing are video portion in the beginning of the week!','1',149,'2020-06-14 14:35:43',0,'1',149,NULL,'2020-06-14 18:35:44','2020-06-14 18:35:44',NULL),(1667,56,'I just read a third article on OT interventions for kids with sensory integration/processing challenges! I think this will help me with my fieldwork','2',149,'2020-06-14 14:40:25',0,'1',149,NULL,'2020-06-14 18:40:25','2020-06-14 18:40:25',NULL),(1668,32,'I have now read 10 articles and taken all the quizzes! I feel very accomplished ?','3',149,'2020-06-14 14:41:36',0,'1',149,NULL,'2020-06-14 18:41:36','2020-06-14 18:41:36',NULL),(1669,88,'I walked 12,000 steps again this week! Yay!','4',149,'2020-06-14 14:43:23',0,'1',149,NULL,'2020-06-14 18:43:23','2020-06-14 18:43:23',NULL),(1670,87,'I am still being consistent with journaling! I plan to keep it this way for a while!','3',149,'2020-06-14 14:44:21',0,'1',149,NULL,'2020-06-14 18:44:21','2020-06-14 18:44:21',NULL),(1671,19,'Completed the power point presentation- still yet to prepare video','1',160,'2020-06-14 15:23:21',0,'1',160,NULL,'2020-06-14 19:23:21','2020-06-14 19:23:21',NULL),(1672,109,'Stretched M/W/F/Sat','0',160,'2020-06-14 15:24:01',0,'1',160,NULL,'2020-06-14 19:24:01','2020-06-14 19:24:01',NULL),(1673,67,'Just read another CE article related to private practice','2',160,'2020-06-14 15:24:49',0,'1',160,NULL,'2020-06-14 19:24:49','2020-06-14 19:24:49',NULL),(1674,43,'Will read another article related to global issues that ties into my level I fieldwork as well!','2',160,'2020-06-14 15:25:39',0,'1',160,NULL,'2020-06-14 19:25:39','2020-06-14 19:25:39',NULL),(1675,110,'Ran 7 miles M/W and another 9 miles on Sunday!','0',160,'2020-06-14 15:26:11',0,'1',160,NULL,'2020-06-14 19:26:11','2020-06-14 19:26:11',NULL),(1676,81,'I ended up calling 5 friends this week. I have called at least 3 friends a week for the last 4 weeks!!','2',146,'2020-06-14 16:41:44',0,'1',146,NULL,'2020-06-14 20:41:44','2020-06-14 20:41:44',NULL),(1677,5,'Can\'t wait to get feedback on the video ? We had a ton of fun making it!','3',146,'2020-06-14 16:42:48',0,'1',146,NULL,'2020-06-14 20:42:48','2020-06-14 20:42:48',NULL),(1678,53,'I can\'t wait to apply this knowledge to my field work!','3',146,'2020-06-14 16:43:25',0,'1',146,NULL,'2020-06-14 20:43:25','2020-06-14 20:43:25',NULL),(1679,29,'Some of the topics I\'ve read about, I didn\'t even know were in OTs scope of practice! ','3',146,'2020-06-14 16:44:37',0,'1',146,NULL,'2020-06-14 20:44:37','2020-06-14 20:44:37',NULL),(1680,82,'I have been able to wake up at or before 8am at least 4/5 weekdays for the last 4 weeks!','3',146,'2020-06-14 16:46:20',0,'1',146,NULL,'2020-06-14 20:46:20','2020-06-14 20:46:20',NULL),(1681,1,'Have completed an animated powerpoint to show at the final class with my group!','1',142,'2020-06-14 16:50:07',0,'1',142,NULL,'2020-06-14 20:50:07','2020-06-14 20:50:07',NULL),(1682,74,'It\'s no longer a struggle to incorporate a vegetable dominant meal into each day, as long as I don\'t procrastinate grocery shopping! Have not slipped since Memorial Weekend! ?','3',142,'2020-06-14 16:53:13',0,'1',142,NULL,'2020-06-14 20:53:13','2020-06-14 20:53:13',NULL),(1683,112,'stretching after every workout!','2',161,'2020-06-14 17:04:47',0,'1',161,NULL,'2020-06-14 21:04:47','2020-06-14 21:04:47',NULL),(1684,111,'eating at about 1500 calories per day!','0',161,'2020-06-14 17:05:12',0,'1',161,NULL,'2020-06-14 21:05:12','2020-06-14 21:05:12',NULL),(1685,44,'still at about 4-5 resources','3',161,'2020-06-14 17:05:38',0,'1',161,NULL,'2020-06-14 21:05:38','2020-06-14 21:05:38',NULL),(1686,68,'4-6 articles are completed and the paper has been completed as well','3',161,'2020-06-14 17:06:07',0,'1',161,NULL,'2020-06-14 21:06:07','2020-06-14 21:06:07',NULL),(1687,20,'finishing up editing on the video and will submit it later this week!','0',161,'2020-06-14 17:06:48',0,'1',161,NULL,'2020-06-14 21:06:48','2020-06-14 21:06:48',NULL),(1688,11,'My group and I have completed our video and submitted it. I plan on having a discussion with my group about posting our video on an external site so that we can obtain a level 4.','3',152,'2020-06-14 17:28:19',0,'1',152,NULL,'2020-06-14 21:28:19','2020-06-14 21:28:19',NULL),(1689,94,'I continue to track my progess. Tomorrow marks 5 weeks so I will be able to change my score when I do my Thursday update ?','0',152,'2020-06-14 17:31:00',0,'1',152,NULL,'2020-06-14 21:31:00','2020-06-14 21:31:00',NULL),(1690,93,'So far I have been continuing to take my medications and track my compliance on my phone. This assignment has created a great habit!','2',152,'2020-06-14 17:35:58',0,'1',152,NULL,'2020-06-14 21:35:58','2020-06-14 21:35:58',NULL),(1691,59,'I was hoping I might have the chance to talk with a pediatric occupational therapist so that I could obtain level 4 but with Covid-19, I don\'t think that will happen.','3',152,'2020-06-14 17:38:04',0,'1',152,NULL,'2020-06-14 21:38:04','2020-06-14 21:38:04',NULL),(1692,35,'I have not read any additional articles since my last update.','4',152,'2020-06-14 17:39:48',0,'1',152,NULL,'2020-06-14 21:39:48','2020-06-14 21:39:48',NULL),(1693,10,'I have been working on our script a little bit going to dedicate self-directed study on Tuesday and part of Wednesday to this. ','0',151,'2020-06-14 18:06:20',0,'1',151,NULL,'2020-06-14 22:06:20','2020-06-14 22:06:20',NULL),(1694,58,'Read an additional article on Friday and have my paper 3/4 of the way done. My goal is to finish it tonight and take time tomorrow to review it before submitting it. ','3',151,'2020-06-14 18:09:10',0,'1',151,NULL,'2020-06-14 22:09:10','2020-06-14 22:09:10',NULL),(1695,73,'I have officially hit 4 weeks and successfully worked out at least 4 days out of each week with at least 30 minutes of cardio and 15 min of muscles exercise. Feels good to succeed! ??','4',142,'2020-06-14 18:39:44',0,'1',142,NULL,'2020-06-14 22:39:44','2020-06-14 22:39:44',NULL),(1696,15,'My group and I \'completed\' this project but have some corrections/edits to make! We are meeting tomorrow to work on finalizing everything! ','3',156,'2020-06-14 19:10:38',0,'1',156,NULL,'2020-06-14 23:10:38','2020-06-14 23:10:38',NULL),(1697,63,'I read 6 articles to increase my knowledge in geriatric care this semester! I learned a lot and I look forward to using my new knowledge with future clients! ','3',156,'2020-06-14 19:11:57',0,'1',156,NULL,'2020-06-14 23:11:57','2020-06-14 23:11:57',NULL),(1698,39,'I read 4 articles about global social issues this semester! I learned a lot and plan on continuing self-directed research through CE articles over the years. ','3',156,'2020-06-14 19:13:12',0,'1',156,NULL,'2020-06-14 23:13:12','2020-06-14 23:13:12',NULL),(1699,101,'I journaled 4 times this week!! Still very much enjoying this strategy and look forward to guiding future clients in doing so as well.','3',156,'2020-06-14 19:14:01',0,'1',156,NULL,'2020-06-14 23:14:01','2020-06-14 23:14:01',NULL),(1700,102,'I ran 7 days this week!! Feels great to be exceeding my goal. I need to make sure I continue to stretch before and after running so I can keep this momentum without getting hurt.','3',156,'2020-06-14 19:15:56',0,'1',156,NULL,'2020-06-14 23:15:56','2020-06-14 23:15:56',NULL),(1701,3,'Presentation is done and should be uploaded soon','3',144,'2020-06-14 19:29:47',0,'1',144,NULL,'2020-06-14 23:29:47','2020-06-14 23:29:47',NULL),(1702,51,'I have read 5 articles that will help me for fieldwork','3',144,'2020-06-14 19:30:20',0,'1',144,NULL,'2020-06-14 23:30:20','2020-06-14 23:30:20',NULL),(1703,27,'I have read 5 articles ','3',144,'2020-06-14 19:30:41',0,'1',144,NULL,'2020-06-14 23:30:41','2020-06-14 23:30:41',NULL),(1704,78,'I ran 15 miles last week','2',144,'2020-06-14 19:36:23',0,'1',144,NULL,'2020-06-14 23:36:23','2020-06-14 23:36:23',NULL),(1705,77,'I did a total of 50 minutes of stretching last week','2',144,'2020-06-14 19:36:48',0,'1',144,NULL,'2020-06-14 23:36:48','2020-06-14 23:36:48',NULL),(1706,34,'I have read 5 total for this goal. Many I tied into my paper. I may read one additional outside of the paper for my own personal interest. ','3',151,'2020-06-14 19:44:47',0,'1',151,NULL,'2020-06-14 23:44:47','2020-06-14 23:44:47',NULL),(1707,91,'I did not exercise Thursday but I did on Friday and Saturday. I exercised today as well. My dad started joining me and having someone to exercise with has helped. ','2',151,'2020-06-14 19:46:21',0,'1',151,NULL,'2020-06-14 23:46:21','2020-06-14 23:46:21',NULL),(1708,92,'I had three glasses on 6/11. I had four on 6/12 through today (6/14).  The increase in exercise has helped with this. ','2',151,'2020-06-14 19:48:25',0,'1',151,NULL,'2020-06-14 23:48:25','2020-06-14 23:48:25',NULL),(1709,79,'6/10: 7 hours\r\n6/11: 7.5 hours\r\n6/12: 4 hours\r\n6/13: 8 hours','2',145,'2020-06-14 20:17:00',0,'1',145,NULL,'2020-06-15 00:17:00','2020-06-15 00:17:00',NULL),(1710,80,'6/11: 1 hour\r\n6/12: 2.5 hours\r\n6/13: 0 hours\r\n6/14: 2 hours','3',145,'2020-06-14 20:18:06',0,'1',145,NULL,'2020-06-15 00:18:06','2020-06-15 00:18:06',NULL),(1711,28,'Finished reading 10 articles and CE quizzes plus 4 additional articles covering racism and/or cultural differences in healthcare.','3',145,'2020-06-14 20:19:43',0,'1',145,NULL,'2020-06-15 00:19:43','2020-06-15 00:19:43',NULL),(1712,52,'2 additional articles on pain and cultural differences that may impact upper extremities specifically. ','2',145,'2020-06-14 20:20:56',0,'1',145,NULL,'2020-06-15 00:20:56','2020-06-15 00:20:56',NULL),(1713,4,'Met with group, presentation and video is mostly completed- minor edits/final group meeting planned for 6/15. ','1',145,'2020-06-14 20:22:27',0,'1',145,NULL,'2020-06-15 00:22:27','2020-06-15 00:22:27',NULL),(1714,16,'Plan on making edits to video on Monday ','2',157,'2020-06-14 20:43:08',0,'1',157,NULL,'2020-06-15 00:43:08','2020-06-15 00:43:08',NULL),(1715,103,'End of week 4: I have successfully drank 3-4 every day of the week. I have just meet my goal, yay! ','2',157,'2020-06-14 20:44:44',0,'1',157,NULL,'2020-06-15 00:44:44','2020-06-15 00:44:44',NULL),(1716,64,'Met my goal ','3',157,'2020-06-14 20:47:39',0,'1',157,NULL,'2020-06-15 00:47:39','2020-06-15 00:47:39',NULL),(1717,40,'Met my goal and went above by reading extra articles ','3',157,'2020-06-14 20:48:39',0,'1',157,NULL,'2020-06-15 00:48:39','2020-06-15 00:48:39',NULL),(1718,104,'Made a cookie catcher, finally met my desired goal! ','2',157,'2020-06-14 20:51:18',0,'1',157,NULL,'2020-06-15 00:51:18','2020-06-15 00:51:18',NULL),(1719,9,'Making finishing touches to the powerpoint tomorrow night! ','1',150,'2020-06-14 21:06:23',0,'1',150,NULL,'2020-06-15 01:06:23','2020-06-15 01:06:23',NULL),(1720,90,'With another $50 transfer, I am at a 2! Next Sunday will be 4 weeks of $50 transfers, so I will reach a 4. ','2',150,'2020-06-14 21:07:27',0,'1',150,NULL,'2020-06-15 01:07:27','2020-06-15 01:07:27',NULL),(1721,57,'4 articles and 4 quizzes!','3',150,'2020-06-14 21:07:51',0,'1',150,NULL,'2020-06-15 01:07:51','2020-06-15 01:07:51',NULL),(1722,33,'5 articles and 5 quizzes!','3',150,'2020-06-14 21:08:07',0,'1',150,NULL,'2020-06-15 01:08:07','2020-06-15 01:08:07',NULL),(1723,89,'Kept it strong this weekend with a 8 mile bike ride!','2',150,'2020-06-14 21:08:33',0,'1',150,NULL,'2020-06-15 01:08:33','2020-06-15 01:08:33',NULL),(1724,12,'Video is submitted!','3',153,'2020-06-14 21:12:50',0,'1',153,NULL,'2020-06-15 01:12:50','2020-06-15 01:12:50',NULL),(1725,60,'I’m at 6 articles now, had to read a few more to complete the quizzes!','3',153,'2020-06-14 21:14:49',0,'1',153,NULL,'2020-06-15 01:14:49','2020-06-15 01:14:49',NULL),(1726,36,'I am at 5 articles now! I need to finish reading one more tomorrow so that I have 10 CEU quizzes to submit.','3',153,'2020-06-14 21:16:13',0,'1',153,NULL,'2020-06-15 01:16:13','2020-06-15 01:16:13',NULL),(1727,95,'Completed 3x a week for 4/6 weeks ?','2',153,'2020-06-14 21:16:56',0,'1',153,NULL,'2020-06-15 01:16:56','2020-06-15 01:16:56',NULL),(1728,25,'Read two additional articles, which are attached below! ?','3',142,'2020-06-14 21:19:09',0,'1',142,NULL,'2020-06-15 01:19:09','2020-06-15 01:19:09',NULL),(1729,96,'An average of 9,000 steps this week!!! Definitely completed 4/6 weeks at 7,000 steps or more.','2',153,'2020-06-14 21:19:20',0,'1',153,NULL,'2020-06-15 01:19:20','2020-06-15 01:19:20',NULL),(1730,24,'My group completed our video on Tues/Wed. I just double checked with one of my group members to make sure that she submitted it in the dropbox.','2',165,'2020-06-14 21:41:40',0,'1',165,NULL,'2020-06-15 01:41:40','2020-06-15 01:41:40',NULL),(1731,24,'I also plan to share the video on my social media (Facebook) for friends and family to view!','0',165,'2020-06-14 21:42:00',1730,'1',165,NULL,'2020-06-15 01:42:00','2020-06-15 01:42:00',NULL),(1732,119,'I have continued to drink 60 oz of water everyday! This is becoming normal for me, it feels great! I am actually getting less headaches too & I am sure staying hydrated has helped!','3',165,'2020-06-14 21:47:38',0,'1',165,NULL,'2020-06-15 01:47:38','2020-06-15 01:47:38',NULL),(1733,72,'I have read 6 articles total. I reached out to an old high school classmate who is a practicing social worker in the Detroit area, but unfortunately she said she is extremely busy with work','3',165,'2020-06-14 21:50:22',0,'1',165,NULL,'2020-06-15 01:50:22','2020-06-15 01:50:22',NULL),(1734,72,'& family matters recently that she does not have extra time for an interview. I was bummed! But also understand... life is a little stressful/different for everyone right now!','0',165,'2020-06-14 21:51:31',1733,'1',165,NULL,'2020-06-15 01:51:31','2020-06-15 01:51:31',NULL),(1735,48,'I have read 5 articles total. I am thoroughly enjoying reading OT related articles, it has definitely broadened my horizons for the field of OT! I plan to look into the CommunOT this week.','3',165,'2020-06-14 21:52:38',0,'1',165,NULL,'2020-06-15 01:52:38','2020-06-15 01:52:38',NULL),(1736,120,'I meditated 3 times this week. Meditating has been a great activity to integrate into my life, especially during quarantine! I have started doing \"walking meditations\" too!','2',165,'2020-06-14 22:02:13',0,'1',165,NULL,'2020-06-15 02:02:13','2020-06-15 02:02:13',NULL),(1737,49,'Read two additional articles relating to hand therapy, specifically regarding upper extremity impairments that I will encounter in both my fieldwork and OT career! ? Both articles attached.','3',142,'2020-06-14 22:02:16',0,'1',142,NULL,'2020-06-15 02:02:16','2020-06-15 02:02:16',NULL),(1738,37,'Unable to post today as planned, but will be able to post tomorrow morning. ','3',154,'2020-06-14 22:05:39',0,'1',154,NULL,'2020-06-15 02:05:39','2020-06-15 02:05:39',NULL),(1739,61,'Goal Obtained','4',154,'2020-06-14 22:06:23',0,'1',154,NULL,'2020-06-15 02:06:23','2020-06-15 02:06:23',NULL),(1740,97,'197.3','3',154,'2020-06-14 22:06:54',0,'1',154,NULL,'2020-06-15 02:06:54','2020-06-15 02:06:54',NULL),(1741,98,'Continuing to obtain goal','4',154,'2020-06-14 22:07:30',0,'1',154,NULL,'2020-06-15 02:07:30','2020-06-15 02:07:30',NULL),(1742,13,'Few final additions, edits, and adjustments to make. Should be able to complete tomorrow evening. ','1',154,'2020-06-14 22:08:35',0,'1',154,NULL,'2020-06-15 02:08:35','2020-06-15 02:08:35',NULL),(1743,17,'We have prepared an animated power point to show in class.  We are recording our video tomorrow to reach baseline. ','1',158,'2020-06-14 22:45:17',0,'1',158,NULL,'2020-06-15 02:45:17','2020-06-15 02:45:17',NULL),(1744,65,'I have read 3 additional articles on UE rehab. ','2',158,'2020-06-14 22:45:48',0,'1',158,NULL,'2020-06-15 02:45:48','2020-06-15 02:45:48',NULL),(1745,41,'I have read 3 additional articles related to global social issues. ','3',158,'2020-06-14 22:46:23',0,'1',158,NULL,'2020-06-15 02:46:23','2020-06-15 02:46:23',NULL),(1746,41,'Oops, sorry that was supposed to say 4 additional articles! ','0',158,'2020-06-14 22:46:49',1745,'1',158,NULL,'2020-06-15 02:46:49','2020-06-15 02:46:49',NULL),(1747,106,'During these consecutive 30 days, I have drank at least 84.5 FL OZ of water per day which means I have reached my baseline!  ?','2',158,'2020-06-14 22:48:49',0,'1',158,NULL,'2020-06-15 02:48:49','2020-06-15 02:48:49',NULL),(1748,105,'During the past four consecutive weeks I have exercised for at least 30 minutes, 5 of 7 days per week which means I reached my baseline for the semester!  ','2',158,'2020-06-14 22:49:57',0,'1',158,NULL,'2020-06-15 02:49:57','2020-06-15 02:49:57',NULL),(1749,6,'My classmate and I have still only met up once. We are planning on meeting again this week to finalize our script and film our short video.','0',147,'2020-06-15 08:26:32',0,'1',147,NULL,'2020-06-15 12:26:32','2020-06-15 12:26:32',NULL),(1750,83,'Still on course! I am at 27 days for 5-6 glasses of water! So close to going above and beyond!! ?','3',147,'2020-06-15 08:27:52',0,'1',147,NULL,'2020-06-15 12:27:52','2020-06-15 12:27:52',NULL),(1751,54,'I still have not read this. I will plan on reading it this week sometime after I submit my paper for the other 10 CE articles.','0',147,'2020-06-15 08:28:39',0,'1',147,NULL,'2020-06-15 12:28:39','2020-06-15 12:28:39',NULL),(1752,30,'I will read more articles when I am finished with the 10 CE articles that are required for the paper on Tuesday.','1',147,'2020-06-15 08:29:29',0,'1',147,NULL,'2020-06-15 12:29:29','2020-06-15 12:29:29',NULL),(1753,84,'I was on a roll! I practiced pilates on Thursday and Friday :) so now I have practiced yoga or pilates 2 times a week for 3/6 weeks','0',147,'2020-06-15 08:31:08',0,'1',147,NULL,'2020-06-15 12:31:08','2020-06-15 12:31:08',NULL),(1754,138,'I know you are just getting started, but appreciate your grit and interest in making this year truly special.  Please let me know if you want some ideas of CHHS RSOs of interest.','0',173,'2020-06-15 11:53:53',0,'1',173,NULL,'2020-06-15 15:53:53','2020-06-15 15:53:53',NULL),(1755,140,'I know you are just getting started, but appreciate your grit and interest in making this year truly special.  Please let me know if you want some ideas of CHHS RSOs of interest.','0',173,'2020-06-15 11:54:19',0,'1',173,NULL,'2020-06-15 15:54:19','2020-06-15 15:54:19',NULL),(1756,142,'You mentioned interest in the Nursing RSO.  The link is: https://wmich.edu/nursing/stti','0',173,'2020-06-15 11:55:51',0,'1',173,NULL,'2020-06-15 15:55:51','2020-06-15 15:55:51',NULL),(1757,139,'You talked about already contacting WMU Counseling Center.  Schedule an appointment if you wish, and once you attend you are already at a 1.','0',173,'2020-06-15 11:56:58',0,'1',173,NULL,'2020-06-15 15:56:58','2020-06-15 15:56:58',NULL),(1758,141,'You mentioned that you already have an appointment with a counselor in Kalamazoo.  Great work?','1',173,'2020-06-15 11:57:47',0,'1',173,NULL,'2020-06-15 15:57:47','2020-06-15 15:57:47',NULL),(1759,143,'I know you mentioned how overwhelming entering college during the time of COVID is.  I am sorry you are having to start college with these additional stressors.','0',173,'2020-06-15 11:59:24',0,'1',173,NULL,'2020-06-15 15:59:24','2020-06-15 15:59:24',NULL),(1760,142,'There is a voter registration bash being held this Thursday if you would like to attend. #wmuvotes','0',2,'2020-06-15 12:19:36',0,'1',2,NULL,'2020-06-15 16:19:36','2020-06-15 16:19:36',NULL),(1761,140,'Samantha - wonderful that you attended Welcome Week and met students in the OT honor society.','1',173,'2020-06-15 12:28:43',0,'1',173,NULL,'2020-06-15 16:28:43','2020-06-15 16:28:43',NULL),(1762,139,'Thank you for the update on your appointment.  It sounds like Christie could be a great fit for a counselor.','1',173,'2020-06-15 12:29:52',0,'1',173,NULL,'2020-06-15 16:29:52','2020-06-15 16:29:52',NULL),(1763,138,'Yes you mentioned there is a fall event specific for CHHS students.  Can you send me info about that?','0',187,'2020-06-15 12:32:16',1754,'1',187,NULL,'2020-06-15 16:32:16','2020-06-15 16:32:16',NULL),(1764,138,'Attended a keg party....does that count?','2',187,'2020-06-15 12:32:41',0,'1',187,NULL,'2020-06-15 16:32:41','2020-06-15 16:32:41',NULL),(1765,139,'I really like Christie. She seems nice and talked about some mindfulness activities I will try.??','0',187,'2020-06-15 12:34:25',1762,'1',187,NULL,'2020-06-15 16:34:25','2020-06-15 16:34:25',NULL),(1766,139,'Scheduled a second appointment with Christie.  She also recommended I consult with the doctor.','1',187,'2020-06-15 12:35:01',0,'1',187,NULL,'2020-06-15 16:35:01','2020-06-15 16:35:01',NULL),(1767,138,'No not really.  Good sense of humor though?','0',173,'2020-06-15 12:36:16',1764,'1',173,NULL,'2020-06-15 16:36:16','2020-06-15 16:36:16',NULL),(1768,138,'In addition to purely social activities, we talked about the importance of group involvement.  Let\'s focus there.','0',173,'2020-06-15 12:37:09',0,'1',173,NULL,'2020-06-15 16:37:09','2020-06-15 16:37:09',NULL),(1769,18,'This goal has not changed since the previous submission. Waiting on a peer who is obtaining feedback from the professor. We will make changes accordingly. ','3',159,'2020-06-15 14:16:32',0,'1',159,NULL,'2020-06-15 18:16:32','2020-06-15 18:16:32',NULL),(1770,108,'As it is growing closer to finals and time is getting crunched, I find it more and more beneficial to take breaks and maintain social engagement with friends and family to fill my extrovert ','3',159,'2020-06-15 14:17:53',0,'1',159,NULL,'2020-06-15 18:17:53','2020-06-15 18:17:53',NULL),(1771,108,'...needs. So I intentionally called my mother for 40 minutes one day, my best friend for 40 minutes the next, and went on a date with my husband on Sunday that ended up being 2 hours. ','3',159,'2020-06-15 14:18:52',0,'1',159,NULL,'2020-06-15 18:18:52','2020-06-15 18:18:52',NULL),(1772,66,'There have been no changes regarding this goal. ','2',159,'2020-06-15 14:19:11',0,'1',159,NULL,'2020-06-15 18:19:11','2020-06-15 18:19:11',NULL),(1773,42,'There have been no changes regarding this goal. ','3',159,'2020-06-15 14:19:36',0,'1',159,NULL,'2020-06-15 18:19:36','2020-06-15 18:19:36',NULL),(1774,107,'uI have been consistently following sleep hygiene tips for 6 or less nights a week. This week I read more about how exercise relates directly to sleep and worked out two times, for at least 30','3',159,'2020-06-15 14:20:59',0,'1',159,NULL,'2020-06-15 18:20:59','2020-06-15 18:20:59',NULL),(1775,107,'...minutes. This proved to be very beneficial for my mood as well as falling asleep faster, and having a restful sleep during the night. ','3',159,'2020-06-15 14:21:41',0,'1',159,NULL,'2020-06-15 18:21:41','2020-06-15 18:21:41',NULL),(1776,76,'I made another healthy balanced dinner on Saturday. Happy with the progress I have been making since the semester started!','0',143,'2020-06-15 14:34:58',0,'1',143,NULL,'2020-06-15 18:34:58','2020-06-15 18:34:58',NULL),(1777,75,'I went on a 1 mile run and 1 mile walk on Friday and did an at-home ab and leg workout on Saturday','0',143,'2020-06-15 14:35:34',0,'1',143,NULL,'2020-06-15 18:35:34','2020-06-15 18:35:34',NULL),(1778,2,'Hannah submitted our group project to the dropbox!','3',143,'2020-06-15 14:36:13',0,'1',143,NULL,'2020-06-15 18:36:13','2020-06-15 18:36:13',NULL),(1779,26,'I have read 6 articles related to global social issues impacting healthcare practices and trends','3',143,'2020-06-15 14:37:07',0,'1',143,NULL,'2020-06-15 18:37:07','2020-06-15 18:37:07',NULL),(1780,50,'I have read 4 pediatric articles with the included competency quizzes which have helped me prepare for fall fieldwork!','3',143,'2020-06-15 14:37:42',0,'1',143,NULL,'2020-06-15 18:37:42','2020-06-15 18:37:42',NULL),(1781,20,'okay!','0',141,'2020-06-15 16:17:36',0,'1',141,NULL,'2020-06-15 20:17:36','2020-06-15 20:17:36',NULL),(1782,44,'You\'ve done a great job on this!','3',141,'2020-06-15 16:18:08',0,'1',141,NULL,'2020-06-15 20:18:08','2020-06-15 20:18:08',NULL),(1783,68,'Way to go!','3',141,'2020-06-15 16:18:30',0,'1',141,NULL,'2020-06-15 20:18:30','2020-06-15 20:18:30',NULL),(1784,111,'Almost there!','0',141,'2020-06-15 16:19:14',0,'1',141,NULL,'2020-06-15 20:19:14','2020-06-15 20:19:14',NULL),(1785,112,'Great work!','2',141,'2020-06-15 16:19:36',0,'1',141,NULL,'2020-06-15 20:19:36','2020-06-15 20:19:36',NULL),(1786,10,'sounds good','0',141,'2020-06-15 16:20:09',0,'1',141,NULL,'2020-06-15 20:20:09','2020-06-15 20:20:09',NULL),(1787,34,'Great job of going beyond!','3',141,'2020-06-15 16:20:46',0,'1',141,NULL,'2020-06-15 20:20:46','2020-06-15 20:20:46',NULL),(1788,58,'amazing job exceeding your goal!','3',141,'2020-06-15 16:21:18',0,'1',141,NULL,'2020-06-15 20:21:18','2020-06-15 20:21:18',NULL),(1789,91,'I love that your dad is joining in! Way to keep both of you healthy and have more fun!!','2',141,'2020-06-15 16:22:22',0,'1',141,NULL,'2020-06-15 20:22:22','2020-06-15 20:22:22',NULL),(1790,92,'Way to go!','2',141,'2020-06-15 16:23:13',0,'1',141,NULL,'2020-06-15 20:23:13','2020-06-15 20:23:13',NULL),(1791,11,'Nice!!','3',141,'2020-06-15 16:23:47',0,'1',141,NULL,'2020-06-15 20:23:47','2020-06-15 20:23:47',NULL),(1792,35,'Congratulations on reaching highest level of attainment!','4',141,'2020-06-15 16:24:28',0,'1',141,NULL,'2020-06-15 20:24:28','2020-06-15 20:24:28',NULL),(1793,59,'I know; more challenging with COVID-19. Not everyone is as savvy as you guys are now with Zoom and Webex:) Well done!','3',141,'2020-06-15 16:25:24',0,'1',141,NULL,'2020-06-15 20:25:24','2020-06-15 20:25:24',NULL),(1794,93,'I am so glad that this process has supported you in creating this new habit-that\'s music to my ears! Now you can appreciate how helpful this can be for your clients as well.','2',141,'2020-06-15 16:26:42',0,'1',141,NULL,'2020-06-15 20:26:42','2020-06-15 20:26:42',NULL),(1795,94,'Almost there-Yay!','0',141,'2020-06-15 16:27:15',0,'1',141,NULL,'2020-06-15 20:27:15','2020-06-15 20:27:15',NULL),(1796,15,'Excellent!','3',141,'2020-06-15 16:29:42',0,'1',141,NULL,'2020-06-15 20:29:42','2020-06-15 20:29:42',NULL),(1797,39,'Way to exceed your goal through self-guided readings! This creates a habit for that life-long learning...:)','3',141,'2020-06-15 16:30:51',0,'1',141,NULL,'2020-06-15 20:30:51','2020-06-15 20:30:51',NULL),(1798,63,'Nicely done! Hopefully you will have more confidence when you start working with this population in fieldwork.','3',141,'2020-06-15 16:31:39',0,'1',141,NULL,'2020-06-15 20:31:39','2020-06-15 20:31:39',NULL),(1799,101,'I am so happy that you have developed this new habit for yourself and can share it with your clients. Way to exceed your goal!','3',141,'2020-06-15 16:32:49',0,'1',141,NULL,'2020-06-15 20:32:49','2020-06-15 20:32:49',NULL),(1800,102,'I\'m so glad we could capture your ability to exceed this goal-you should feel proud of yourself-way to go!!','3',141,'2020-06-15 16:33:29',0,'1',141,NULL,'2020-06-15 20:33:29','2020-06-15 20:33:29',NULL),(1801,9,'To clarify: Just a powerpoint is a \"1\" less than expected. For the \"2\" you need to a video format that includes music and/or voice over which is a little more involved and more engaging.','1',141,'2020-06-15 16:36:36',0,'1',141,NULL,'2020-06-15 20:36:36','2020-06-15 20:36:36',NULL),(1802,33,'you\'ve done a great job exceeding your goal!','3',141,'2020-06-15 16:37:09',0,'1',141,NULL,'2020-06-15 20:37:09','2020-06-15 20:37:09',NULL),(1803,57,'Nicely done!!','3',141,'2020-06-15 16:37:37',0,'1',141,NULL,'2020-06-15 20:37:37','2020-06-15 20:37:37',NULL),(1804,89,'congratulations on meeting your goal!','2',141,'2020-06-15 16:38:31',0,'1',141,NULL,'2020-06-15 20:38:31','2020-06-15 20:38:31',NULL),(1805,90,'Wow! You are doing an amazing job!','2',141,'2020-06-15 16:39:15',0,'1',141,NULL,'2020-06-15 20:39:15','2020-06-15 20:39:15',NULL),(1806,13,'keep going!','1',141,'2020-06-15 16:39:57',0,'1',141,NULL,'2020-06-15 20:39:57','2020-06-15 20:39:57',NULL),(1807,37,'You\'ve done a great job on this goal!','3',141,'2020-06-15 16:40:29',0,'1',141,NULL,'2020-06-15 20:40:29','2020-06-15 20:40:29',NULL),(1808,61,'You really rocked this goal-your passion for this area of practice is evident!','4',141,'2020-06-15 16:41:22',0,'1',141,NULL,'2020-06-15 20:41:22','2020-06-15 20:41:22',NULL),(1809,97,'well done!','3',141,'2020-06-15 16:41:54',0,'1',141,NULL,'2020-06-15 20:41:54','2020-06-15 20:41:54',NULL),(1810,98,'Rock star!!','4',141,'2020-06-15 16:42:23',0,'1',141,NULL,'2020-06-15 20:42:23','2020-06-15 20:42:23',NULL),(1811,19,'Almost there!','1',141,'2020-06-15 16:42:57',0,'1',141,NULL,'2020-06-15 20:42:57','2020-06-15 20:42:57',NULL),(1812,43,'Sounds good','2',141,'2020-06-15 16:43:24',0,'1',141,NULL,'2020-06-15 20:43:24','2020-06-15 20:43:24',NULL),(1813,67,'Way to meet your goal!','2',141,'2020-06-15 16:43:53',0,'1',141,NULL,'2020-06-15 20:43:53','2020-06-15 20:43:53',NULL),(1814,109,'good job keeping track-keep going!!','0',141,'2020-06-15 16:44:31',0,'1',141,NULL,'2020-06-15 20:44:31','2020-06-15 20:44:31',NULL),(1815,110,'Almost there!','0',141,'2020-06-15 16:44:56',0,'1',141,NULL,'2020-06-15 20:44:56','2020-06-15 20:44:56',NULL),(1816,24,'Hey, I like to hear you will be sharing it!','2',141,'2020-06-15 16:45:37',0,'1',141,NULL,'2020-06-15 20:45:37','2020-06-15 20:45:37',NULL),(1817,48,'You will find the CommunOT site very useful as a resource-check it out!','3',141,'2020-06-15 16:46:20',0,'1',141,NULL,'2020-06-15 20:46:20','2020-06-15 20:46:20',NULL),(1818,72,'Extra hard right now with COVID-19...But you have rocked this goal!','3',141,'2020-06-15 16:47:01',0,'1',141,NULL,'2020-06-15 20:47:01','2020-06-15 20:47:01',NULL),(1819,119,'Nice to see the benefit of fewer headaches-way to hang in there for your wellness!','3',141,'2020-06-15 16:47:46',0,'1',141,NULL,'2020-06-15 20:47:46','2020-06-15 20:47:46',NULL),(1820,120,'Oh, I like the sound of that-combining two great stress reducers of walking and meditation. Way to go!!','2',141,'2020-06-15 16:48:38',0,'1',141,NULL,'2020-06-15 20:48:39','2020-06-15 20:48:39',NULL),(1821,23,'Nice progress!','2',141,'2020-06-15 16:49:22',0,'1',141,NULL,'2020-06-15 20:49:22','2020-06-15 20:49:22',NULL),(1822,47,'You did a great job on this one:)','3',141,'2020-06-15 16:49:46',0,'1',141,NULL,'2020-06-15 20:49:46','2020-06-15 20:49:46',NULL),(1823,71,'All is good here!?','3',141,'2020-06-15 16:50:20',0,'1',141,NULL,'2020-06-15 20:50:20','2020-06-15 20:50:20',NULL),(1824,117,'Way to maintain this goal!','2',141,'2020-06-15 16:51:00',0,'1',141,NULL,'2020-06-15 20:51:00','2020-06-15 20:51:00',NULL),(1825,118,'All good here?','3',141,'2020-06-15 16:51:31',0,'1',141,NULL,'2020-06-15 20:51:31','2020-06-15 20:51:31',NULL),(1826,4,'Almost there!','1',141,'2020-06-15 16:52:12',0,'1',141,NULL,'2020-06-15 20:52:12','2020-06-15 20:52:12',NULL),(1827,28,'Way to exceed your goal-congratulations!!','3',141,'2020-06-15 16:52:52',0,'1',141,NULL,'2020-06-15 20:52:52','2020-06-15 20:52:52',NULL),(1828,52,'Well done','2',141,'2020-06-15 16:53:23',0,'1',141,NULL,'2020-06-15 20:53:23','2020-06-15 20:53:23',NULL),(1829,79,'Way to hang in there to meet this goal!! I hope you are feeling the benefits?','2',141,'2020-06-15 16:54:17',0,'1',141,NULL,'2020-06-15 20:54:17','2020-06-15 20:54:17',NULL),(1830,80,'Yahoo! Way to exceed your goal!!','3',141,'2020-06-15 16:54:49',0,'1',141,NULL,'2020-06-15 20:54:49','2020-06-15 20:54:49',NULL),(1831,8,'Nice job!','1',141,'2020-06-15 16:55:34',0,'1',141,NULL,'2020-06-15 20:55:34','2020-06-15 20:55:34',NULL),(1832,32,'Wow-that is an amazing accomplishment!','3',141,'2020-06-15 16:56:03',0,'1',141,NULL,'2020-06-15 20:56:03','2020-06-15 20:56:03',NULL),(1833,56,'Nice! There is such good info out there now for SI.','2',141,'2020-06-15 16:56:52',0,'1',141,NULL,'2020-06-15 20:56:52','2020-06-15 20:56:52',NULL),(1834,87,'yes, keep this going!','3',141,'2020-06-15 16:57:17',0,'1',141,NULL,'2020-06-15 20:57:17','2020-06-15 20:57:17',NULL),(1835,88,'Amazing job going all the way on this goal!!','4',141,'2020-06-15 16:57:52',0,'1',141,NULL,'2020-06-15 20:57:52','2020-06-15 20:57:52',NULL),(1836,14,'Yahoo! Way to go!','3',141,'2020-06-15 16:58:28',0,'1',141,NULL,'2020-06-15 20:58:28','2020-06-15 20:58:28',NULL),(1837,38,'Way to exceed your goal!!','3',141,'2020-06-15 16:58:55',0,'1',141,NULL,'2020-06-15 20:58:55','2020-06-15 20:58:55',NULL),(1838,62,'Wow! Another goal exceeded!!','3',141,'2020-06-15 16:59:25',0,'1',141,NULL,'2020-06-15 20:59:25','2020-06-15 20:59:25',NULL),(1839,99,'Nice. Are you on track to hit your goal for 4 weeks?','0',141,'2020-06-15 17:00:17',0,'1',141,NULL,'2020-06-15 21:00:17','2020-06-15 21:00:17',NULL),(1840,100,'Keep going!','0',141,'2020-06-15 17:00:49',0,'1',141,NULL,'2020-06-15 21:00:49','2020-06-15 21:00:49',NULL),(1841,21,'Nicely done!','3',141,'2020-06-15 17:01:23',0,'1',141,NULL,'2020-06-15 21:01:23','2020-06-15 21:01:23',NULL),(1842,45,'you did great on this goal-met:)','2',141,'2020-06-15 17:01:49',0,'1',141,NULL,'2020-06-15 21:01:49','2020-06-15 21:01:49',NULL),(1843,69,'all good here:)','3',141,'2020-06-15 17:02:15',0,'1',141,NULL,'2020-06-15 21:02:15','2020-06-15 21:02:15',NULL),(1844,113,'Way to rock this goal!!','2',141,'2020-06-15 17:02:51',0,'1',141,NULL,'2020-06-15 21:02:51','2020-06-15 21:02:51',NULL),(1845,114,'Wow-highest level of attainment; way to go!!','4',141,'2020-06-15 17:03:22',0,'1',141,NULL,'2020-06-15 21:03:22','2020-06-15 21:03:22',NULL),(1846,18,'All good here:)','3',141,'2020-06-15 17:03:58',0,'1',141,NULL,'2020-06-15 21:03:58','2020-06-15 21:03:58',NULL),(1847,42,'All good here, too:) Way to exceed your goals!','3',141,'2020-06-15 17:04:31',0,'1',141,NULL,'2020-06-15 21:04:31','2020-06-15 21:04:31',NULL),(1848,66,'you did a great job meeting this goal.','2',141,'2020-06-15 17:04:56',0,'1',141,NULL,'2020-06-15 21:04:56','2020-06-15 21:04:56',NULL),(1849,107,'Very well done! It kinda makes me sleepy thinking about this soothing spa-like ritual:)','3',141,'2020-06-15 17:05:58',0,'1',141,NULL,'2020-06-15 21:05:58','2020-06-15 21:05:58',NULL),(1850,108,'You have done a great job of continuing to take care of yourself even when more busy. ','3',141,'2020-06-15 17:06:48',0,'1',141,NULL,'2020-06-15 21:06:48','2020-06-15 21:06:48',NULL),(1851,2,'Way to go!!','3',141,'2020-06-15 17:07:32',0,'1',141,NULL,'2020-06-15 21:07:32','2020-06-15 21:07:32',NULL),(1852,26,'Way to exceed your goal. I\'m so glad you have gained this added knowledge for FW!','3',141,'2020-06-15 17:08:23',0,'1',141,NULL,'2020-06-15 21:08:23','2020-06-15 21:08:23',NULL),(1853,50,'Yes, you are well-prepared! Way to exceed your goal!!','3',141,'2020-06-15 17:09:05',0,'1',141,NULL,'2020-06-15 21:09:05','2020-06-15 21:09:05',NULL),(1854,75,'Keep strong-almost there!','0',141,'2020-06-15 17:09:33',0,'1',141,NULL,'2020-06-15 21:09:33','2020-06-15 21:09:33',NULL),(1855,76,'You\'ve done great and proven to yourself that you can do this, even when so busy.','0',141,'2020-06-15 17:10:17',0,'1',141,NULL,'2020-06-15 21:10:17','2020-06-15 21:10:17',NULL),(1856,6,'Okay ','0',141,'2020-06-15 17:10:58',0,'1',141,NULL,'2020-06-15 21:10:58','2020-06-15 21:10:58',NULL),(1857,30,'okay, keep going!','1',141,'2020-06-15 17:11:26',0,'1',141,NULL,'2020-06-15 21:11:26','2020-06-15 21:11:26',NULL),(1858,54,'okay','0',141,'2020-06-15 17:12:06',0,'1',141,NULL,'2020-06-15 21:12:06','2020-06-15 21:12:06',NULL),(1859,83,'You\'ve done a great job on this goal:)','3',141,'2020-06-15 17:12:32',0,'1',141,NULL,'2020-06-15 21:12:32','2020-06-15 21:12:32',NULL),(1860,84,'Keep going-you can do this!','0',141,'2020-06-15 17:13:03',0,'1',141,NULL,'2020-06-15 21:13:03','2020-06-15 21:13:03',NULL),(1861,17,'Way to go!','1',141,'2020-06-15 17:13:39',0,'1',141,NULL,'2020-06-15 21:13:39','2020-06-15 21:13:39',NULL),(1862,41,'congratulations on exceeding this goal! ','3',141,'2020-06-15 17:14:11',0,'1',141,NULL,'2020-06-15 21:14:11','2020-06-15 21:14:11',NULL),(1863,65,'Way to keep going:)','2',141,'2020-06-15 17:14:52',0,'1',141,NULL,'2020-06-15 21:14:52','2020-06-15 21:14:52',NULL),(1864,105,'Yahoo!!!! Way to hang in there to meet this sustained goal. ','2',141,'2020-06-15 17:15:32',0,'1',141,NULL,'2020-06-15 21:15:32','2020-06-15 21:15:32',NULL),(1865,106,'Another goal met-you are rocking it!','2',141,'2020-06-15 17:16:02',0,'1',141,NULL,'2020-06-15 21:16:02','2020-06-15 21:16:02',NULL),(1866,3,'Way to go in exceeding this goal!','3',141,'2020-06-15 17:16:37',0,'1',141,NULL,'2020-06-15 21:16:37','2020-06-15 21:16:37',NULL),(1867,27,'congratulations on exceeding this goal!','3',141,'2020-06-15 17:17:04',0,'1',141,NULL,'2020-06-15 21:17:04','2020-06-15 21:17:04',NULL),(1868,51,'Exceeding this goal should make you more confident that you are prepared for fieldwork!','3',141,'2020-06-15 17:17:46',0,'1',141,NULL,'2020-06-15 21:17:46','2020-06-15 21:17:46',NULL),(1869,77,'nicely done:)','2',141,'2020-06-15 17:18:25',0,'1',141,NULL,'2020-06-15 21:18:25','2020-06-15 21:18:25',NULL),(1870,78,'congratulations on meeting this sustained goal!','2',141,'2020-06-15 17:18:52',0,'1',141,NULL,'2020-06-15 21:18:52','2020-06-15 21:18:52',NULL),(1871,12,'Way to go!','3',141,'2020-06-15 17:19:21',0,'1',141,NULL,'2020-06-15 21:19:21','2020-06-15 21:19:21',NULL),(1872,36,'Congratulations on exceeding this goal!','3',141,'2020-06-15 17:19:53',0,'1',141,NULL,'2020-06-15 21:19:53','2020-06-15 21:19:53',NULL),(1873,60,'Wow! Another goal exceeded-way to go!','3',141,'2020-06-15 17:20:19',0,'1',141,NULL,'2020-06-15 21:20:19','2020-06-15 21:20:19',NULL),(1874,95,'Way to hang in there to meet this sustained goal?','2',141,'2020-06-15 17:20:48',0,'1',141,NULL,'2020-06-15 21:20:48','2020-06-15 21:20:48',NULL),(1875,96,'Yahooo! ','2',141,'2020-06-15 17:21:14',0,'1',141,NULL,'2020-06-15 21:21:14','2020-06-15 21:21:14',NULL),(1876,16,'Nice progress','2',141,'2020-06-15 17:30:27',0,'1',141,NULL,'2020-06-15 21:30:27','2020-06-15 21:30:27',NULL),(1877,40,'Nicely done; your passion for trauma-informed care shows in your effort.','3',141,'2020-06-15 17:31:11',0,'1',141,NULL,'2020-06-15 21:31:11','2020-06-15 21:31:11',NULL),(1878,64,'No, you EXCEEDED your goal!','3',141,'2020-06-15 17:31:48',0,'1',141,NULL,'2020-06-15 21:31:48','2020-06-15 21:31:48',NULL),(1879,103,'Hooray-way to hang in there to meet this sustained goal ?','2',141,'2020-06-15 17:32:26',0,'1',141,NULL,'2020-06-15 21:32:26','2020-06-15 21:32:26',NULL),(1880,104,'Aw, nice and bright colored. I hope you had fun achieving this goal:)','2',141,'2020-06-15 17:33:36',0,'1',141,NULL,'2020-06-15 21:33:36','2020-06-15 21:33:36',NULL),(1881,22,'I don\'t see any update from you-I hope you are working on it!','0',141,'2020-06-15 17:35:04',0,'1',141,NULL,'2020-06-15 21:35:04','2020-06-15 21:35:04',NULL),(1882,46,'I\'m not seeing an update this week? I\'m assuming nothing new to report if you\'ve \"hibernated\" this goal due to exceeding it.','3',141,'2020-06-15 18:10:33',0,'1',141,NULL,'2020-06-15 22:10:33','2020-06-15 22:10:33',NULL),(1883,70,'Are you planning to add any update/no change status?','2',141,'2020-06-15 18:11:22',0,'1',141,NULL,'2020-06-15 22:11:22','2020-06-15 22:11:22',NULL),(1884,115,'I don\'t see an update?','0',141,'2020-06-15 18:11:51',0,'1',141,NULL,'2020-06-15 22:11:51','2020-06-15 22:11:51',NULL),(1885,116,'No update','0',141,'2020-06-15 18:12:16',0,'1',141,NULL,'2020-06-15 22:12:16','2020-06-15 22:12:16',NULL),(1886,25,'Way to exceed your goal!!','3',141,'2020-06-15 18:13:21',0,'1',141,NULL,'2020-06-15 22:13:21','2020-06-15 22:13:21',NULL),(1887,1,'sounds good','1',141,'2020-06-15 18:19:04',0,'1',141,NULL,'2020-06-15 22:19:04','2020-06-15 22:19:04',NULL),(1888,49,'Way to exceed your goal! Your interest in this practice setting is evident in your level of achievement:)','3',141,'2020-06-15 18:20:40',0,'1',141,NULL,'2020-06-15 22:20:40','2020-06-15 22:20:40',NULL),(1889,73,'AMAZING! You should feel awesome achieving the highest level of this sustained goal.','4',141,'2020-06-15 18:21:36',0,'1',141,NULL,'2020-06-15 22:21:36','2020-06-15 22:21:36',NULL),(1890,74,'You have done so well with this goal, getting back on track and developing this as a habit. Way to go!!','3',141,'2020-06-15 18:22:30',0,'1',141,NULL,'2020-06-15 22:22:30','2020-06-15 22:22:30',NULL),(1891,7,'Yahoo!','3',141,'2020-06-15 18:22:59',0,'1',141,NULL,'2020-06-15 22:22:59','2020-06-15 22:22:59',NULL),(1892,31,'Nicely done:) You have a much broader understanding of these complex social issues and the role of OT as a result of your self-directed learning.','3',141,'2020-06-15 18:24:11',0,'1',141,NULL,'2020-06-15 22:24:11','2020-06-15 22:24:11',NULL),(1893,55,'Way to exceed your goal! You are well-prepared for your FW experience.','3',141,'2020-06-15 18:24:46',0,'1',141,NULL,'2020-06-15 22:24:46','2020-06-15 22:24:46',NULL),(1894,85,'All good here?','2',141,'2020-06-15 18:25:13',0,'1',141,NULL,'2020-06-15 22:25:13','2020-06-15 22:25:13',NULL),(1895,86,'Almost there-you can do this!!','0',141,'2020-06-15 18:26:21',0,'1',141,NULL,'2020-06-15 22:26:21','2020-06-15 22:26:21',NULL),(1896,5,'Well done!! I am loving watching them as they are sent in.','3',141,'2020-06-15 18:27:08',0,'1',141,NULL,'2020-06-15 22:27:08','2020-06-15 22:27:08',NULL),(1897,29,'Well that sounds like good, new learning! ','3',141,'2020-06-15 18:27:45',0,'1',141,NULL,'2020-06-15 22:27:45','2020-06-15 22:27:45',NULL),(1898,53,'Way to exceed this goal! You will be able to use this info in FW-your own self-directed selections make the content more meaningful and individualized to YOU:)','3',141,'2020-06-15 18:29:29',0,'1',141,NULL,'2020-06-15 22:29:29','2020-06-15 22:29:29',NULL),(1899,81,'Congratulations on meeting this goal! I\'m glad you are getting these important connections with your people:)','2',141,'2020-06-15 18:30:34',0,'1',141,NULL,'2020-06-15 22:30:34','2020-06-15 22:30:34',NULL),(1900,82,'Way to hang in there to exceed this sustained goal!!','3',141,'2020-06-15 18:31:16',0,'1',141,NULL,'2020-06-15 22:31:16','2020-06-15 22:31:16',NULL),(1901,138,'The Eta Eta Sigma honor society event and also service learning at Ministry with Community...that\'s more like it.  Great job finding these opportunities and bringing a friend.','2',173,'2020-06-15 18:36:04',0,'1',173,NULL,'2020-06-15 22:36:04','2020-06-15 22:36:04',NULL),(1902,142,'Stewart - It sounds like you made great connections at the voter registration drive and Black Lives Matter march organized by students.  You are already at a 2....?','2',173,'2020-06-15 18:37:43',0,'1',173,NULL,'2020-06-15 22:37:43','2020-06-15 22:37:43',NULL),(1903,139,'Good for you Salvator.  Do you have an idea of what questions you want to ask the doctor to see if medicine and which medicine might be a help to you?','1',173,'2020-06-15 18:38:49',0,'1',173,NULL,'2020-06-15 22:38:49','2020-06-15 22:38:49',NULL),(1904,141,'Samantha - how did your appointment go?  I am excited to hear if you feel like they will be a good fit for you?','1',173,'2020-06-15 18:39:58',0,'1',173,NULL,'2020-06-15 22:39:58','2020-06-15 22:39:58',NULL),(1905,143,'Stewart, you are rocking it out.  You already had our first appointment, and are engaging in daily mindfulness over the last 5 days.  Is mindfulness a helpful thing to add to your routine?','2',173,'2020-06-15 18:41:33',0,'1',173,NULL,'2020-06-15 22:41:33','2020-06-15 22:41:33',NULL),(1906,140,'Yes it was super fun, and I think I might want to join.  But I have also been thinking about switching to a different major.??','0',188,'2020-06-15 18:43:16',1761,'1',188,NULL,'2020-06-15 22:43:16','2020-06-15 22:43:16',NULL),(1907,140,'I found the Latino Student Alliance and will attend on 6/20.','1',188,'2020-06-15 18:44:52',0,'1',188,NULL,'2020-06-15 22:44:52','2020-06-15 22:44:52',NULL),(1908,141,'The appt. was good.  I really like my counselor.  He told me about an Emotional Regulation group that I am going to check out.  It\'s free so I might ask my RM if she will go with me at 1st.?','2',188,'2020-06-15 18:46:41',0,'1',188,NULL,'2020-06-15 22:46:41','2020-06-15 22:46:41',NULL),(1909,138,'I was mostly joking about the keg party, but know we talked about professional communication, so should check myself on that.','0',187,'2020-06-15 18:48:00',1768,'1',187,NULL,'2020-06-15 22:48:00','2020-06-15 22:48:00',NULL),(1910,138,'I think I will see if I can volunteer at Ministry regularly.  I had','2',187,'2020-06-15 18:52:49',0,'1',187,NULL,'2020-06-15 22:52:49','2020-06-15 22:52:49',NULL),(1911,139,'I went to counseling once but I didn\'t like it.  And I have still missed 3 classes this week because I just cannot get myself calm enough to go.  Can you help?','0',187,'2020-06-15 18:54:02',0,'1',187,NULL,'2020-06-15 22:54:03','2020-06-15 22:54:03',NULL),(1912,142,'Yes it was good to meet other students of color, as my classes are pretty white.  Who do I talk to about trying to impact that?','0',189,'2020-06-15 18:55:35',1902,'1',189,NULL,'2020-06-15 22:55:35','2020-06-15 22:55:35',NULL),(1913,142,'I am going to become part of the Black Student Union.  ','3',189,'2020-06-15 18:56:04',0,'1',189,NULL,'2020-06-15 22:56:04','2020-06-15 22:56:04',NULL),(1914,143,'Yaaassss.  Super helpful with sleeping.???','0',189,'2020-06-15 18:57:23',1905,'1',189,NULL,'2020-06-15 22:57:23','2020-06-15 22:57:23',NULL),(1915,143,'I found a new breathing mindful activity that I have shared with several others.  I thought I would share with you as well.','2',189,'2020-06-15 18:58:23',0,'1',189,NULL,'2020-06-15 22:58:23','2020-06-15 22:58:23',NULL),(1916,22,'My group has completed our project','2',163,'2020-06-15 23:08:20',0,'1',163,NULL,'2020-06-16 03:08:20','2020-06-16 03:08:20',NULL),(1917,116,'I    have continued to drink 80 oz of water','0',163,'2020-06-15 23:08:44',0,'1',163,NULL,'2020-06-16 03:08:44','2020-06-16 03:08:44',NULL),(1918,70,'I    have not read anymore articles but have finished my paper','2',163,'2020-06-15 23:09:30',0,'1',163,NULL,'2020-06-16 03:09:30','2020-06-16 03:09:30',NULL),(1919,46,'I    have read enough articles to finish my paper','3',163,'2020-06-15 23:09:51',0,'1',163,NULL,'2020-06-16 03:09:51','2020-06-16 03:09:51',NULL),(1920,115,'I    have walked at least 4 miles once this week','0',163,'2020-06-15 23:10:20',0,'1',163,NULL,'2020-06-16 03:10:20','2020-06-16 03:10:20',NULL),(1921,37,'Still unable to post as I planned due to power/internet issues. Have time tomorrow I will try to post. ','3',154,'2020-06-16 15:57:44',0,'1',154,NULL,'2020-06-16 19:57:44','2020-06-16 19:57:44',NULL),(1922,61,'Goal Obtained, but I will continue to look further into topics. ','4',154,'2020-06-16 15:58:41',0,'1',154,NULL,'2020-06-16 19:58:41','2020-06-16 19:58:41',NULL),(1923,97,'197.6lb','3',154,'2020-06-16 15:59:48',0,'1',154,NULL,'2020-06-16 19:59:48','2020-06-16 19:59:48',NULL),(1924,98,'Continuing goal ','4',154,'2020-06-16 16:00:29',0,'1',154,NULL,'2020-06-16 20:00:29','2020-06-16 20:00:29',NULL),(1925,13,'Minor technical issues and inexperience making the videos have slowed me down a bit, but very close to completing. Mostly fine tuning. ','1',154,'2020-06-16 16:02:01',0,'1',154,NULL,'2020-06-16 20:02:01','2020-06-16 20:02:01',NULL),(1926,8,'My group and I finished and submitted our final video!','2',149,'2020-06-16 20:26:19',0,'1',149,NULL,'2020-06-17 00:26:19','2020-06-17 00:26:19',NULL),(1927,56,'I have not yet read a 4th article for SI','2',149,'2020-06-16 20:27:15',0,'1',149,NULL,'2020-06-17 00:27:15','2020-06-17 00:27:15',NULL),(1928,32,'I have not yet posted to CommunOT!','3',149,'2020-06-16 20:28:09',0,'1',149,NULL,'2020-06-17 00:28:09','2020-06-17 00:28:09',NULL),(1929,88,'I went on a long walk with my dog and boyfriend yesterday! ','4',149,'2020-06-16 20:30:29',0,'1',149,NULL,'2020-06-17 00:30:29','2020-06-17 00:30:29',NULL),(1930,87,'I look forward to journaling when I wake up, it\'s a great way to start my day!','3',149,'2020-06-16 20:31:40',0,'1',149,NULL,'2020-06-17 00:31:40','2020-06-17 00:31:40',NULL),(1931,126,'How are the SMART meetings going Patrick?  Did the sponsor you connected with work out?','2',2,'2020-06-17 08:22:52',0,'1',2,NULL,'2020-06-17 12:22:52','2020-06-17 12:22:52',NULL),(1932,126,'Sounds like missed meetings the last 2 weeks.','1',2,'2020-06-17 08:25:16',0,'1',2,NULL,'2020-06-17 12:25:16','2020-06-17 12:25:16',NULL),(1933,139,'Thanks Salvator for sharing and I am sorry it is such a struggle.  Let\'s schedule a call.','0',173,'2020-06-17 08:41:59',1911,'1',173,NULL,'2020-06-17 12:41:59','2020-06-17 12:41:59',NULL),(1934,139,'Let\'s schedule a session in the next 2 days to get ahead of this.  ','0',173,'2020-06-17 08:43:02',0,'1',173,NULL,'2020-06-17 12:43:02','2020-06-17 12:43:02',NULL),(1935,142,'Attended first meeting of BSO.  It was great.','3',189,'2020-06-17 08:45:24',0,'1',189,NULL,'2020-06-17 12:45:24','2020-06-17 12:45:24',NULL),(1936,123,'testing video upload','2',167,'2020-06-17 08:45:30',0,'1',167,NULL,'2020-06-17 12:45:30','2020-06-17 12:45:30',NULL),(1937,123,'testing video upload of an 8mb file (the last was 15mb and did not attach)','1',167,'2020-06-17 08:46:54',0,'1',167,NULL,'2020-06-17 12:46:54','2020-06-17 12:46:54',NULL),(1938,16,'finished and submitted video ','2',157,'2020-06-17 12:03:20',0,'1',157,NULL,'2020-06-17 16:03:20','2020-06-17 16:03:20',NULL),(1939,103,'still continuing to drink all my water ','2',157,'2020-06-17 12:03:47',0,'1',157,NULL,'2020-06-17 16:03:47','2020-06-17 16:03:47',NULL),(1940,64,'i have read 5 extra articles collectively ','3',157,'2020-06-17 12:04:27',0,'1',157,NULL,'2020-06-17 16:04:27','2020-06-17 16:04:27',NULL),(1941,40,'i have read/ listened to 5 extra articles/ podcasts collectively ','3',157,'2020-06-17 12:05:19',0,'1',157,NULL,'2020-06-17 16:05:19','2020-06-17 16:05:19',NULL),(1942,104,'i feel more confident in understanding the language of the book and what terms go with each fold ','2',157,'2020-06-17 12:06:16',0,'1',157,NULL,'2020-06-17 16:06:16','2020-06-17 16:06:16',NULL),(1943,19,'Completed our project! It is now uploaded to youtube ?','2',160,'2020-06-17 15:38:02',0,'1',160,NULL,'2020-06-17 19:38:02','2020-06-17 19:38:02',NULL),(1944,109,'So far I have stretched Monday and Wednesday and feeling way more flexible!','0',160,'2020-06-17 15:38:40',0,'1',160,NULL,'2020-06-17 19:38:40','2020-06-17 19:38:40',NULL),(1945,67,'I have not read any more articles yet','2',160,'2020-06-17 15:39:25',0,'1',160,NULL,'2020-06-17 19:39:25','2020-06-17 19:39:25',NULL),(1946,43,'I have read additional articles (in order to complete the professional development paper), but I am glad it forced me to read more articles outside of what I was initially interested in!','3',160,'2020-06-17 15:40:40',0,'1',160,NULL,'2020-06-17 19:40:40','2020-06-17 19:40:40',NULL),(1947,110,'I ran 8 miles on Monday and Wednesday!','0',160,'2020-06-17 15:41:25',0,'1',160,NULL,'2020-06-17 19:41:25','2020-06-17 19:41:25',NULL),(1948,3,'Presentation is complete and uploaded!','3',144,'2020-06-17 17:17:38',0,'1',144,NULL,'2020-06-17 21:17:38','2020-06-17 21:17:38',NULL),(1949,51,'Total of 5 articles','3',144,'2020-06-17 17:18:04',0,'1',144,NULL,'2020-06-17 21:18:04','2020-06-17 21:18:04',NULL),(1950,27,'Total of 5 articles','3',144,'2020-06-17 17:18:19',0,'1',144,NULL,'2020-06-17 21:18:19','2020-06-17 21:18:19',NULL),(1951,78,'Should finish this week with 15 miles','2',144,'2020-06-17 17:18:48',0,'1',144,NULL,'2020-06-17 21:18:48','2020-06-17 21:18:48',NULL),(1952,77,'Should finish the week with 50 minutes of stretching','2',144,'2020-06-17 17:19:10',0,'1',144,NULL,'2020-06-17 21:19:10','2020-06-17 21:19:10',NULL),(1953,21,'I have already achieved this goal. No new update. ','3',162,'2020-06-17 17:28:40',0,'1',162,NULL,'2020-06-17 21:28:40','2020-06-17 21:28:40',NULL),(1954,114,'Even though I have already reached my goal, I have still continued to journal this week.','4',162,'2020-06-17 17:29:16',0,'1',162,NULL,'2020-06-17 21:29:16','2020-06-17 21:29:16',NULL),(1955,69,'No new update. Already met my goal. ','3',162,'2020-06-17 17:29:42',0,'1',162,NULL,'2020-06-17 21:29:42','2020-06-17 21:29:42',NULL),(1956,45,'No new update. I have already met this goal. ','3',162,'2020-06-17 17:30:10',0,'1',162,NULL,'2020-06-17 21:30:10','2020-06-17 21:30:10',NULL),(1957,45,'This is supposed to be a 2 not a 3','0',162,'2020-06-17 17:30:49',1956,'1',162,NULL,'2020-06-17 21:30:49','2020-06-17 21:30:49',NULL),(1958,113,'Although I have reached my goal, I have continued to run this week. ','2',162,'2020-06-17 17:56:27',0,'1',162,NULL,'2020-06-17 21:56:27','2020-06-17 21:56:27',NULL),(1959,79,'6/14: 7 hours\r\n6/15: 7 hours\r\n6/16: 7.5 hours','2',145,'2020-06-17 21:48:39',0,'1',145,NULL,'2020-06-18 01:48:39','2020-06-18 01:48:39',NULL),(1960,80,'6/15: 3 hours\r\n6/16: 1 hour\r\n6/17: 1 hour','3',145,'2020-06-17 21:49:26',0,'1',145,NULL,'2020-06-18 01:49:26','2020-06-18 01:49:26',NULL),(1961,52,'One additional article post-reflection paper submission\r\nDoman, C. A., Waddell, K. J., Bailey, R. R., Moore, J. L., & Lang, C. E. (2016). Changes in Upper-Extremity','3',145,'2020-06-17 21:53:34',0,'1',145,NULL,'2020-06-18 01:53:34','2020-06-18 01:53:34',NULL),(1962,4,'Advocacy project finished and submitted!','2',145,'2020-06-17 21:54:14',0,'1',145,NULL,'2020-06-18 01:54:14','2020-06-18 01:54:14',NULL),(1963,28,'1 additional article read post-reflective paper submission (definitely the best goal to have completed this semester for both my education and awareness!)\r\n Gibbs, V. D. (2017). Detection and ','3',145,'2020-06-17 21:58:09',0,'1',145,NULL,'2020-06-18 01:58:09','2020-06-18 01:58:09',NULL),(1964,17,'My small peer group and I completed a short video for viewing at our final class!  ','2',158,'2020-06-17 23:18:06',0,'1',158,NULL,'2020-06-18 03:18:06','2020-06-18 03:18:06',NULL),(1965,106,'Reached baseline for this goal ','2',158,'2020-06-17 23:18:54',0,'1',158,NULL,'2020-06-18 03:18:54','2020-06-18 03:18:54',NULL),(1966,105,'Reached baseline for this goal ','2',158,'2020-06-17 23:19:21',0,'1',158,NULL,'2020-06-18 03:19:21','2020-06-18 03:19:21',NULL),(1967,65,'I have read 3 articles related to UE','2',158,'2020-06-17 23:20:02',0,'1',158,NULL,'2020-06-18 03:20:02','2020-06-18 03:20:02',NULL),(1968,41,'I have read 4 articles related to global social issues this semester ','3',158,'2020-06-17 23:20:40',0,'1',158,NULL,'2020-06-18 03:20:40','2020-06-18 03:20:40',NULL),(1969,24,'I plan to share the video sometime this weekend on my Facebook!','3',165,'2020-06-18 07:41:57',0,'1',165,NULL,'2020-06-18 11:41:57','2020-06-18 11:41:57',NULL),(1970,119,'Still drinking 60 oz of water a day!','3',165,'2020-06-18 08:01:39',0,'1',165,NULL,'2020-06-18 12:01:39','2020-06-18 12:01:39',NULL),(1971,72,'I have read 6 articles & have thoroughly enjoyed learning more about the mental health aspect of OT! It is definitely an interest of mine.','3',165,'2020-06-18 08:02:55',0,'1',165,NULL,'2020-06-18 12:02:55','2020-06-18 12:02:55',NULL),(1972,48,'I plan to look into the CommunOT today after my exam in upper extremity!','3',165,'2020-06-18 08:03:32',0,'1',165,NULL,'2020-06-18 12:03:32','2020-06-18 12:03:32',NULL),(1973,120,'I have meditated twice so far this week. One classic meditation and one walking meditation!','2',165,'2020-06-18 08:04:38',0,'1',165,NULL,'2020-06-18 12:04:38','2020-06-18 12:04:38',NULL),(1974,7,'After tracking this goal the duration of the semester, I have met it! ','3',148,'2020-06-18 08:05:24',0,'1',148,NULL,'2020-06-18 12:05:24','2020-06-18 12:05:24',NULL),(1975,86,'I\'ve been tracking this goal since day one and I have been able to remain consistent and meet this goal! ','2',148,'2020-06-18 08:06:13',0,'1',148,NULL,'2020-06-18 12:06:13','2020-06-18 12:06:13',NULL),(1976,55,'I exceeded this goal this semester!','3',148,'2020-06-18 08:06:51',0,'1',148,NULL,'2020-06-18 12:06:51','2020-06-18 12:06:51',NULL),(1977,31,'I was able to achieve above the expected level for this goal. ','3',148,'2020-06-18 08:07:28',0,'1',148,NULL,'2020-06-18 12:07:28','2020-06-18 12:07:28',NULL),(1978,85,'Over the past week, I have still been consistent with this goal even though I reached my expected level! ','2',148,'2020-06-18 08:08:25',0,'1',148,NULL,'2020-06-18 12:08:25','2020-06-18 12:08:25',NULL),(1979,10,'The project is completed and was turned into the dropbox on e-learning last night. ','2',151,'2020-06-18 08:16:04',0,'1',151,NULL,'2020-06-18 12:16:04','2020-06-18 12:16:04',NULL),(1980,91,'So far this week, I exercised on Sunday (6/14), Monday, and Wednesday!','2',151,'2020-06-18 08:18:25',0,'1',151,NULL,'2020-06-18 12:18:25','2020-06-18 12:18:25',NULL),(1981,58,'No additional articles read since Sunday but my paper is complete and turned in!','3',151,'2020-06-18 08:19:30',0,'1',151,NULL,'2020-06-18 12:19:30','2020-06-18 12:19:30',NULL),(1982,34,'No additional articles read since Sunday but my paper is complete and turned in!','3',151,'2020-06-18 08:20:13',0,'1',151,NULL,'2020-06-18 12:20:13','2020-06-18 12:20:13',NULL),(1983,92,'On 6/15 I had four glasses, on 6/16 I had three, on 6/17 I had 4. None yet today but hoping to get it up to four. ','2',151,'2020-06-18 08:21:46',0,'1',151,NULL,'2020-06-18 12:21:46','2020-06-18 12:21:46',NULL),(1984,23,'no changes, maintained this!','2',164,'2020-06-18 10:02:22',0,'1',164,NULL,'2020-06-18 14:02:22','2020-06-18 14:02:22',NULL),(1985,118,'no changes :)','3',164,'2020-06-18 10:02:39',0,'1',164,NULL,'2020-06-18 14:02:39','2020-06-18 14:02:39',NULL),(1986,71,'no changes!','3',164,'2020-06-18 10:02:55',0,'1',164,NULL,'2020-06-18 14:02:55','2020-06-18 14:02:55',NULL),(1987,47,':)','3',164,'2020-06-18 10:03:10',0,'1',164,NULL,'2020-06-18 14:03:10','2020-06-18 14:03:10',NULL),(1988,117,'still wokring and maintaining this!','2',164,'2020-06-18 10:03:33',0,'1',164,NULL,'2020-06-18 14:03:33','2020-06-18 14:03:33',NULL),(1989,6,'Annie and I completed our advocacy video project! :)','2',147,'2020-06-18 11:22:37',0,'1',147,NULL,'2020-06-18 15:22:37','2020-06-18 15:22:37',NULL),(1990,83,'I have continued to drink 5-6 glasses of water. Again, I don\'t know what I\'d do without sparkling water :) I\'m at 30 consecutive days for 5-6 glasses of water! WOOHOO I reached 4!','4',147,'2020-06-18 11:24:49',0,'1',147,NULL,'2020-06-18 15:24:49','2020-06-18 15:24:49',NULL),(1991,54,'I read the CE article on biopsychosocial model of pain! Very interesting!! ?','1',147,'2020-06-18 11:25:52',0,'1',147,NULL,'2020-06-18 15:25:52','2020-06-18 15:25:52',NULL),(1992,30,'I still have only read one article ','1',147,'2020-06-18 11:26:15',0,'1',147,NULL,'2020-06-18 15:26:15','2020-06-18 15:26:15',NULL),(1993,84,'I did yoga today before our UE exam to calm my nerves! Just one more time doing yoga or pilates to achieve my goal :)','0',147,'2020-06-18 11:27:15',0,'1',147,NULL,'2020-06-18 15:27:15','2020-06-18 15:27:15',NULL),(1994,2,'Project is completed, submitted, and ready to be shown to the class on Tuesday!','3',143,'2020-06-18 11:29:33',0,'1',143,NULL,'2020-06-18 15:29:33','2020-06-18 15:29:33',NULL),(1995,76,'Over the summer semester, I have cooked a healthy meal 4 times a week at least 4 of the weeks! I am happy I have reached goal level 3 :)','3',143,'2020-06-18 11:31:13',0,'1',143,NULL,'2020-06-18 15:31:13','2020-06-18 15:31:13',NULL),(1996,50,'Thank you! I enjoyed reading my 4 pediatric articles this semester!','3',143,'2020-06-18 11:31:58',0,'1',143,NULL,'2020-06-18 15:31:58','2020-06-18 15:31:58',NULL),(1997,26,'I am happy that I have reached level 3 attainment for this goal!','3',143,'2020-06-18 11:32:43',0,'1',143,NULL,'2020-06-18 15:32:43','2020-06-18 15:32:43',NULL),(1998,75,'I completed a home exercise program 3 days a week for 4/6 weeks with a combination of cardio with lots of runs/walks, and strength training following exercise videos. Happy with my progress','3',143,'2020-06-18 11:34:32',0,'1',143,NULL,'2020-06-18 15:34:32','2020-06-18 15:34:32',NULL),(1999,14,'Its been done!','3',155,'2020-06-18 11:51:40',0,'1',155,NULL,'2020-06-18 15:51:40','2020-06-18 15:51:40',NULL),(2000,100,'I averaged 3-4 workouts a week for 4/6. ','2',155,'2020-06-18 11:52:47',0,'1',155,NULL,'2020-06-18 15:52:47','2020-06-18 15:52:47',NULL),(2001,62,'no update. ','3',155,'2020-06-18 11:57:52',0,'1',155,NULL,'2020-06-18 15:57:52','2020-06-18 15:57:52',NULL),(2002,99,'I averaged 3 healthy lunches for 4/6 weeks. ','2',155,'2020-06-18 12:00:31',0,'1',155,NULL,'2020-06-18 16:00:31','2020-06-18 16:00:31',NULL),(2003,12,'No change in this goal.','3',153,'2020-06-18 12:30:08',0,'1',153,NULL,'2020-06-18 16:30:08','2020-06-18 16:30:08',NULL),(2004,60,'6 articles total this semester!','3',153,'2020-06-18 12:30:39',0,'1',153,NULL,'2020-06-18 16:30:39','2020-06-18 16:30:39',NULL),(2005,36,'I read 6 total articles about global social issues this semester!','3',153,'2020-06-18 12:31:15',0,'1',153,NULL,'2020-06-18 16:31:15','2020-06-18 16:31:15',NULL),(2006,95,'I ended up journaling 3 times a week for 5/6 weeks this semester!','2',153,'2020-06-18 12:31:56',0,'1',153,NULL,'2020-06-18 16:31:56','2020-06-18 16:31:56',NULL),(2007,96,'By the end of next week I think I will have walked 7,000 steps (or more) for 6/6 weeks this semester!','2',153,'2020-06-18 12:33:14',0,'1',153,NULL,'2020-06-18 16:33:14','2020-06-18 16:33:14',NULL),(2008,9,'On Monday, we turned in our advocacy project! It is a powerpoint with video and voiceover included. ','3',150,'2020-06-18 12:44:15',0,'1',150,NULL,'2020-06-18 16:44:16','2020-06-18 16:44:16',NULL),(2009,90,'Since this is the last goal update, I decided to transfer $50 early!','4',150,'2020-06-18 12:44:58',0,'1',150,NULL,'2020-06-18 16:44:58','2020-06-18 16:44:58',NULL),(2010,57,'All set with articles!','3',150,'2020-06-18 12:47:12',0,'1',150,NULL,'2020-06-18 16:47:12','2020-06-18 16:47:12',NULL),(2011,33,'All set with articles!','3',150,'2020-06-18 12:47:52',0,'1',150,NULL,'2020-06-18 16:47:52','2020-06-18 16:47:52',NULL),(2012,89,'Keeping active outside this week in the nice weather.','2',150,'2020-06-18 12:48:25',0,'1',150,NULL,'2020-06-18 16:48:25','2020-06-18 16:48:25',NULL),(2013,18,'We have submitted our project!','3',159,'2020-06-18 12:53:26',0,'1',159,NULL,'2020-06-18 16:53:26','2020-06-18 16:53:26',NULL),(2014,108,'I have continued to participate in social participation this week (@ least 40 min per day), mostly with studying beside my husband and discussing what I have learned in my online classes. ','3',159,'2020-06-18 12:54:40',0,'1',159,NULL,'2020-06-18 16:54:41','2020-06-18 16:54:41',NULL),(2015,66,'There have been no changes regarding this goal. ','2',159,'2020-06-18 12:55:05',0,'1',159,NULL,'2020-06-18 16:55:05','2020-06-18 16:55:05',NULL),(2016,42,'There have been no changes regarding this goal. ','3',159,'2020-06-18 12:55:26',0,'1',159,NULL,'2020-06-18 16:55:26','2020-06-18 16:55:26',NULL),(2017,107,'Sleep hygiene tips have been followed consistently for more than the last two weeks. I have found this routine change to be very beneficial to my overall-health and mental sharpness.  ','3',159,'2020-06-18 12:56:57',0,'1',159,NULL,'2020-06-18 16:56:57','2020-06-18 16:56:57',NULL),(2018,82,'I am proud of what I was able to accomplish with this goal!!!','3',146,'2020-06-18 13:00:54',0,'1',146,NULL,'2020-06-18 17:00:54','2020-06-18 17:00:54',NULL),(2019,29,'I was glad we had the opportunity to choose our own topics of interest!','3',146,'2020-06-18 13:01:31',0,'1',146,NULL,'2020-06-18 17:01:31','2020-06-18 17:01:31',NULL),(2020,53,'I want to do some additional research in this area prior to my pediatric field work in the spring. ','3',146,'2020-06-18 13:07:32',0,'1',146,NULL,'2020-06-18 17:07:32','2020-06-18 17:07:32',NULL),(2021,5,'No additional updates!','3',146,'2020-06-18 13:08:03',0,'1',146,NULL,'2020-06-18 17:08:03','2020-06-18 17:08:03',NULL),(2022,81,'After calling 4 additional people this week, I was able to move up to level 3 ?','3',146,'2020-06-18 13:08:42',0,'1',146,NULL,'2020-06-18 17:08:42','2020-06-18 17:08:42',NULL),(2023,11,'My group and I chose not to submit our video to an external site. But I am still happy with my attainment of level 3 on this goal!','3',152,'2020-06-18 16:21:52',0,'1',152,NULL,'2020-06-18 20:21:52','2020-06-18 20:21:52',NULL),(2024,94,'I was able to drink at least 41 ounces of water each day for the past 5 weeks which was a vast improvement from the amount I consumed prior to starting this class! ','2',152,'2020-06-18 16:23:35',0,'1',152,NULL,'2020-06-18 20:23:35','2020-06-18 20:23:35',NULL),(2025,15,'My group and I worked hard and submitted our advocacy project!! ','3',156,'2020-06-18 16:24:42',0,'1',156,NULL,'2020-06-18 20:24:42','2020-06-18 20:24:42',NULL),(2026,93,'I have been maintaining my medication compliance thanks to this assignment. I have also gotten much better at taking my meds on the weekends, yay!','2',152,'2020-06-18 16:25:35',0,'1',152,NULL,'2020-06-18 20:25:35','2020-06-18 20:25:35',NULL),(2027,63,'I feel that after reading 6 articles that pertained to occupational therapy with the geriatric population, that I am more prepared going into my level 1 fieldwork!! ','3',156,'2020-06-18 16:25:58',0,'1',156,NULL,'2020-06-18 20:25:58','2020-06-18 20:25:58',NULL),(2028,59,'After writing my final reflection paper I really realize how much I have learned reading all of these articles. I am thankful I got this extra knowledge before starting my fieldwork.','3',152,'2020-06-18 16:27:02',0,'1',152,NULL,'2020-06-18 20:27:02','2020-06-18 20:27:02',NULL),(2029,39,'Reading 4 articles on different global social issues taught me a lot about the bigger picture issues that I will deal with as an occupational therapist in the future!! ','3',156,'2020-06-18 16:27:35',0,'1',156,NULL,'2020-06-18 20:27:35','2020-06-18 20:27:35',NULL),(2030,101,'Very thankful that I am now in the habit of journaling several times a week! As said before, I cannot wait to share this strategy with clients and peers! ','3',156,'2020-06-18 16:28:27',0,'1',156,NULL,'2020-06-18 20:28:27','2020-06-18 20:28:27',NULL),(2031,35,'I wish I had more time to learn more about global social issues. Reading these articles was the highlight of this class for me!','4',152,'2020-06-18 16:29:10',0,'1',152,NULL,'2020-06-18 20:29:10','2020-06-18 20:29:10',NULL),(2032,102,'I ran 6 or more days a week pretty consistently this semester! I am very grateful for this opportunity to document my progress.  Looking forward to see what I do in this ongoing process! ','3',156,'2020-06-18 16:30:46',0,'1',156,NULL,'2020-06-18 20:30:46','2020-06-18 20:30:46',NULL),(2033,20,'video has been completed, uploaded, and shared. ','4',161,'2020-06-18 18:24:45',0,'1',161,NULL,'2020-06-18 22:24:45','2020-06-18 22:24:45',NULL),(2034,68,'Still the same as last update!','3',161,'2020-06-18 18:25:21',0,'1',161,NULL,'2020-06-18 22:25:22','2020-06-18 22:25:22',NULL),(2035,44,'have completed 6 resources!','3',161,'2020-06-18 18:25:58',0,'1',161,NULL,'2020-06-18 22:25:58','2020-06-18 22:25:58',NULL),(2036,111,'have eaten about 1400-1500 calories per day for 4 weeks!','2',161,'2020-06-18 18:26:39',0,'1',161,NULL,'2020-06-18 22:26:39','2020-06-18 22:26:39',NULL),(2037,112,'I have stretched after every workout for a week but have done it 4x for 4/6 weeks. ','2',161,'2020-06-18 18:27:34',0,'1',161,NULL,'2020-06-18 22:27:34','2020-06-18 22:27:34',NULL),(2038,116,'I counted up my days and I have exceeded 25 days of drinking 80 oz of water','2',163,'2020-06-18 18:33:46',0,'1',163,NULL,'2020-06-18 22:33:46','2020-06-18 22:33:46',NULL),(2039,115,'I was able to walk 4 miles twice a week for 3/5 weeks','1',163,'2020-06-18 18:34:55',0,'1',163,NULL,'2020-06-18 22:34:55','2020-06-18 22:34:55',NULL),(2040,70,'I did end up reading 2 more articles but did not take the quiz for them, it was just pleasure reading out of interest','3',163,'2020-06-18 18:36:00',0,'1',163,NULL,'2020-06-18 22:36:00','2020-06-18 22:36:00',NULL),(2041,70,'I    last update was on the wrong goal, I  did not read any more articles on childhood trauma','2',163,'2020-06-18 18:36:47',0,'1',163,NULL,'2020-06-18 22:36:47','2020-06-18 22:36:47',NULL),(2042,46,'I did end up reading 2 more articles but did not take the quiz for them, it was just pleasure reading out of interest','3',163,'2020-06-18 18:37:02',0,'1',163,NULL,'2020-06-18 22:37:02','2020-06-18 22:37:02',NULL),(2043,22,'My group project has been turned in','2',163,'2020-06-18 18:37:40',0,'1',163,NULL,'2020-06-18 22:37:40','2020-06-18 22:37:40',NULL),(2044,79,'6/17: 7.5 hours','2',145,'2020-06-18 20:43:27',0,'1',145,NULL,'2020-06-19 00:43:27','2020-06-19 00:43:27',NULL),(2045,80,'6/18: 1 hour','3',145,'2020-06-18 20:44:24',0,'1',145,NULL,'2020-06-19 00:44:24','2020-06-19 00:44:24',NULL),(2046,28,'no additional articles read','3',145,'2020-06-18 20:44:59',0,'1',145,NULL,'2020-06-19 00:44:59','2020-06-19 00:44:59',NULL),(2047,52,'no additional articles read','3',145,'2020-06-18 20:45:15',0,'1',145,NULL,'2020-06-19 00:45:15','2020-06-19 00:45:15',NULL),(2048,4,'project finished and submitted','2',145,'2020-06-18 20:45:55',0,'1',145,NULL,'2020-06-19 00:45:55','2020-06-19 00:45:55',NULL),(2049,1,'My group and I finished a short video to show at the final class for our advocacy project! ?','2',142,'2020-06-19 05:03:54',0,'1',142,NULL,'2020-06-19 09:03:54','2020-06-19 09:03:54',NULL),(2050,74,'This goal was fully achieved and was transformed into a habit! ??','4',142,'2020-06-19 05:06:11',0,'1',142,NULL,'2020-06-19 09:06:11','2020-06-19 09:06:11',NULL),(2051,49,'No additional articles read. ','3',142,'2020-06-19 05:07:22',0,'1',142,NULL,'2020-06-19 09:07:22','2020-06-19 09:07:22',NULL),(2052,25,'No additional articles read. ','3',142,'2020-06-19 05:07:55',0,'1',142,NULL,'2020-06-19 09:07:55','2020-06-19 09:07:55',NULL),(2053,73,'I am thrilled I achieved this goal and it\'s amazing how much progress I have made since I started! Working out at least 4 days out of the week is just a habit for me now! ?','4',142,'2020-06-19 05:11:15',0,'1',142,NULL,'2020-06-19 09:11:15','2020-06-19 09:11:15',NULL),(2054,13,'Completed','4',154,'2020-06-19 09:54:21',0,'1',154,NULL,'2020-06-19 13:54:21','2020-06-19 13:54:21',NULL),(2055,98,'Continuing goal ','4',154,'2020-06-19 09:54:44',0,'1',154,NULL,'2020-06-19 13:54:44','2020-06-19 13:54:44',NULL),(2056,97,'198.3','3',154,'2020-06-19 09:55:09',0,'1',154,NULL,'2020-06-19 13:55:09','2020-06-19 13:55:09',NULL),(2057,61,'Goal Obtained ','4',154,'2020-06-19 09:56:06',0,'1',154,NULL,'2020-06-19 13:56:06','2020-06-19 13:56:06',NULL),(2058,37,'Commented on CommunOT board post about racial injustice','4',154,'2020-06-19 10:20:25',0,'1',154,NULL,'2020-06-19 14:20:25','2020-06-19 14:20:25',NULL),(2059,20,'Way to rock it!!','4',141,'2020-06-19 13:13:19',0,'1',141,NULL,'2020-06-19 17:13:19','2020-06-19 17:13:19',NULL),(2060,44,'Great job on this goal this semester!','3',141,'2020-06-19 13:13:46',0,'1',141,NULL,'2020-06-19 17:13:46','2020-06-19 17:13:46',NULL),(2061,68,'Excellent work:)','3',141,'2020-06-19 13:14:06',0,'1',141,NULL,'2020-06-19 17:14:06','2020-06-19 17:14:06',NULL),(2062,111,'Way to meet your goal!!','2',141,'2020-06-19 13:14:26',0,'1',141,NULL,'2020-06-19 17:14:26','2020-06-19 17:14:26',NULL),(2063,112,'nicely done:)','2',141,'2020-06-19 13:14:51',0,'1',141,NULL,'2020-06-19 17:14:51','2020-06-19 17:14:51',NULL),(2064,10,'congratulations on achieving your goal!','2',141,'2020-06-19 13:15:29',0,'1',141,NULL,'2020-06-19 17:15:29','2020-06-19 17:15:29',NULL),(2065,34,'You\'ve done a great job with this goal this semester.','3',141,'2020-06-19 13:15:52',0,'1',141,NULL,'2020-06-19 17:15:52','2020-06-19 17:15:52',NULL),(2066,58,'awesome!','3',141,'2020-06-19 13:16:12',0,'1',141,NULL,'2020-06-19 17:16:12','2020-06-19 17:16:12',NULL),(2067,91,'Congratulations on achieving your exercise goal!','2',141,'2020-06-19 13:16:46',0,'1',141,NULL,'2020-06-19 17:16:46','2020-06-19 17:16:46',NULL),(2068,92,'Great work achieving this goal, too!','2',141,'2020-06-19 13:17:14',0,'1',141,NULL,'2020-06-19 17:17:14','2020-06-19 17:17:14',NULL),(2069,11,'Well done!','3',141,'2020-06-19 13:18:08',0,'1',141,NULL,'2020-06-19 17:18:08','2020-06-19 17:18:08',NULL),(2070,35,'I\'m so glad to hear this-you have your whole life ahead to continue this learning:)','4',141,'2020-06-19 13:18:43',0,'1',141,NULL,'2020-06-19 17:18:43','2020-06-19 17:18:43',NULL),(2071,59,'When I was a student, I thought I needed my professor to feed me all the info-this self-directed research IS more meaningful! Great job!','3',141,'2020-06-19 13:20:03',0,'1',141,NULL,'2020-06-19 17:20:03','2020-06-19 17:20:03',NULL),(2072,93,'You\'ve done a great job on maintaining this goal achievement this semester!','2',141,'2020-06-19 13:20:49',0,'1',141,NULL,'2020-06-19 17:20:49','2020-06-19 17:20:49',NULL),(2073,94,'You made it-way to hang in there to achieve this goal!','2',141,'2020-06-19 13:21:20',0,'1',141,NULL,'2020-06-19 17:21:20','2020-06-19 17:21:20',NULL),(2074,15,'Yahoo!','3',141,'2020-06-19 13:21:53',0,'1',141,NULL,'2020-06-19 17:21:53','2020-06-19 17:21:53',NULL),(2075,39,'You\'ve done a great job on this goal this semester!','3',141,'2020-06-19 13:22:24',0,'1',141,NULL,'2020-06-19 17:22:24','2020-06-19 17:22:24',NULL),(2076,63,'You ARE ready!','3',141,'2020-06-19 13:22:48',0,'1',141,NULL,'2020-06-19 17:22:48','2020-06-19 17:22:48',NULL),(2077,101,'You\'ve rocked this goal this semester?','3',141,'2020-06-19 13:23:20',0,'1',141,NULL,'2020-06-19 17:23:20','2020-06-19 17:23:20',NULL),(2078,102,'Way to keep this going!!','3',141,'2020-06-19 13:23:49',0,'1',141,NULL,'2020-06-19 17:23:49','2020-06-19 17:23:49',NULL),(2079,9,'Yahoo!!','3',141,'2020-06-19 13:24:18',0,'1',141,NULL,'2020-06-19 17:24:18','2020-06-19 17:24:18',NULL),(2080,33,'Feels good, doesn\'t it? Nicely done!','3',141,'2020-06-19 13:24:45',0,'1',141,NULL,'2020-06-19 17:24:45','2020-06-19 17:24:45',NULL),(2081,57,'Excellent work this semester!','3',141,'2020-06-19 13:25:12',0,'1',141,NULL,'2020-06-19 17:25:12','2020-06-19 17:25:12',NULL),(2082,89,'Glad you can keep up this goal behavior!','2',141,'2020-06-19 13:25:53',0,'1',141,NULL,'2020-06-19 17:25:53','2020-06-19 17:25:53',NULL),(2083,90,'I am really proud of your discipline and commitment to exceeding this goal!','4',141,'2020-06-19 13:26:42',0,'1',141,NULL,'2020-06-19 17:26:42','2020-06-19 17:26:42',NULL),(2084,13,'Yahoo!','4',141,'2020-06-19 13:27:15',0,'1',141,NULL,'2020-06-19 17:27:15','2020-06-19 17:27:15',NULL),(2085,37,'Way to go all the way on this one-CommunOT is a great resource.','4',141,'2020-06-19 13:27:55',0,'1',141,NULL,'2020-06-19 17:27:55','2020-06-19 17:27:55',NULL),(2086,61,'You are a goal exceeding rock star?','4',141,'2020-06-19 13:28:38',0,'1',141,NULL,'2020-06-19 17:28:38','2020-06-19 17:28:38',NULL),(2087,97,'nicely done!','3',141,'2020-06-19 13:28:57',0,'1',141,NULL,'2020-06-19 17:28:57','2020-06-19 17:28:57',NULL),(2088,98,'awesome! I hope you are feeling healthier as a result!','4',141,'2020-06-19 13:29:41',0,'1',141,NULL,'2020-06-19 17:29:41','2020-06-19 17:29:41',NULL),(2089,19,'Way to meet your goal!','2',141,'2020-06-19 13:30:10',0,'1',141,NULL,'2020-06-19 17:30:10','2020-06-19 17:30:10',NULL),(2090,43,'I\'m glad that worked for you!','3',141,'2020-06-19 13:30:43',0,'1',141,NULL,'2020-06-19 17:30:43','2020-06-19 17:30:43',NULL),(2091,67,'nicely done!','2',141,'2020-06-19 13:31:01',0,'1',141,NULL,'2020-06-19 17:31:01','2020-06-19 17:31:01',NULL),(2092,109,'It sounds like you reached \"1\" but possibly not for the sustained 4 weeks? Regardless, kudos for keeping on it and feeling the benefit!','0',141,'2020-06-19 13:32:31',0,'1',141,NULL,'2020-06-19 17:32:31','2020-06-19 17:32:31',NULL),(2093,110,'Is this correct score? You are running a lot!','0',141,'2020-06-19 13:33:37',0,'1',141,NULL,'2020-06-19 17:33:37','2020-06-19 17:33:37',NULL),(2094,24,'Excellent!','3',141,'2020-06-19 13:34:12',0,'1',141,NULL,'2020-06-19 17:34:12','2020-06-19 17:34:12',NULL),(2095,48,'Nice job on this goal this semester!','3',141,'2020-06-19 13:35:14',0,'1',141,NULL,'2020-06-19 17:35:14','2020-06-19 17:35:14',NULL),(2096,72,'nicely done?','3',141,'2020-06-19 13:35:48',0,'1',141,NULL,'2020-06-19 17:35:48','2020-06-19 17:35:48',NULL),(2097,119,'Keep it up! Especially in this heat:)','3',141,'2020-06-19 13:36:26',0,'1',141,NULL,'2020-06-19 17:36:26','2020-06-19 17:36:26',NULL),(2098,120,'Well done!','2',141,'2020-06-19 13:36:57',0,'1',141,NULL,'2020-06-19 17:36:57','2020-06-19 17:36:57',NULL),(2099,23,'you\'ve done well with this goal:)','2',141,'2020-06-19 13:37:32',0,'1',141,NULL,'2020-06-19 17:37:32','2020-06-19 17:37:32',NULL),(2100,47,'Way to maintain!','3',141,'2020-06-19 13:37:54',0,'1',141,NULL,'2020-06-19 17:37:55','2020-06-19 17:37:55',NULL),(2101,71,'yay!','3',141,'2020-06-19 13:38:16',0,'1',141,NULL,'2020-06-19 17:38:16','2020-06-19 17:38:16',NULL),(2102,117,'well done!','2',141,'2020-06-19 13:38:36',0,'1',141,NULL,'2020-06-19 17:38:36','2020-06-19 17:38:36',NULL),(2103,118,'excellent progress!','3',141,'2020-06-19 13:39:07',0,'1',141,NULL,'2020-06-19 17:39:07','2020-06-19 17:39:07',NULL),(2104,4,'Way to meet your goal!','2',141,'2020-06-19 13:39:49',0,'1',141,NULL,'2020-06-19 17:39:49','2020-06-19 17:39:49',NULL),(2105,28,'You already rocked this goal:)','3',141,'2020-06-19 13:40:19',0,'1',141,NULL,'2020-06-19 17:40:19','2020-06-19 17:40:19',NULL),(2106,52,'another goal already rocked:)','3',141,'2020-06-19 13:40:43',0,'1',141,NULL,'2020-06-19 17:40:43','2020-06-19 17:40:43',NULL),(2107,79,'great job tracking progress and meeting this goal this semester:)','2',141,'2020-06-19 13:41:13',0,'1',141,NULL,'2020-06-19 17:41:13','2020-06-19 17:41:13',NULL),(2108,80,'You did a great job with this goal!','3',141,'2020-06-19 13:41:44',0,'1',141,NULL,'2020-06-19 17:41:44','2020-06-19 17:41:44',NULL),(2109,8,'Yahoo!','2',141,'2020-06-19 13:42:19',0,'1',141,NULL,'2020-06-19 17:42:19','2020-06-19 17:42:19',NULL),(2110,32,'But an excellent effort this semester exceeding this goal:)','3',141,'2020-06-19 13:42:52',0,'1',141,NULL,'2020-06-19 17:42:52','2020-06-19 17:42:52',NULL),(2111,56,'Nicely done this semester, even without exceeding this level!','2',141,'2020-06-19 13:43:28',0,'1',141,NULL,'2020-06-19 17:43:28','2020-06-19 17:43:28',NULL),(2112,87,'Hooray for new habits!!','3',141,'2020-06-19 13:43:50',0,'1',141,NULL,'2020-06-19 17:43:50','2020-06-19 17:43:50',NULL),(2113,88,'Nice!','4',141,'2020-06-19 13:44:18',0,'1',141,NULL,'2020-06-19 17:44:18','2020-06-19 17:44:18',NULL),(2114,14,'?','3',141,'2020-06-19 13:44:56',0,'1',141,NULL,'2020-06-19 17:44:56','2020-06-19 17:44:56',NULL),(2115,38,'no update from you for 6/18','3',141,'2020-06-19 13:46:20',0,'1',141,NULL,'2020-06-19 17:46:20','2020-06-19 17:46:20',NULL),(2116,99,'nicely done!','2',141,'2020-06-19 13:47:36',0,'1',141,NULL,'2020-06-19 17:47:36','2020-06-19 17:47:36',NULL),(2117,100,'Way to meet this goal!','2',141,'2020-06-19 13:47:56',0,'1',141,NULL,'2020-06-19 17:47:56','2020-06-19 17:47:56',NULL),(2118,21,'?','3',141,'2020-06-19 13:48:38',0,'1',141,NULL,'2020-06-19 17:48:38','2020-06-19 17:48:38',NULL),(2119,45,'you did a great job on this research!','3',141,'2020-06-19 13:49:06',0,'1',141,NULL,'2020-06-19 17:49:06','2020-06-19 17:49:06',NULL),(2120,69,'?','3',141,'2020-06-19 13:49:32',0,'1',141,NULL,'2020-06-19 17:49:32','2020-06-19 17:49:32',NULL),(2121,113,'Way to keep going!','2',141,'2020-06-19 13:49:52',0,'1',141,NULL,'2020-06-19 17:49:52','2020-06-19 17:49:52',NULL),(2122,114,'You have rocked this goal out of the park! ','4',141,'2020-06-19 13:50:20',0,'1',141,NULL,'2020-06-19 17:50:21','2020-06-19 17:50:21',NULL),(2123,18,'Yahoo!','3',141,'2020-06-19 13:50:49',0,'1',141,NULL,'2020-06-19 17:50:49','2020-06-19 17:50:49',NULL),(2124,42,'Nicely done this semester!','3',141,'2020-06-19 13:51:10',0,'1',141,NULL,'2020-06-19 17:51:10','2020-06-19 17:51:10',NULL),(2125,66,'?','2',141,'2020-06-19 13:51:36',0,'1',141,NULL,'2020-06-19 17:51:36','2020-06-19 17:51:36',NULL),(2126,107,'Excellent way to build and maintain this new habit!','3',141,'2020-06-19 13:52:12',0,'1',141,NULL,'2020-06-19 17:52:12','2020-06-19 17:52:12',NULL),(2127,108,'well done:)','3',141,'2020-06-19 13:52:31',0,'1',141,NULL,'2020-06-19 17:52:31','2020-06-19 17:52:31',NULL),(2128,2,'Can\'t wait!','3',141,'2020-06-19 13:53:09',0,'1',141,NULL,'2020-06-19 17:53:09','2020-06-19 17:53:09',NULL),(2129,26,'You did a great job this semester on exceeding this goal.','3',141,'2020-06-19 13:53:42',0,'1',141,NULL,'2020-06-19 17:53:42','2020-06-19 17:53:42',NULL),(2130,50,'nicely done!','3',141,'2020-06-19 13:54:11',0,'1',141,NULL,'2020-06-19 17:54:11','2020-06-19 17:54:11',NULL),(2131,75,'Way to rock this goal!!!','3',141,'2020-06-19 13:54:35',0,'1',141,NULL,'2020-06-19 17:54:35','2020-06-19 17:54:35',NULL),(2132,76,'You really hung in there on this goal and exceeded expectations-congratulations!','3',141,'2020-06-19 13:55:15',0,'1',141,NULL,'2020-06-19 17:55:15','2020-06-19 17:55:15',NULL),(2133,6,'Yahoo!','2',141,'2020-06-19 13:55:51',0,'1',141,NULL,'2020-06-19 17:55:51','2020-06-19 17:55:51',NULL),(2134,30,'Hope you can continue to read more as you can.','1',141,'2020-06-19 13:56:31',0,'1',141,NULL,'2020-06-19 17:56:31','2020-06-19 17:56:31',NULL),(2135,54,'Good to hear! ','1',141,'2020-06-19 13:57:19',0,'1',141,NULL,'2020-06-19 17:57:19','2020-06-19 17:57:19',NULL),(2136,83,'You rocked this goal all the way!! ','4',141,'2020-06-19 13:57:47',0,'1',141,NULL,'2020-06-19 17:57:47','2020-06-19 17:57:47',NULL),(2137,84,'You can do this!','0',141,'2020-06-19 13:58:14',0,'1',141,NULL,'2020-06-19 17:58:14','2020-06-19 17:58:14',NULL),(2138,17,'Can\'t wait!','2',141,'2020-06-19 13:59:59',0,'1',141,NULL,'2020-06-19 17:59:59','2020-06-19 17:59:59',NULL),(2139,41,'Nicely done this semester on this goal','3',141,'2020-06-19 14:00:26',0,'1',141,NULL,'2020-06-19 18:00:26','2020-06-19 18:00:26',NULL),(2140,65,'Great job meeting your goal this semester!','2',141,'2020-06-19 14:00:50',0,'1',141,NULL,'2020-06-19 18:00:50','2020-06-19 18:00:50',NULL),(2141,105,'?','2',141,'2020-06-19 14:01:16',0,'1',141,NULL,'2020-06-19 18:01:16','2020-06-19 18:01:16',NULL),(2142,106,'Way to go!','2',141,'2020-06-19 14:01:39',0,'1',141,NULL,'2020-06-19 18:01:39','2020-06-19 18:01:39',NULL),(2143,3,'Yahoo!','3',141,'2020-06-19 14:02:10',0,'1',141,NULL,'2020-06-19 18:02:10','2020-06-19 18:02:10',NULL),(2144,27,'Nicely done this semester!','3',141,'2020-06-19 14:02:38',0,'1',141,NULL,'2020-06-19 18:02:38','2020-06-19 18:02:38',NULL),(2145,51,'?','3',141,'2020-06-19 14:03:03',0,'1',141,NULL,'2020-06-19 18:03:03','2020-06-19 18:03:03',NULL),(2146,77,'way to bring it home!','2',141,'2020-06-19 14:03:43',0,'1',141,NULL,'2020-06-19 18:03:43','2020-06-19 18:03:43',NULL),(2147,78,'well done!','2',141,'2020-06-19 14:04:05',0,'1',141,NULL,'2020-06-19 18:04:05','2020-06-19 18:04:05',NULL),(2148,12,'Nicely done!','3',141,'2020-06-19 14:07:44',0,'1',141,NULL,'2020-06-19 18:07:44','2020-06-19 18:07:44',NULL),(2149,36,'You really did a nice job on your self-directed research!','3',141,'2020-06-19 14:08:24',0,'1',141,NULL,'2020-06-19 18:08:24','2020-06-19 18:08:24',NULL),(2150,60,'Rock star!','3',141,'2020-06-19 14:08:44',0,'1',141,NULL,'2020-06-19 18:08:44','2020-06-19 18:08:44',NULL),(2151,95,'Even better! Way to go!','2',141,'2020-06-19 14:09:34',0,'1',141,NULL,'2020-06-19 18:09:34','2020-06-19 18:09:34',NULL),(2152,96,'Keep it going!','2',141,'2020-06-19 14:10:00',0,'1',141,NULL,'2020-06-19 18:10:00','2020-06-19 18:10:00',NULL),(2153,16,'Yahoo!','2',141,'2020-06-19 14:10:34',0,'1',141,NULL,'2020-06-19 18:10:34','2020-06-19 18:10:34',NULL),(2154,40,'You\'ve done a great job exceeding this goal this semester:)','3',141,'2020-06-19 14:11:07',0,'1',141,NULL,'2020-06-19 18:11:07','2020-06-19 18:11:07',NULL),(2155,64,'?','3',141,'2020-06-19 14:11:40',0,'1',141,NULL,'2020-06-19 18:11:40','2020-06-19 18:11:40',NULL),(2156,103,'keep drinking in this heat!','2',141,'2020-06-19 14:12:04',0,'1',141,NULL,'2020-06-19 18:12:04','2020-06-19 18:12:04',NULL),(2157,104,'This was a fun goal; I\'m glad you chose it and have learned a new therapeutic activity to use with clients.','2',141,'2020-06-19 14:13:02',0,'1',141,NULL,'2020-06-19 18:13:02','2020-06-19 18:13:02',NULL),(2158,22,'Yahoo!','2',141,'2020-06-19 14:13:31',0,'1',141,NULL,'2020-06-19 18:13:31','2020-06-19 18:13:31',NULL),(2159,46,'Nice!','3',141,'2020-06-19 14:13:54',0,'1',141,NULL,'2020-06-19 18:13:54','2020-06-19 18:13:54',NULL),(2160,70,'oops; points for honesty:)','2',141,'2020-06-19 14:14:33',0,'1',141,NULL,'2020-06-19 18:14:33','2020-06-19 18:14:33',NULL),(2161,115,'That\'s a great start-keep going!','1',141,'2020-06-19 14:15:03',0,'1',141,NULL,'2020-06-19 18:15:03','2020-06-19 18:15:03',NULL),(2162,116,'Way to meet this goal!','2',141,'2020-06-19 14:15:27',0,'1',141,NULL,'2020-06-19 18:15:27','2020-06-19 18:15:27',NULL),(2163,25,'You\'ve done a great job this semester on this goal.','3',141,'2020-06-19 14:16:08',0,'1',141,NULL,'2020-06-19 18:16:08','2020-06-19 18:16:08',NULL),(2164,1,'Yahoo!','2',141,'2020-06-19 14:16:27',0,'1',141,NULL,'2020-06-19 18:16:27','2020-06-19 18:16:27',NULL),(2165,49,'well done!','3',141,'2020-06-19 14:16:46',0,'1',141,NULL,'2020-06-19 18:16:46','2020-06-19 18:16:46',NULL),(2166,73,'Rock star of maintaining this healthy habit!!!','4',141,'2020-06-19 14:17:39',0,'1',141,NULL,'2020-06-19 18:17:39','2020-06-19 18:17:39',NULL),(2167,74,'AMAZING!!','4',141,'2020-06-19 14:18:02',0,'1',141,NULL,'2020-06-19 18:18:02','2020-06-19 18:18:02',NULL),(2168,7,'Great job tracking this exceeded goal!','3',141,'2020-06-19 14:18:38',0,'1',141,NULL,'2020-06-19 18:18:38','2020-06-19 18:18:38',NULL),(2169,31,'You did a great job on this goal','3',141,'2020-06-19 14:19:00',0,'1',141,NULL,'2020-06-19 18:19:00','2020-06-19 18:19:00',NULL),(2170,55,'You rocked it!','3',141,'2020-06-19 14:19:23',0,'1',141,NULL,'2020-06-19 18:19:23','2020-06-19 18:19:23',NULL),(2171,85,'Way to maintain!!','2',141,'2020-06-19 14:19:51',0,'1',141,NULL,'2020-06-19 18:19:51','2020-06-19 18:19:51',NULL),(2172,86,'You did it-congratulations!','2',141,'2020-06-19 14:20:14',0,'1',141,NULL,'2020-06-19 18:20:14','2020-06-19 18:20:14',NULL),(2173,5,'You did great on this goal this semester!','3',141,'2020-06-19 14:20:51',0,'1',141,NULL,'2020-06-19 18:20:51','2020-06-19 18:20:51',NULL),(2174,29,'Nice to hear!','3',141,'2020-06-19 14:21:15',0,'1',141,NULL,'2020-06-19 18:21:15','2020-06-19 18:21:15',NULL),(2175,53,'That\'s a great idea! Now you have a better idea of where to look.','3',141,'2020-06-19 14:22:06',0,'1',141,NULL,'2020-06-19 18:22:06','2020-06-19 18:22:06',NULL),(2176,81,'Nicely done!!','3',141,'2020-06-19 14:22:38',0,'1',141,NULL,'2020-06-19 18:22:38','2020-06-19 18:22:38',NULL),(2177,82,'I am proud of you, too! ','3',141,'2020-06-19 14:23:27',0,'1',141,NULL,'2020-06-19 18:23:27','2020-06-19 18:23:27',NULL),(2178,138,'Great to hear that you might volunteer regularly at MWC.  Make sure to check in with Don Jones; he has alot of knowledge about OT services for this population.?licious awesomeness.','3',173,'2020-06-24 08:22:05',0,'1',173,NULL,'2020-06-24 12:22:05','2020-06-24 12:22:05',NULL),(2179,138,'Good for you.  What a great connection.','0',173,'2020-06-24 08:23:12',1910,'1',173,NULL,'2020-06-24 12:23:12','2020-06-24 12:23:12',NULL),(2180,138,'kglkfsdf\'dskg;ds','3',173,'2020-06-24 08:23:44',0,'1',173,NULL,'2020-06-24 12:23:44','2020-06-24 12:23:44',NULL),(2181,141,'You talked in class about using mindfulness every day for the last week.  How is that going?  Sounds like a helpful habit.','2',173,'2020-06-24 08:28:42',0,'1',173,NULL,'2020-06-24 12:28:42','2020-06-24 12:28:42',NULL),(2182,138,'It sounds like your volunteering at MWC is going well.  Good for you for finding your place.','3',173,'2020-06-24 12:23:05',0,'1',173,NULL,'2020-06-24 16:23:05','2020-06-24 16:23:05',NULL),(2183,131,'test with mac','0',1,'2020-06-26 09:44:35',0,'1',1,NULL,'2020-06-26 13:44:35','2020-06-26 13:44:35',NULL),(2184,131,'second text with excel','0',1,'2020-06-26 09:49:14',2183,'1',1,NULL,'2020-06-26 13:49:14','2020-06-26 13:49:14',NULL),(2185,144,'At our last visit you mentioned you had progressed to touching your knees, and were practicing that 4 times a day.  Good progress.?','1',171,'2020-06-29 08:17:13',0,'1',171,NULL,'2020-06-29 12:17:13','2020-06-29 12:17:13',NULL),(2186,145,'I know getting out with friends is especially challenging with COVID.  Should we also count video interactions?','0',171,'2020-06-29 08:18:41',0,'1',171,NULL,'2020-06-29 12:18:41','2020-06-29 12:18:41',NULL),(2187,136,'Good for you for attending the APA webinar.  What did you learn?','1',171,'2020-06-29 08:19:19',0,'1',171,NULL,'2020-06-29 12:19:19','2020-06-29 12:19:19',NULL),(2188,136,'It was actually amazing.  I have started to go out more by using mindfulness ahead of time to manage my fears.','0',174,'2020-06-29 08:21:19',2187,'1',174,NULL,'2020-06-29 12:21:19','2020-06-29 12:21:19',NULL),(2189,136,'Went out with a friend.  I decided to leave a little early, but overall OK.?','2',174,'2020-06-29 08:21:50',0,'1',174,NULL,'2020-06-29 12:21:50','2020-06-29 12:21:50',NULL),(2190,145,'I just don\'t think I can do it yet.  What if I get sick?','0',174,'2020-06-29 08:22:31',0,'1',174,NULL,'2020-06-29 12:22:31','2020-06-29 12:22:31',NULL),(2191,126,'How are the meetings going?  It sounds like you found a good virtual meeting that you liked.?','2',2,'2020-07-21 16:23:12',0,'1',2,NULL,'2020-07-21 20:23:12','2020-07-21 20:23:12',NULL),(2192,148,'Day 1:  NO PROGRESS','0',197,'2020-07-27 15:37:33',0,'1',197,NULL,'2020-07-27 19:37:33','2020-07-27 19:37:33',NULL),(2193,148,'Day 2: Get through the PowerPoint and get some questions ready to ask Brad. ','1',197,'2020-07-27 15:38:49',0,'1',197,NULL,'2020-07-27 19:38:49','2020-07-27 19:38:49',NULL),(2194,148,'Day 3: Use some of the answers Brad gave to make some new ideas that you help with the prosperity of the company. Made 5 ideas! Bring some more insight and suggestions.','2',197,'2020-07-27 15:40:13',0,'1',197,NULL,'2020-07-27 19:40:13','2020-07-27 19:40:13',NULL),(2195,148,'Day 4: Still work of ideas and insight.','2',197,'2020-07-27 15:40:40',0,'1',197,NULL,'2020-07-27 19:40:40','2020-07-27 19:40:40',NULL),(2196,148,'Day 5: Had a video Conference with Brad.','3',197,'2020-07-27 15:41:07',0,'1',197,NULL,'2020-07-27 19:41:07','2020-07-27 19:41:07',NULL),(2197,148,'Day 6: Using the conversation with Brad to make some last-minute changes on the insight and idea for the presentation. ','2',197,'2020-07-27 15:42:21',0,'1',197,NULL,'2020-07-27 19:42:21','2020-07-27 19:42:21',NULL),(2198,148,'Day 7: Made the change in the presentation and is ready to present to investors.','4',197,'2020-07-27 15:42:57',0,'1',197,NULL,'2020-07-27 19:42:57','2020-07-27 19:42:57',NULL),(2199,148,'Day 1: NO PROGRESS','0',199,'2020-07-27 15:54:48',0,'1',199,NULL,'2020-07-27 19:54:48','2020-07-27 19:54:48',NULL),(2200,148,'Day 2: NO PROGRESS','0',199,'2020-07-27 15:55:13',0,'1',199,NULL,'2020-07-27 19:55:13','2020-07-27 19:55:13',NULL),(2201,148,'Day 3: Project Complete ','4',199,'2020-07-27 15:55:32',0,'1',199,NULL,'2020-07-27 19:55:32','2020-07-27 19:55:32',NULL),(2202,147,'Have images and content for all different 1-pagers','1',198,'2020-07-27 22:45:56',0,'1',198,NULL,'2020-07-28 02:45:56','2020-07-28 02:45:56',NULL),(2203,147,'Created a education 1-pager with images and content','2',198,'2020-07-27 22:46:32',0,'1',198,NULL,'2020-07-28 02:46:32','2020-07-28 02:46:32',NULL),(2204,147,'Created a business/organization 1-pager with images and content','2',198,'2020-07-27 22:47:29',0,'1',198,NULL,'2020-07-28 02:47:29','2020-07-28 02:47:29',NULL),(2205,147,'Great job! Keep up the good work!','0',196,'2020-07-27 22:52:54',2204,'1',196,NULL,'2020-07-28 02:52:54','2020-07-28 02:52:54',NULL),(2206,147,'Great job! Do you need advice or help with anything? Also, at this rate you will get your goal done early!??','0',196,'2020-07-27 22:54:36',2203,'1',196,NULL,'2020-07-28 02:54:36','2020-07-28 02:54:36',NULL),(2207,147,'This is a nice start. Now, it is time to build and create some 1-pagers based off of the images and content you have.','0',196,'2020-07-27 22:56:07',2202,'1',196,NULL,'2020-07-28 02:56:07','2020-07-28 02:56:07',NULL),(2208,148,'START OF ACTUAL GOALS: Got an email from Brad and he scheduled a meeting on Wednesday at 5pm','3',199,'2020-07-30 16:55:49',0,'1',199,NULL,'2020-07-30 20:55:49','2020-07-30 20:55:49',NULL),(2209,148,'Reviewed the Investment PowerPoint to get some questions and topics ready to bring to Brad.','1',199,'2020-07-30 16:56:36',0,'1',199,NULL,'2020-07-30 20:56:36','2020-07-30 20:56:36',NULL),(2210,148,'Created about 5-6 ideas to run pass Brad and created an agenda for the meeting.','2',199,'2020-07-30 16:57:22',0,'1',199,NULL,'2020-07-30 20:57:22','2020-07-30 20:57:22',NULL),(2211,148,'Gave the notes made and share the conversation I had with Brad with Amy so she could make some changes to both the PowerPoint and the job description. ','4',199,'2020-07-30 16:58:35',0,'1',199,NULL,'2020-07-30 20:58:35','2020-07-30 20:58:35',NULL),(2212,150,'gighlih;','1',197,'2020-07-30 17:01:01',0,'1',197,NULL,'2020-07-30 21:01:01','2020-07-30 21:01:01',NULL);
/*!40000 ALTER TABLE `goal_activity` ENABLE KEYS */;
UNLOCK TABLES;

--
-- Table structure for table `goal_activity_attachments`
--

DROP TABLE IF EXISTS `goal_activity_attachments`;
/*!40101 SET @saved_cs_client     = @@character_set_client */;
/*!40101 SET character_set_client = utf8 */;
CREATE TABLE `goal_activity_attachments` (
  `id` bigint(20) unsigned NOT NULL AUTO_INCREMENT,
  `name` varchar(255) COLLATE utf8mb4_unicode_ci NOT NULL,
  `goal_activity_id` bigint(20) unsigned NOT NULL,
  `is_active` enum('0','1') COLLATE utf8mb4_unicode_ci NOT NULL DEFAULT '1' COMMENT '0=>Blocked, 1=>Active',
  `created_by` bigint(20) unsigned DEFAULT NULL,
  `last_modified_by` bigint(20) unsigned DEFAULT NULL,
  `created_at` timestamp NULL DEFAULT NULL,
  `updated_at` timestamp NULL DEFAULT NULL,
  `deleted_at` timestamp NULL DEFAULT NULL,
  PRIMARY KEY (`id`) USING BTREE,
  KEY `goal_activity_attachments_created_by_foreign` (`created_by`) USING BTREE,
  KEY `goal_activity_attachments_goal_activity_id_foreign` (`goal_activity_id`) USING BTREE,
  KEY `goal_activity_attachments_last_modified_by_foreign` (`last_modified_by`) USING BTREE,
  KEY `goal_activity_attachments_file_location_index` (`name`(191)) USING BTREE,
  CONSTRAINT `goal_activity_attachments_created_by_foreign` FOREIGN KEY (`created_by`) REFERENCES `users` (`id`) ON DELETE CASCADE ON UPDATE NO ACTION,
  CONSTRAINT `goal_activity_attachments_goal_activity_id_foreign` FOREIGN KEY (`goal_activity_id`) REFERENCES `goal_activity` (`id`) ON DELETE CASCADE ON UPDATE NO ACTION,
  CONSTRAINT `goal_activity_attachments_last_modified_by_foreign` FOREIGN KEY (`last_modified_by`) REFERENCES `users` (`id`) ON DELETE CASCADE ON UPDATE NO ACTION
) ENGINE=InnoDB AUTO_INCREMENT=71 DEFAULT CHARSET=utf8mb4 COLLATE=utf8mb4_unicode_ci ROW_FORMAT=COMPACT;
/*!40101 SET character_set_client = @saved_cs_client */;

--
-- Dumping data for table `goal_activity_attachments`
--

LOCK TABLES `goal_activity_attachments` WRITE;
/*!40000 ALTER TABLE `goal_activity_attachments` DISABLE KEYS */;
INSERT INTO `goal_activity_attachments` VALUES (8,'1589282026_India 2018 464.JPG',49,'1',167,NULL,'2020-05-12 11:13:46','2020-05-12 11:13:46',NULL),(9,'1589282303_Chapleau & Harrison (2015).  Fieldwork I Program Evaluation of Student Learning Using GAS.pdf',53,'1',167,NULL,'2020-05-12 11:18:23','2020-05-12 11:18:23',NULL),(10,'1589285550_sloth.jfif',59,'1',167,NULL,'2020-05-12 12:12:30','2020-05-12 12:12:30',NULL),(11,'1589289342_AWESOMESAUCE2.jpg',62,'1',167,NULL,'2020-05-12 13:15:42','2020-05-12 13:15:42',NULL),(12,'1589745086_opioid quiz page 1.png',243,'1',164,NULL,'2020-05-17 19:51:26','2020-05-17 19:51:26',NULL),(13,'1589745086_Opioid quiz pg 2.png',243,'1',164,NULL,'2020-05-17 19:51:26','2020-05-17 19:51:26',NULL),(14,'1589745275_CE_CulturalInterprarticle_July_2019.pdf',246,'1',162,NULL,'2020-05-17 19:54:35','2020-05-17 19:54:35',NULL),(15,'1589747355_Motor Learning.pdf',248,'1',162,NULL,'2020-05-17 20:29:15','2020-05-17 20:29:15',NULL),(16,'1589747586_CE Article #1- Obesity in Pediatrics .pdf',251,'1',157,NULL,'2020-05-17 20:33:06','2020-05-17 20:33:06',NULL),(17,'1589847397_Screen Shot 2020-05-18 at 8.14.57 PM.png',306,'1',163,NULL,'2020-05-19 00:16:37','2020-05-19 00:16:37',NULL),(18,'1589847397_Screen Shot 2020-05-18 at 8.15.18 PM.png',306,'1',163,NULL,'2020-05-19 00:16:37','2020-05-19 00:16:37',NULL),(19,'1589849807_Screen Shot 2020-05-18 at 8.55.04 PM.png',311,'1',163,NULL,'2020-05-19 00:56:47','2020-05-19 00:56:47',NULL),(20,'1589849807_Screen Shot 2020-05-18 at 8.54.51 PM.png',311,'1',163,NULL,'2020-05-19 00:56:47','2020-05-19 00:56:47',NULL),(21,'1589891786_Screen Shot 2020-05-19 at 8.34.57 AM.png',399,'1',153,NULL,'2020-05-19 12:36:26','2020-05-19 12:36:26',NULL),(22,'1589891786_Screen Shot 2020-05-19 at 8.34.49 AM.png',399,'1',153,NULL,'2020-05-19 12:36:26','2020-05-19 12:36:26',NULL),(23,'1590017921_CE Sleep & dementia.pdf',440,'1',156,NULL,'2020-05-20 23:38:41','2020-05-20 23:38:41',NULL),(24,'1590029101_Working with immigrant families raising a child with a disability challenges and recommendations for healthcare and community service providers.pdf',455,'1',145,NULL,'2020-05-21 02:45:01','2020-05-21 02:45:01',NULL),(25,'1590029604_Combined_Cognitive-Strategy_an.pdf',456,'1',145,NULL,'2020-05-21 02:53:24','2020-05-21 02:53:24',NULL),(26,'1590170256_AWESOMESAUCE2.jpg',537,'1',175,NULL,'2020-05-22 17:57:36','2020-05-22 17:57:36',NULL),(27,'1590354521_Postburn Upper Extremity Occupational Therapy.pdf',586,'1',160,NULL,'2020-05-24 21:08:41','2020-05-24 21:08:41',NULL),(28,'1590359598_CE-Article-HomelessJune-2018.pdf',602,'1',156,NULL,'2020-05-24 22:33:18','2020-05-24 22:33:18',NULL),(29,'1590364673_Screen Shot 2020-05-24 at 7.56.27 PM.png',606,'1',163,NULL,'2020-05-24 23:57:53','2020-05-24 23:57:53',NULL),(30,'1590364673_Screen Shot 2020-05-24 at 7.56.12 PM.png',606,'1',163,NULL,'2020-05-24 23:57:53','2020-05-24 23:57:53',NULL),(31,'1590367311_OT6860 Picture of journal for goals .jpg',608,'1',149,NULL,'2020-05-25 00:41:51','2020-05-25 00:41:51',NULL),(32,'1590412300_Association of Sleep and Hand Function in People With Carpal Tunnel Syndrome.pdf',650,'1',142,NULL,'2020-05-25 13:11:40','2020-05-25 13:11:40',NULL),(33,'1590412475_CE-Article-March-2019-Managing-Sleep-Deprivation-Older-Adults.pdf',651,'1',142,NULL,'2020-05-25 13:14:35','2020-05-25 13:14:35',NULL),(34,'1590421657_Log May17-23.HEIC',663,'1',158,NULL,'2020-05-25 15:47:37','2020-05-25 15:47:37',NULL),(35,'1590421750_Log May17-23.HEIC',664,'1',158,NULL,'2020-05-25 15:49:10','2020-05-25 15:49:10',NULL),(36,'1590533194_Water:Exercise Log May 17-24.docx',791,'1',158,NULL,'2020-05-26 22:46:34','2020-05-26 22:46:34',NULL),(37,'1590533266_Water:Exercise Log May 17-24.docx',792,'1',158,NULL,'2020-05-26 22:47:46','2020-05-26 22:47:46',NULL),(38,'1590598418_Dinosaur Pic .docx',797,'1',157,NULL,'2020-05-27 16:53:38','2020-05-27 16:53:38',NULL),(39,'1590603989_CE-Article-AdultObesityNovember-2018.pdf',807,'1',156,NULL,'2020-05-27 18:26:29','2020-05-27 18:26:29',NULL),(40,'1590603989_CE_Article_OA December_2019.pdf',807,'1',156,NULL,'2020-05-27 18:26:29','2020-05-27 18:26:29',NULL),(41,'1590603989_CESkilledNrsg -June-2019.pdf',807,'1',156,NULL,'2020-05-27 18:26:29','2020-05-27 18:26:29',NULL),(42,'1590604344_CE-Article-January-2019-Obesity-Pediatrics.pdf',808,'1',156,NULL,'2020-05-27 18:32:24','2020-05-27 18:32:24',NULL),(43,'1590933808_CE-Article-May-2019-Trauma.pdf',925,'1',156,NULL,'2020-05-31 14:03:28','2020-05-31 14:03:28',NULL),(44,'1590934104_CE;Article-LegalWitness_April_2020.pdf',927,'1',156,NULL,'2020-05-31 14:08:24','2020-05-31 14:08:24',NULL),(45,'1590940776_Swan .docx',942,'1',157,NULL,'2020-05-31 15:59:36','2020-05-31 15:59:36',NULL),(46,'1590974474_Screen Shot 2020-05-31 at 8.59.04 PM.png',980,'1',163,NULL,'2020-06-01 01:21:14','2020-06-01 01:21:14',NULL),(47,'1590974474_Screen Shot 2020-05-31 at 8.59.29 PM.png',980,'1',163,NULL,'2020-06-01 01:21:14','2020-06-01 01:21:14',NULL),(48,'1590974746_CE-article-OccProfileEarlyIntervApril-2019-Occupational-Profile.pdf',982,'1',142,NULL,'2020-06-01 01:25:46','2020-06-01 01:25:46',NULL),(49,'1590975682_Effectiveness of Nighttime Orthoses in Controlling Pain for Women With Hand Osteoarthritis.pdf',994,'1',142,NULL,'2020-06-01 01:41:22','2020-06-01 01:41:22',NULL),(50,'1590980013_Peds DS article.pdf',1011,'1',157,NULL,'2020-06-01 02:53:33','2020-06-01 02:53:33',NULL),(51,'1591134719_Panda .docx',1167,'1',157,NULL,'2020-06-02 21:51:59','2020-06-02 21:51:59',NULL),(52,'1591152432_Praxis Skills in DS .pdf',1169,'1',157,NULL,'2020-06-03 02:47:12','2020-06-03 02:47:12',NULL),(53,'1591364364_ipeer_png (3).png',1270,'1',182,NULL,'2020-06-05 13:39:24','2020-06-05 13:39:24',NULL),(54,'1591364389_ipeer_png (3).png',1271,'1',182,NULL,'2020-06-05 13:39:49','2020-06-05 13:39:49',NULL),(55,'1591382113_AWESOMESAUCE2.jpg',1287,'1',179,NULL,'2020-06-05 18:35:13','2020-06-05 18:35:13',NULL),(56,'1591555812_OT6860 Article on coaching teachers and parents to help children with sensory deficits.pdf',1321,'1',149,NULL,'2020-06-07 18:50:12','2020-06-07 18:50:12',NULL),(57,'1591559992_Boat origami pic .docx',1330,'1',157,NULL,'2020-06-07 19:59:52','2020-06-07 19:59:52',NULL),(58,'1591564030_Life Expectancy in DS Article .pdf',1334,'1',157,NULL,'2020-06-07 21:07:10','2020-06-07 21:07:10',NULL),(59,'1591629243_AWESOMESAUCE2.jpg',1407,'1',170,NULL,'2020-06-08 15:14:03','2020-06-08 15:14:03',NULL),(60,'1591920424_Turtle Pic .docx',1633,'1',157,NULL,'2020-06-12 00:07:04','2020-06-12 00:07:04',NULL),(61,'1591921096_DS Pediatric Hearing Loss Article .pdf',1634,'1',157,NULL,'2020-06-12 00:18:16','2020-06-12 00:18:16',NULL),(62,'1592160025_OT6860 Article on interventions for sensory integration and processing.pdf',1667,'1',149,NULL,'2020-06-14 18:40:25','2020-06-14 18:40:25',NULL),(63,'1592182278_Cookie catcher pic .docx',1718,'1',157,NULL,'2020-06-15 00:51:18','2020-06-15 00:51:18',NULL),(64,'1592183949_CE-Article-February-2019-Framework-School-Practice.pdf',1728,'1',142,NULL,'2020-06-15 01:19:09','2020-06-15 01:19:09',NULL),(65,'1592183949_CE-Article-OTPFDocmentationOctober-2018 (1).pdf',1728,'1',142,NULL,'2020-06-15 01:19:09','2020-06-15 01:19:09',NULL),(66,'1592186536_What is the evidence for the effect of occupational therapy interventions for adults with bone, joint, and general hand disorders?.pdf',1737,'1',142,NULL,'2020-06-15 02:02:16','2020-06-15 02:02:16',NULL),(67,'1592186536_Evidence-Based Approach to Treating Lateral Epicondylitis Using the Occupational Adaptation Model.pdf',1737,'1',142,NULL,'2020-06-15 02:02:16','2020-06-15 02:02:16',NULL),(68,'1592261903_mindful-breathing-meditation.pdf',1915,'1',189,NULL,'2020-06-15 22:58:23','2020-06-15 22:58:23',NULL),(69,'1593179075_IMG_2884.jpg',2183,'1',1,NULL,'2020-06-26 13:44:35','2020-06-26 13:44:35',NULL),(70,'1593179354_Emilie Hovercraft project.xlsx',2184,'1',1,NULL,'2020-06-26 13:49:14','2020-06-26 13:49:14',NULL);
/*!40000 ALTER TABLE `goal_activity_attachments` ENABLE KEYS */;
UNLOCK TABLES;

--
-- Table structure for table `goal_scale`
--

DROP TABLE IF EXISTS `goal_scale`;
/*!40101 SET @saved_cs_client     = @@character_set_client */;
/*!40101 SET character_set_client = utf8 */;
CREATE TABLE `goal_scale` (
  `id` bigint(20) unsigned NOT NULL AUTO_INCREMENT,
  `goal_id` bigint(20) unsigned NOT NULL,
  `value` enum('0','1','2','3','4') COLLATE utf8mb4_unicode_ci NOT NULL,
  `name` varchar(255) COLLATE utf8mb4_unicode_ci DEFAULT NULL,
  `description` text COLLATE utf8mb4_unicode_ci,
  `is_active` enum('0','1') COLLATE utf8mb4_unicode_ci NOT NULL DEFAULT '1' COMMENT '0 => Inactive, 1 => Active',
  `created_by` bigint(20) unsigned DEFAULT NULL,
  `last_modified_by` bigint(20) unsigned DEFAULT NULL,
  `created_at` timestamp NULL DEFAULT NULL,
  `updated_at` timestamp NULL DEFAULT NULL,
  `deleted_at` timestamp NULL DEFAULT NULL,
  PRIMARY KEY (`id`) USING BTREE,
  KEY `goal_scale_created_by_foreign` (`created_by`) USING BTREE,
  KEY `goal_scale_goal_id_foreign` (`goal_id`) USING BTREE,
  KEY `goal_scale_last_modified_by_foreign` (`last_modified_by`) USING BTREE,
  KEY `goal_scale_name_index` (`name`(191)) USING BTREE,
  CONSTRAINT `goal_scale_created_by_foreign` FOREIGN KEY (`created_by`) REFERENCES `users` (`id`) ON DELETE CASCADE ON UPDATE NO ACTION,
  CONSTRAINT `goal_scale_goal_id_foreign` FOREIGN KEY (`goal_id`) REFERENCES `goals` (`id`) ON DELETE CASCADE ON UPDATE NO ACTION,
  CONSTRAINT `goal_scale_last_modified_by_foreign` FOREIGN KEY (`last_modified_by`) REFERENCES `users` (`id`) ON DELETE CASCADE ON UPDATE NO ACTION
) ENGINE=InnoDB AUTO_INCREMENT=748 DEFAULT CHARSET=utf8mb4 COLLATE=utf8mb4_unicode_ci ROW_FORMAT=COMPACT;
/*!40101 SET character_set_client = @saved_cs_client */;

--
-- Dumping data for table `goal_scale`
--

LOCK TABLES `goal_scale` WRITE;
/*!40000 ALTER TABLE `goal_scale` DISABLE KEYS */;
INSERT INTO `goal_scale` VALUES (1,25,'4','','I will read 4-6 additional articles or resources r/t global social issues impacting healthcare practices and trends and will post a comment or question to CommunOT.','1',1,NULL,'2020-05-11 04:00:00','2020-05-11 04:00:00',NULL),(2,25,'3','','I will read 4-6 additional articles or resources r/t global social issues impacting healthcare practices and trends.','1',1,NULL,'2020-05-11 04:00:00','2020-05-11 04:00:00',NULL),(3,25,'2','','I will read 2-3 additional articles or resources r/t global social issues impacting healthcare practices and trends.','1',1,NULL,'2020-05-11 04:00:00','2020-05-11 04:00:00',NULL),(4,25,'1','','I will read one related article provided on the course site and will successfully complete the included competency quiz.','1',1,NULL,'2020-05-11 04:00:00','2020-05-11 04:00:00',NULL),(5,25,'0','','Baseline: No research completed on this topic','1',1,NULL,'2020-05-11 04:00:00','2020-05-11 04:00:00',NULL),(6,26,'4','','I will read 4-6 additional articles or resources r/t global social issues impacting healthcare practices and trends and will post a comment or question to CommunOT.','1',1,NULL,'2020-05-11 04:00:00','2020-05-11 04:00:00',NULL),(7,26,'3','','I will read 4-6 additional articles or resources r/t global social issues impacting healthcare practices and trends.','1',1,NULL,'2020-05-11 04:00:00','2020-05-11 04:00:00',NULL),(8,26,'2','','I will read 2-3 additional articles or resources r/t global social issues impacting healthcare practices and trends.','1',1,NULL,'2020-05-11 04:00:00','2020-05-11 04:00:00',NULL),(9,26,'1','','I will read one related article provided on the course site and will successfully complete the included competency quiz.','1',1,NULL,'2020-05-11 04:00:00','2020-05-11 04:00:00',NULL),(10,26,'0','','Baseline: No research completed on this topic','1',1,NULL,'2020-05-11 04:00:00','2020-05-11 04:00:00',NULL),(11,27,'4','','I will read 4-6 additional articles or resources r/t global social issues impacting healthcare practices and trends and will post a comment or question to CommunOT.','1',1,NULL,'2020-05-11 04:00:00','2020-05-11 04:00:00',NULL),(12,27,'3','','I will read 4-6 additional articles or resources r/t global social issues impacting healthcare practices and trends.','1',1,NULL,'2020-05-11 04:00:00','2020-05-11 04:00:00',NULL),(13,27,'2','','I will read 2-3 additional articles or resources r/t global social issues impacting healthcare practices and trends.','1',1,NULL,'2020-05-11 04:00:00','2020-05-11 04:00:00',NULL),(14,27,'1','','I will read one related article provided on the course site and will successfully complete the included competency quiz.','1',1,NULL,'2020-05-11 04:00:00','2020-05-11 04:00:00',NULL),(15,27,'0','','Baseline: No research completed on this topic','1',1,NULL,'2020-05-11 04:00:00','2020-05-11 04:00:00',NULL),(16,28,'4','','I will read 4-6 additional articles or resources r/t global social issues impacting healthcare practices and trends and will post a comment or question to CommunOT.','1',1,NULL,'2020-05-11 04:00:00','2020-05-11 04:00:00',NULL),(17,28,'3','','I will read 4-6 additional articles or resources r/t global social issues impacting healthcare practices and trends.','1',1,NULL,'2020-05-11 04:00:00','2020-05-11 04:00:00',NULL),(18,28,'2','','I will read 2-3 additional articles or resources r/t global social issues impacting healthcare practices and trends.','1',1,NULL,'2020-05-11 04:00:00','2020-05-11 04:00:00',NULL),(19,28,'1','','I will read one related article provided on the course site and will successfully complete the included competency quiz.','1',1,NULL,'2020-05-11 04:00:00','2020-05-11 04:00:00',NULL),(20,28,'0','','Baseline: No research completed on this topic','1',1,NULL,'2020-05-11 04:00:00','2020-05-11 04:00:00',NULL),(21,29,'4','','I will read 4-6 additional articles or resources r/t global social issues impacting healthcare practices and trends and will post a comment or question to CommunOT.','1',1,NULL,'2020-05-11 04:00:00','2020-05-11 04:00:00',NULL),(22,29,'3','','I will read 4-6 additional articles or resources r/t global social issues impacting healthcare practices and trends.','1',1,NULL,'2020-05-11 04:00:00','2020-05-11 04:00:00',NULL),(23,29,'2','','I will read 2-3 additional articles or resources r/t global social issues impacting healthcare practices and trends.','1',1,NULL,'2020-05-11 04:00:00','2020-05-11 04:00:00',NULL),(24,29,'1','','I will read one related article provided on the course site and will successfully complete the included competency quiz.','1',1,NULL,'2020-05-11 04:00:00','2020-05-11 04:00:00',NULL),(25,29,'0','','Baseline: No research completed on this topic','1',1,NULL,'2020-05-11 04:00:00','2020-05-11 04:00:00',NULL),(26,30,'4','','I will read 4-6 additional articles or resources r/t global social issues impacting healthcare practices and trends and will post a comment or question to CommunOT.','1',1,NULL,'2020-05-11 04:00:00','2020-05-11 04:00:00',NULL),(27,30,'3','','I will read 4-6 additional articles or resources r/t global social issues impacting healthcare practices and trends.','1',1,NULL,'2020-05-11 04:00:00','2020-05-11 04:00:00',NULL),(28,30,'2','','I will read 2-3 additional articles or resources r/t global social issues impacting healthcare practices and trends.','1',1,NULL,'2020-05-11 04:00:00','2020-05-11 04:00:00',NULL),(29,30,'1','','I will read one related article provided on the course site and will successfully complete the included competency quiz.','1',1,NULL,'2020-05-11 04:00:00','2020-05-11 04:00:00',NULL),(30,30,'0','','Baseline: No research completed on this topic','1',1,NULL,'2020-05-11 04:00:00','2020-05-11 04:00:00',NULL),(31,31,'4','','I will read 4-6 additional articles or resources r/t global social issues impacting healthcare practices and trends and will post a comment or question to CommunOT.','1',1,NULL,'2020-05-11 04:00:00','2020-05-11 04:00:00',NULL),(32,31,'3','','I will read 4-6 additional articles or resources r/t global social issues impacting healthcare practices and trends.','1',1,NULL,'2020-05-11 04:00:00','2020-05-11 04:00:00',NULL),(33,31,'2','','I will read 2-3 additional articles or resources r/t global social issues impacting healthcare practices and trends.','1',1,NULL,'2020-05-11 04:00:00','2020-05-11 04:00:00',NULL),(34,31,'1','','I will read one related article provided on the course site and will successfully complete the included competency quiz.','1',1,NULL,'2020-05-11 04:00:00','2020-05-11 04:00:00',NULL),(35,31,'0','','Baseline: No research completed on this topic','1',1,NULL,'2020-05-11 04:00:00','2020-05-11 04:00:00',NULL),(36,32,'4','','I will read 4-6 additional articles or resources r/t global social issues impacting healthcare practices and trends and will post a comment or question to CommunOT.','1',1,NULL,'2020-05-11 04:00:00','2020-05-11 04:00:00',NULL),(37,32,'3','','I will read 4-6 additional articles or resources r/t global social issues impacting healthcare practices and trends.','1',1,NULL,'2020-05-11 04:00:00','2020-05-11 04:00:00',NULL),(38,32,'2','','I will read 2-3 additional articles or resources r/t global social issues impacting healthcare practices and trends.','1',1,NULL,'2020-05-11 04:00:00','2020-05-11 04:00:00',NULL),(39,32,'1','','I will read one related article provided on the course site and will successfully complete the included competency quiz.','1',1,NULL,'2020-05-11 04:00:00','2020-05-11 04:00:00',NULL),(40,32,'0','','Baseline: No research completed on this topic','1',1,NULL,'2020-05-11 04:00:00','2020-05-11 04:00:00',NULL),(41,33,'4','','I will read 4-6 additional articles or resources r/t global social issues impacting healthcare practices and trends and will post a comment or question to CommunOT.','1',1,NULL,'2020-05-11 04:00:00','2020-05-11 04:00:00',NULL),(42,33,'3','','I will read 4-6 additional articles or resources r/t global social issues impacting healthcare practices and trends.','1',1,NULL,'2020-05-11 04:00:00','2020-05-11 04:00:00',NULL),(43,33,'2','','I will read 2-3 additional articles or resources r/t global social issues impacting healthcare practices and trends.','1',1,NULL,'2020-05-11 04:00:00','2020-05-11 04:00:00',NULL),(44,33,'1','','I will read one related article provided on the course site and will successfully complete the included competency quiz.','1',1,NULL,'2020-05-11 04:00:00','2020-05-11 04:00:00',NULL),(45,33,'0','','Baseline: No research completed on this topic','1',1,NULL,'2020-05-11 04:00:00','2020-05-11 04:00:00',NULL),(46,34,'4','','I will read 4-6 additional articles or resources r/t global social issues impacting healthcare practices and trends and will post a comment or question to CommunOT.','1',1,NULL,'2020-05-11 04:00:00','2020-05-11 04:00:00',NULL),(47,34,'3','','I will read 4-6 additional articles or resources r/t global social issues impacting healthcare practices and trends.','1',1,NULL,'2020-05-11 04:00:00','2020-05-11 04:00:00',NULL),(48,34,'2','','I will read 2-3 additional articles or resources r/t global social issues impacting healthcare practices and trends.','1',1,NULL,'2020-05-11 04:00:00','2020-05-11 04:00:00',NULL),(49,34,'1','','I will read one related article provided on the course site and will successfully complete the included competency quiz.','1',1,NULL,'2020-05-11 04:00:00','2020-05-11 04:00:00',NULL),(50,34,'0','','Baseline: No research completed on this topic','1',1,NULL,'2020-05-11 04:00:00','2020-05-11 04:00:00',NULL),(51,35,'4','','I will read 4-6 additional articles or resources r/t global social issues impacting healthcare practices and trends and will post a comment or question to CommunOT.','1',1,NULL,'2020-05-11 04:00:00','2020-05-11 04:00:00',NULL),(52,35,'3','','I will read 4-6 additional articles or resources r/t global social issues impacting healthcare practices and trends.','1',1,NULL,'2020-05-11 04:00:00','2020-05-11 04:00:00',NULL),(53,35,'2','','I will read 2-3 additional articles or resources r/t global social issues impacting healthcare practices and trends.','1',1,NULL,'2020-05-11 04:00:00','2020-05-11 04:00:00',NULL),(54,35,'1','','I will read one related article provided on the course site and will successfully complete the included competency quiz.','1',1,NULL,'2020-05-11 04:00:00','2020-05-11 04:00:00',NULL),(55,35,'0','','Baseline: No research completed on this topic','1',1,NULL,'2020-05-11 04:00:00','2020-05-11 04:00:00',NULL),(56,36,'4','','I will read 4-6 additional articles or resources r/t global social issues impacting healthcare practices and trends and will post a comment or question to CommunOT.','1',1,NULL,'2020-05-11 04:00:00','2020-05-11 04:00:00',NULL),(57,36,'3','','I will read 4-6 additional articles or resources r/t global social issues impacting healthcare practices and trends.','1',1,NULL,'2020-05-11 04:00:00','2020-05-11 04:00:00',NULL),(58,36,'2','','I will read 2-3 additional articles or resources r/t global social issues impacting healthcare practices and trends.','1',1,NULL,'2020-05-11 04:00:00','2020-05-11 04:00:00',NULL),(59,36,'1','','I will read one related article provided on the course site and will successfully complete the included competency quiz.','1',1,NULL,'2020-05-11 04:00:00','2020-05-11 04:00:00',NULL),(60,36,'0','','Baseline: No research completed on this topic','1',1,NULL,'2020-05-11 04:00:00','2020-05-11 04:00:00',NULL),(61,37,'4','','I will read 4-6 additional articles or resources r/t global social issues impacting healthcare practices and trends and will post a comment or question to CommunOT.','1',1,NULL,'2020-05-11 04:00:00','2020-05-11 04:00:00',NULL),(62,37,'3','','I will read 4-6 additional articles or resources r/t global social issues impacting healthcare practices and trends.','1',1,NULL,'2020-05-11 04:00:00','2020-05-11 04:00:00',NULL),(63,37,'2','','I will read 2-3 additional articles or resources r/t global social issues impacting healthcare practices and trends.','1',1,NULL,'2020-05-11 04:00:00','2020-05-11 04:00:00',NULL),(64,37,'1','','I will read one related article provided on the course site and will successfully complete the included competency quiz.','1',1,NULL,'2020-05-11 04:00:00','2020-05-11 04:00:00',NULL),(65,37,'0','','Baseline: No research completed on this topic','1',1,NULL,'2020-05-11 04:00:00','2020-05-11 04:00:00',NULL),(66,38,'4','','I will read 4-6 additional articles or resources r/t global social issues impacting healthcare practices and trends and will post a comment or question to CommunOT.','1',1,NULL,'2020-05-11 04:00:00','2020-05-11 04:00:00',NULL),(67,38,'3','','I will read 4-6 additional articles or resources r/t global social issues impacting healthcare practices and trends.','1',1,NULL,'2020-05-11 04:00:00','2020-05-11 04:00:00',NULL),(68,38,'2','','I will read 2-3 additional articles or resources r/t global social issues impacting healthcare practices and trends.','1',1,NULL,'2020-05-11 04:00:00','2020-05-11 04:00:00',NULL),(69,38,'1','','I will read one related article provided on the course site and will successfully complete the included competency quiz.','1',1,NULL,'2020-05-11 04:00:00','2020-05-11 04:00:00',NULL),(70,38,'0','','Baseline: No research completed on this topic','1',1,NULL,'2020-05-11 04:00:00','2020-05-11 04:00:00',NULL),(71,39,'4','','I will read 4-6 additional articles or resources r/t global social issues impacting healthcare practices and trends and will post a comment or question to CommunOT.','1',1,NULL,'2020-05-11 04:00:00','2020-05-11 04:00:00',NULL),(72,39,'3','','I will read 4-6 additional articles or resources r/t global social issues impacting healthcare practices and trends.','1',1,NULL,'2020-05-11 04:00:00','2020-05-11 04:00:00',NULL),(73,39,'2','','I will read 2-3 additional articles or resources r/t global social issues impacting healthcare practices and trends.','1',1,NULL,'2020-05-11 04:00:00','2020-05-11 04:00:00',NULL),(74,39,'1','','I will read one related article provided on the course site and will successfully complete the included competency quiz.','1',1,NULL,'2020-05-11 04:00:00','2020-05-11 04:00:00',NULL),(75,39,'0','','Baseline: No research completed on this topic','1',1,NULL,'2020-05-11 04:00:00','2020-05-11 04:00:00',NULL),(76,40,'4','','I will read 4-6 additional articles or resources r/t global social issues impacting healthcare practices and trends and will post a comment or question to CommunOT.','1',1,NULL,'2020-05-11 04:00:00','2020-05-11 04:00:00',NULL),(77,40,'3','','I will read 4-6 additional articles or resources r/t global social issues impacting healthcare practices and trends.','1',1,NULL,'2020-05-11 04:00:00','2020-05-11 04:00:00',NULL),(78,40,'2','','I will read 2-3 additional articles or resources r/t global social issues impacting healthcare practices and trends.','1',1,NULL,'2020-05-11 04:00:00','2020-05-11 04:00:00',NULL),(79,40,'1','','I will read one related article provided on the course site and will successfully complete the included competency quiz.','1',1,NULL,'2020-05-11 04:00:00','2020-05-11 04:00:00',NULL),(80,40,'0','','Baseline: No research completed on this topic','1',1,NULL,'2020-05-11 04:00:00','2020-05-11 04:00:00',NULL),(81,41,'4','','I will read 4-6 additional articles or resources r/t global social issues impacting healthcare practices and trends and will post a comment or question to CommunOT.','1',1,NULL,'2020-05-11 04:00:00','2020-05-11 04:00:00',NULL),(82,41,'3','','I will read 4-6 additional articles or resources r/t global social issues impacting healthcare practices and trends.','1',1,NULL,'2020-05-11 04:00:00','2020-05-11 04:00:00',NULL),(83,41,'2','','I will read 2-3 additional articles or resources r/t global social issues impacting healthcare practices and trends.','1',1,NULL,'2020-05-11 04:00:00','2020-05-11 04:00:00',NULL),(84,41,'1','','I will read one related article provided on the course site and will successfully complete the included competency quiz.','1',1,NULL,'2020-05-11 04:00:00','2020-05-11 04:00:00',NULL),(85,41,'0','','Baseline: No research completed on this topic','1',1,NULL,'2020-05-11 04:00:00','2020-05-11 04:00:00',NULL),(86,42,'4','','I will read 4-6 additional articles or resources r/t global social issues impacting healthcare practices and trends and will post a comment or question to CommunOT.','1',1,NULL,'2020-05-11 04:00:00','2020-05-11 04:00:00',NULL),(87,42,'3','','I will read 4-6 additional articles or resources r/t global social issues impacting healthcare practices and trends.','1',1,NULL,'2020-05-11 04:00:00','2020-05-11 04:00:00',NULL),(88,42,'2','','I will read 2-3 additional articles or resources r/t global social issues impacting healthcare practices and trends.','1',1,NULL,'2020-05-11 04:00:00','2020-05-11 04:00:00',NULL),(89,42,'1','','I will read one related article provided on the course site and will successfully complete the included competency quiz.','1',1,NULL,'2020-05-11 04:00:00','2020-05-11 04:00:00',NULL),(90,42,'0','','Baseline: No research completed on this topic','1',1,NULL,'2020-05-11 04:00:00','2020-05-11 04:00:00',NULL),(91,43,'4','','I will read 4-6 additional articles or resources r/t global social issues impacting healthcare practices and trends and will post a comment or question to CommunOT.','1',1,NULL,'2020-05-11 04:00:00','2020-05-11 04:00:00',NULL),(92,43,'3','','I will read 4-6 additional articles or resources r/t global social issues impacting healthcare practices and trends.','1',1,NULL,'2020-05-11 04:00:00','2020-05-11 04:00:00',NULL),(93,43,'2','','I will read 2-3 additional articles or resources r/t global social issues impacting healthcare practices and trends.','1',1,NULL,'2020-05-11 04:00:00','2020-05-11 04:00:00',NULL),(94,43,'1','','I will read one related article provided on the course site and will successfully complete the included competency quiz.','1',1,NULL,'2020-05-11 04:00:00','2020-05-11 04:00:00',NULL),(95,43,'0','','Baseline: No research completed on this topic','1',1,NULL,'2020-05-11 04:00:00','2020-05-11 04:00:00',NULL),(96,44,'4','','I will read 4-6 additional articles or resources r/t global social issues impacting healthcare practices and trends and will post a comment or question to CommunOT.','1',1,NULL,'2020-05-11 04:00:00','2020-05-11 04:00:00',NULL),(97,44,'3','','I will read 4-6 additional articles or resources r/t global social issues impacting healthcare practices and trends.','1',1,NULL,'2020-05-11 04:00:00','2020-05-11 04:00:00',NULL),(98,44,'2','','I will read 2-3 additional articles or resources r/t global social issues impacting healthcare practices and trends.','1',1,NULL,'2020-05-11 04:00:00','2020-05-11 04:00:00',NULL),(99,44,'1','','I will read one related article provided on the course site and will successfully complete the included competency quiz.','1',1,NULL,'2020-05-11 04:00:00','2020-05-11 04:00:00',NULL),(100,44,'0','','Baseline: No research completed on this topic','1',1,NULL,'2020-05-11 04:00:00','2020-05-11 04:00:00',NULL),(101,45,'4','','I will read 4-6 additional articles or resources r/t global social issues impacting healthcare practices and trends and will post a comment or question to CommunOT.','1',1,NULL,'2020-05-11 04:00:00','2020-05-11 04:00:00',NULL),(102,45,'3','','I will read 4-6 additional articles or resources r/t global social issues impacting healthcare practices and trends.','1',1,NULL,'2020-05-11 04:00:00','2020-05-11 04:00:00',NULL),(103,45,'2','','I will read 2-3 additional articles or resources r/t global social issues impacting healthcare practices and trends.','1',1,NULL,'2020-05-11 04:00:00','2020-05-11 04:00:00',NULL),(104,45,'1','','I will read one related article provided on the course site and will successfully complete the included competency quiz.','1',1,NULL,'2020-05-11 04:00:00','2020-05-11 04:00:00',NULL),(105,45,'0','','Baseline: No research completed on this topic','1',1,NULL,'2020-05-11 04:00:00','2020-05-11 04:00:00',NULL),(106,46,'4','','I will read 4-6 additional articles or resources r/t global social issues impacting healthcare practices and trends and will post a comment or question to CommunOT.','1',1,NULL,'2020-05-11 04:00:00','2020-05-11 04:00:00',NULL),(107,46,'3','','I will read 4-6 additional articles or resources r/t global social issues impacting healthcare practices and trends.','1',1,NULL,'2020-05-11 04:00:00','2020-05-11 04:00:00',NULL),(108,46,'2','','I will read 2-3 additional articles or resources r/t global social issues impacting healthcare practices and trends.','1',1,NULL,'2020-05-11 04:00:00','2020-05-11 04:00:00',NULL),(109,46,'1','','I will read one related article provided on the course site and will successfully complete the included competency quiz.','1',1,NULL,'2020-05-11 04:00:00','2020-05-11 04:00:00',NULL),(110,46,'0','','Baseline: No research completed on this topic','1',1,NULL,'2020-05-11 04:00:00','2020-05-11 04:00:00',NULL),(111,47,'4','','I will read 4-6 additional articles or resources r/t global social issues impacting healthcare practices and trends and will post a comment or question to CommunOT.','1',1,NULL,'2020-05-11 04:00:00','2020-05-11 04:00:00',NULL),(112,47,'3','','I will read 4-6 additional articles or resources r/t global social issues impacting healthcare practices and trends.','1',1,NULL,'2020-05-11 04:00:00','2020-05-11 04:00:00',NULL),(113,47,'2','','I will read 2-3 additional articles or resources r/t global social issues impacting healthcare practices and trends.','1',1,NULL,'2020-05-11 04:00:00','2020-05-11 04:00:00',NULL),(114,47,'1','','I will read one related article provided on the course site and will successfully complete the included competency quiz.','1',1,NULL,'2020-05-11 04:00:00','2020-05-11 04:00:00',NULL),(115,47,'0','','Baseline: No research completed on this topic','1',1,NULL,'2020-05-11 04:00:00','2020-05-11 04:00:00',NULL),(116,48,'4','','I will read 4-6 additional articles or resources r/t global social issues impacting healthcare practices and trends and will post a comment or question to CommunOT.','1',1,NULL,'2020-05-11 04:00:00','2020-05-11 04:00:00',NULL),(117,48,'3','','I will read 4-6 additional articles or resources r/t global social issues impacting healthcare practices and trends.','1',1,NULL,'2020-05-11 04:00:00','2020-05-11 04:00:00',NULL),(118,48,'2','','I will read 2-3 additional articles or resources r/t global social issues impacting healthcare practices and trends.','1',1,NULL,'2020-05-11 04:00:00','2020-05-11 04:00:00',NULL),(119,48,'1','','I will read one related article provided on the course site and will successfully complete the included competency quiz.','1',1,NULL,'2020-05-11 04:00:00','2020-05-11 04:00:00',NULL),(120,48,'0','','Baseline: No research completed on this topic','1',1,NULL,'2020-05-11 04:00:00','2020-05-11 04:00:00',NULL),(121,1,'4','','I will work with a small peer group to prepare a short (2 min) video edited before final class and posted to WMU OT/external social media.','1',1,NULL,'2020-05-11 04:00:00','2020-05-11 04:00:00',NULL),(122,1,'3','','I will work with a small peer group to prepare a short (2 min) video submitted one week prior to final class for editing before class viewing.','1',1,NULL,'2020-05-11 04:00:00','2020-05-11 04:00:00',NULL),(123,1,'2','','I will work with a small peer group to prepare a short (2 min) video ready for viewing at the final class.','1',1,NULL,'2020-05-11 04:00:00','2020-05-11 04:00:00',NULL),(124,1,'1','','I will prepare an animated powerpoint for showing at the final class.','1',1,NULL,'2020-05-11 04:00:00','2020-05-11 04:00:00',NULL),(125,1,'0','','No advocacy project completed.','1',1,NULL,'2020-05-11 04:00:00','2020-05-11 04:00:00',NULL),(126,2,'4','','I will work with a small peer group to prepare a short (2 min) video edited before final class and posted to WMU OT/external social media.','1',1,NULL,'2020-05-11 04:00:00','2020-05-11 04:00:00',NULL),(127,2,'3','','I will work with a small peer group to prepare a short (2 min) video submitted one week prior to final class for editing before class viewing.','1',1,NULL,'2020-05-11 04:00:00','2020-05-11 04:00:00',NULL),(128,2,'2','','I will work with a small peer group to prepare a short (2 min) video ready for viewing at the final class.','1',1,NULL,'2020-05-11 04:00:00','2020-05-11 04:00:00',NULL),(129,2,'1','','I will prepare an animated powerpoint for showing at the final class.','1',1,NULL,'2020-05-11 04:00:00','2020-05-11 04:00:00',NULL),(130,2,'0','','No advocacy project completed.','1',1,NULL,'2020-05-11 04:00:00','2020-05-11 04:00:00',NULL),(131,3,'4','','I will work with a small peer group to prepare a short (2 min) video edited before final class and posted to WMU OT/external social media.','1',1,NULL,'2020-05-11 04:00:00','2020-05-11 04:00:00',NULL),(132,3,'3','','I will work with a small peer group to prepare a short (2 min) video submitted one week prior to final class for editing before class viewing.','1',1,NULL,'2020-05-11 04:00:00','2020-05-11 04:00:00',NULL),(133,3,'2','','I will work with a small peer group to prepare a short (2 min) video ready for viewing at the final class.','1',1,NULL,'2020-05-11 04:00:00','2020-05-11 04:00:00',NULL),(134,3,'1','','I will prepare an animated powerpoint for showing at the final class.','1',1,NULL,'2020-05-11 04:00:00','2020-05-11 04:00:00',NULL),(135,3,'0','','No advocacy project completed.','1',1,NULL,'2020-05-11 04:00:00','2020-05-11 04:00:00',NULL),(136,4,'4','','I will work with a small peer group to prepare a short (2 min) video edited before final class and posted to WMU OT/external social media.','1',1,NULL,'2020-05-11 04:00:00','2020-05-11 04:00:00',NULL),(137,4,'3','','I will work with a small peer group to prepare a short (2 min) video submitted one week prior to final class for editing before class viewing.','1',1,NULL,'2020-05-11 04:00:00','2020-05-11 04:00:00',NULL),(138,4,'2','','I will work with a small peer group to prepare a short (2 min) video ready for viewing at the final class.','1',1,NULL,'2020-05-11 04:00:00','2020-05-11 04:00:00',NULL),(139,4,'1','','I will prepare an animated powerpoint for showing at the final class.','1',1,NULL,'2020-05-11 04:00:00','2020-05-11 04:00:00',NULL),(140,4,'0','','No advocacy project completed.','1',1,NULL,'2020-05-11 04:00:00','2020-05-11 04:00:00',NULL),(141,5,'4','','I will work with a small peer group to prepare a short (2 min) video edited before final class and posted to WMU OT/external social media.','1',1,NULL,'2020-05-11 04:00:00','2020-05-11 04:00:00',NULL),(142,5,'3','','I will work with a small peer group to prepare a short (2 min) video submitted one week prior to final class for editing before class viewing.','1',1,NULL,'2020-05-11 04:00:00','2020-05-11 04:00:00',NULL),(143,5,'2','','I will work with a small peer group to prepare a short (2 min) video ready for viewing at the final class.','1',1,NULL,'2020-05-11 04:00:00','2020-05-11 04:00:00',NULL),(144,5,'1','','I will prepare an animated powerpoint for showing at the final class.','1',1,NULL,'2020-05-11 04:00:00','2020-05-11 04:00:00',NULL),(145,5,'0','','No advocacy project completed.','1',1,NULL,'2020-05-11 04:00:00','2020-05-11 04:00:00',NULL),(146,6,'4','','I will work with a small peer group to prepare a short (2 min) video edited before final class and posted to WMU OT/external social media.','1',1,NULL,'2020-05-11 04:00:00','2020-05-11 04:00:00',NULL),(147,6,'3','','I will work with a small peer group to prepare a short (2 min) video submitted one week prior to final class for editing before class viewing.','1',1,NULL,'2020-05-11 04:00:00','2020-05-11 04:00:00',NULL),(148,6,'2','','I will work with a small peer group to prepare a short (2 min) video ready for viewing at the final class.','1',1,NULL,'2020-05-11 04:00:00','2020-05-11 04:00:00',NULL),(149,6,'1','','I will prepare an animated powerpoint for showing at the final class.','1',1,NULL,'2020-05-11 04:00:00','2020-05-11 04:00:00',NULL),(150,6,'0','','No advocacy project completed.','1',1,NULL,'2020-05-11 04:00:00','2020-05-11 04:00:00',NULL),(151,7,'4','','I will work with a small peer group to prepare a short (2 min) video edited before final class and posted to WMU OT/external social media.','1',1,NULL,'2020-05-11 04:00:00','2020-05-11 04:00:00',NULL),(152,7,'3','','I will work with a small peer group to prepare a short (2 min) video submitted one week prior to final class for editing before class viewing.','1',1,NULL,'2020-05-11 04:00:00','2020-05-11 04:00:00',NULL),(153,7,'2','','I will work with a small peer group to prepare a short (2 min) video ready for viewing at the final class.','1',1,NULL,'2020-05-11 04:00:00','2020-05-11 04:00:00',NULL),(154,7,'1','','I will prepare an animated powerpoint for showing at the final class.','1',1,NULL,'2020-05-11 04:00:00','2020-05-11 04:00:00',NULL),(155,7,'0','','No advocacy project completed.','1',1,NULL,'2020-05-11 04:00:00','2020-05-11 04:00:00',NULL),(156,8,'4','','I will work with a small peer group to prepare a short (2 min) video edited before final class and posted to WMU OT/external social media.','1',1,NULL,'2020-05-11 04:00:00','2020-05-11 04:00:00',NULL),(157,8,'3','','I will work with a small peer group to prepare a short (2 min) video submitted one week prior to final class for editing before class viewing.','1',1,NULL,'2020-05-11 04:00:00','2020-05-11 04:00:00',NULL),(158,8,'2','','I will work with a small peer group to prepare a short (2 min) video ready for viewing at the final class.','1',1,NULL,'2020-05-11 04:00:00','2020-05-11 04:00:00',NULL),(159,8,'1','','I will prepare an animated powerpoint for showing at the final class.','1',1,NULL,'2020-05-11 04:00:00','2020-05-11 04:00:00',NULL),(160,8,'0','','No advocacy project completed.','1',1,NULL,'2020-05-11 04:00:00','2020-05-11 04:00:00',NULL),(161,9,'4','','I will work with a small peer group to prepare a short (2 min) video edited before final class and posted to WMU OT/external social media.','1',1,NULL,'2020-05-11 04:00:00','2020-05-11 04:00:00',NULL),(162,9,'3','','I will work with a small peer group to prepare a short (2 min) video submitted one week prior to final class for editing before class viewing.','1',1,NULL,'2020-05-11 04:00:00','2020-05-11 04:00:00',NULL),(163,9,'2','','I will work with a small peer group to prepare a short (2 min) video ready for viewing at the final class.','1',1,NULL,'2020-05-11 04:00:00','2020-05-11 04:00:00',NULL),(164,9,'1','','I will prepare an animated powerpoint for showing at the final class.','1',1,NULL,'2020-05-11 04:00:00','2020-05-11 04:00:00',NULL),(165,9,'0','','No advocacy project completed.','1',1,NULL,'2020-05-11 04:00:00','2020-05-11 04:00:00',NULL),(166,10,'4','','I will work with a small peer group to prepare a short (2 min) video edited before final class and posted to WMU OT/external social media.','1',1,NULL,'2020-05-11 04:00:00','2020-05-11 04:00:00',NULL),(167,10,'3','','I will work with a small peer group to prepare a short (2 min) video submitted one week prior to final class for editing before class viewing.','1',1,NULL,'2020-05-11 04:00:00','2020-05-11 04:00:00',NULL),(168,10,'2','','I will work with a small peer group to prepare a short (2 min) video ready for viewing at the final class.','1',1,NULL,'2020-05-11 04:00:00','2020-05-11 04:00:00',NULL),(169,10,'1','','I will prepare an animated powerpoint for showing at the final class.','1',1,NULL,'2020-05-11 04:00:00','2020-05-11 04:00:00',NULL),(170,10,'0','','No advocacy project completed.','1',1,NULL,'2020-05-11 04:00:00','2020-05-11 04:00:00',NULL),(171,11,'4','','I will work with a small peer group to prepare a short (2 min) video edited before final class and posted to WMU OT/external social media.','1',1,NULL,'2020-05-11 04:00:00','2020-05-11 04:00:00',NULL),(172,11,'3','','I will work with a small peer group to prepare a short (2 min) video submitted one week prior to final class for editing before class viewing.','1',1,NULL,'2020-05-11 04:00:00','2020-05-11 04:00:00',NULL),(173,11,'2','','I will work with a small peer group to prepare a short (2 min) video ready for viewing at the final class.','1',1,NULL,'2020-05-11 04:00:00','2020-05-11 04:00:00',NULL),(174,11,'1','','I will prepare an animated powerpoint for showing at the final class.','1',1,NULL,'2020-05-11 04:00:00','2020-05-11 04:00:00',NULL),(175,11,'0','','No advocacy project completed.','1',1,NULL,'2020-05-11 04:00:00','2020-05-11 04:00:00',NULL),(176,12,'4','','I will work with a small peer group to prepare a short (2 min) video edited before final class and posted to WMU OT/external social media.','1',1,NULL,'2020-05-11 04:00:00','2020-05-11 04:00:00',NULL),(177,12,'3','','I will work with a small peer group to prepare a short (2 min) video submitted one week prior to final class for editing before class viewing.','1',1,NULL,'2020-05-11 04:00:00','2020-05-11 04:00:00',NULL),(178,12,'2','','I will work with a small peer group to prepare a short (2 min) video ready for viewing at the final class.','1',1,NULL,'2020-05-11 04:00:00','2020-05-11 04:00:00',NULL),(179,12,'1','','I will prepare an animated powerpoint for showing at the final class.','1',1,NULL,'2020-05-11 04:00:00','2020-05-11 04:00:00',NULL),(180,12,'0','','No advocacy project completed.','1',1,NULL,'2020-05-11 04:00:00','2020-05-11 04:00:00',NULL),(181,13,'4','','I will work with a small peer group to prepare a short (2 min) video edited before final class and posted to WMU OT/external social media.','1',1,NULL,'2020-05-11 04:00:00','2020-05-11 04:00:00',NULL),(182,13,'3','','I will work with a small peer group to prepare a short (2 min) video submitted one week prior to final class for editing before class viewing.','1',1,NULL,'2020-05-11 04:00:00','2020-05-11 04:00:00',NULL),(183,13,'2','','I will work with a small peer group to prepare a short (2 min) video ready for viewing at the final class.','1',1,NULL,'2020-05-11 04:00:00','2020-05-11 04:00:00',NULL),(184,13,'1','','I will prepare an animated powerpoint for showing at the final class.','1',1,NULL,'2020-05-11 04:00:00','2020-05-11 04:00:00',NULL),(185,13,'0','','No advocacy project completed.','1',1,NULL,'2020-05-11 04:00:00','2020-05-11 04:00:00',NULL),(186,14,'4','','I will work with a small peer group to prepare a short (2 min) video edited before final class and posted to WMU OT/external social media.','1',1,NULL,'2020-05-11 04:00:00','2020-05-11 04:00:00',NULL),(187,14,'3','','I will work with a small peer group to prepare a short (2 min) video submitted one week prior to final class for editing before class viewing.','1',1,NULL,'2020-05-11 04:00:00','2020-05-11 04:00:00',NULL),(188,14,'2','','I will work with a small peer group to prepare a short (2 min) video ready for viewing at the final class.','1',1,NULL,'2020-05-11 04:00:00','2020-05-11 04:00:00',NULL),(189,14,'1','','I will prepare an animated powerpoint for showing at the final class.','1',1,NULL,'2020-05-11 04:00:00','2020-05-11 04:00:00',NULL),(190,14,'0','','No advocacy project completed.','1',1,NULL,'2020-05-11 04:00:00','2020-05-11 04:00:00',NULL),(191,15,'4','','I will work with a small peer group to prepare a short (2 min) video edited before final class and posted to WMU OT/external social media.','1',1,NULL,'2020-05-11 04:00:00','2020-05-11 04:00:00',NULL),(192,15,'3','','I will work with a small peer group to prepare a short (2 min) video submitted one week prior to final class for editing before class viewing.','1',1,NULL,'2020-05-11 04:00:00','2020-05-11 04:00:00',NULL),(193,15,'2','','I will work with a small peer group to prepare a short (2 min) video ready for viewing at the final class.','1',1,NULL,'2020-05-11 04:00:00','2020-05-11 04:00:00',NULL),(194,15,'1','','I will prepare an animated powerpoint for showing at the final class.','1',1,NULL,'2020-05-11 04:00:00','2020-05-11 04:00:00',NULL),(195,15,'0','','No advocacy project completed.','1',1,NULL,'2020-05-11 04:00:00','2020-05-11 04:00:00',NULL),(196,16,'4','','I will work with a small peer group to prepare a short (2 min) video edited before final class and posted to WMU OT/external social media.','1',1,NULL,'2020-05-11 04:00:00','2020-05-11 04:00:00',NULL),(197,16,'3','','I will work with a small peer group to prepare a short (2 min) video submitted one week prior to final class for editing before class viewing.','1',1,NULL,'2020-05-11 04:00:00','2020-05-11 04:00:00',NULL),(198,16,'2','','I will work with a small peer group to prepare a short (2 min) video ready for viewing at the final class.','1',1,NULL,'2020-05-11 04:00:00','2020-05-11 04:00:00',NULL),(199,16,'1','','I will prepare an animated powerpoint for showing at the final class.','1',1,NULL,'2020-05-11 04:00:00','2020-05-11 04:00:00',NULL),(200,16,'0','','No advocacy project completed.','1',1,NULL,'2020-05-11 04:00:00','2020-05-11 04:00:00',NULL),(201,17,'4','','I will work with a small peer group to prepare a short (2 min) video edited before final class and posted to WMU OT/external social media.','1',1,NULL,'2020-05-11 04:00:00','2020-05-11 04:00:00',NULL),(202,17,'3','','I will work with a small peer group to prepare a short (2 min) video submitted one week prior to final class for editing before class viewing.','1',1,NULL,'2020-05-11 04:00:00','2020-05-11 04:00:00',NULL),(203,17,'2','','I will work with a small peer group to prepare a short (2 min) video ready for viewing at the final class.','1',1,NULL,'2020-05-11 04:00:00','2020-05-11 04:00:00',NULL),(204,17,'1','','I will prepare an animated powerpoint for showing at the final class.','1',1,NULL,'2020-05-11 04:00:00','2020-05-11 04:00:00',NULL),(205,17,'0','','No advocacy project completed.','1',1,NULL,'2020-05-11 04:00:00','2020-05-11 04:00:00',NULL),(206,18,'4','','I will work with a small peer group to prepare a short (2 min) video edited before final class and posted to WMU OT/external social media.','1',1,NULL,'2020-05-11 04:00:00','2020-05-11 04:00:00',NULL),(207,18,'3','','I will work with a small peer group to prepare a short (2 min) video submitted one week prior to final class for editing before class viewing.','1',1,NULL,'2020-05-11 04:00:00','2020-05-11 04:00:00',NULL),(208,18,'2','','I will work with a small peer group to prepare a short (2 min) video ready for viewing at the final class.','1',1,NULL,'2020-05-11 04:00:00','2020-05-11 04:00:00',NULL),(209,18,'1','','I will prepare an animated powerpoint for showing at the final class.','1',1,NULL,'2020-05-11 04:00:00','2020-05-11 04:00:00',NULL),(210,18,'0','','No advocacy project completed.','1',1,NULL,'2020-05-11 04:00:00','2020-05-11 04:00:00',NULL),(211,19,'4','','I will work with a small peer group to prepare a short (2 min) video edited before final class and posted to WMU OT/external social media.','1',1,NULL,'2020-05-11 04:00:00','2020-05-11 04:00:00',NULL),(212,19,'3','','I will work with a small peer group to prepare a short (2 min) video submitted one week prior to final class for editing before class viewing.','1',1,NULL,'2020-05-11 04:00:00','2020-05-11 04:00:00',NULL),(213,19,'2','','I will work with a small peer group to prepare a short (2 min) video ready for viewing at the final class.','1',1,NULL,'2020-05-11 04:00:00','2020-05-11 04:00:00',NULL),(214,19,'1','','I will prepare an animated powerpoint for showing at the final class.','1',1,NULL,'2020-05-11 04:00:00','2020-05-11 04:00:00',NULL),(215,19,'0','','No advocacy project completed.','1',1,NULL,'2020-05-11 04:00:00','2020-05-11 04:00:00',NULL),(216,20,'4','','I will work with a small peer group to prepare a short (2 min) video edited before final class and posted to WMU OT/external social media.','1',1,NULL,'2020-05-11 04:00:00','2020-05-11 04:00:00',NULL),(217,20,'3','','I will work with a small peer group to prepare a short (2 min) video submitted one week prior to final class for editing before class viewing.','1',1,NULL,'2020-05-11 04:00:00','2020-05-11 04:00:00',NULL),(218,20,'2','','I will work with a small peer group to prepare a short (2 min) video ready for viewing at the final class.','1',1,NULL,'2020-05-11 04:00:00','2020-05-11 04:00:00',NULL),(219,20,'1','','I will prepare an animated powerpoint for showing at the final class.','1',1,NULL,'2020-05-11 04:00:00','2020-05-11 04:00:00',NULL),(220,20,'0','','No advocacy project completed.','1',1,NULL,'2020-05-11 04:00:00','2020-05-11 04:00:00',NULL),(221,21,'4','','I will work with a small peer group to prepare a short (2 min) video edited before final class and posted to WMU OT/external social media.','1',1,NULL,'2020-05-11 04:00:00','2020-05-11 04:00:00',NULL),(222,21,'3','','I will work with a small peer group to prepare a short (2 min) video submitted one week prior to final class for editing before class viewing.','1',1,NULL,'2020-05-11 04:00:00','2020-05-11 04:00:00',NULL),(223,21,'2','','I will work with a small peer group to prepare a short (2 min) video ready for viewing at the final class.','1',1,NULL,'2020-05-11 04:00:00','2020-05-11 04:00:00',NULL),(224,21,'1','','I will prepare an animated powerpoint for showing at the final class.','1',1,NULL,'2020-05-11 04:00:00','2020-05-11 04:00:00',NULL),(225,21,'0','','No advocacy project completed.','1',1,NULL,'2020-05-11 04:00:00','2020-05-11 04:00:00',NULL),(226,22,'4','','I will work with a small peer group to prepare a short (2 min) video edited before final class and posted to WMU OT/external social media.','1',1,NULL,'2020-05-11 04:00:00','2020-05-11 04:00:00',NULL),(227,22,'3','','I will work with a small peer group to prepare a short (2 min) video submitted one week prior to final class for editing before class viewing.','1',1,NULL,'2020-05-11 04:00:00','2020-05-11 04:00:00',NULL),(228,22,'2','','I will work with a small peer group to prepare a short (2 min) video ready for viewing at the final class.','1',1,NULL,'2020-05-11 04:00:00','2020-05-11 04:00:00',NULL),(229,22,'1','','I will prepare an animated powerpoint for showing at the final class.','1',1,NULL,'2020-05-11 04:00:00','2020-05-11 04:00:00',NULL),(230,22,'0','','No advocacy project completed.','1',1,NULL,'2020-05-11 04:00:00','2020-05-11 04:00:00',NULL),(231,23,'4','','I will work with a small peer group to prepare a short (2 min) video edited before final class and posted to WMU OT/external social media.','1',1,NULL,'2020-05-11 04:00:00','2020-05-11 04:00:00',NULL),(232,23,'3','','I will work with a small peer group to prepare a short (2 min) video submitted one week prior to final class for editing before class viewing.','1',1,NULL,'2020-05-11 04:00:00','2020-05-11 04:00:00',NULL),(233,23,'2','','I will work with a small peer group to prepare a short (2 min) video ready for viewing at the final class.','1',1,NULL,'2020-05-11 04:00:00','2020-05-11 04:00:00',NULL),(234,23,'1','','I will prepare an animated powerpoint for showing at the final class.','1',1,NULL,'2020-05-11 04:00:00','2020-05-11 04:00:00',NULL),(235,23,'0','','No advocacy project completed.','1',1,NULL,'2020-05-11 04:00:00','2020-05-11 04:00:00',NULL),(236,24,'4','','I will work with a small peer group to prepare a short (2 min) video edited before final class and posted to WMU OT/external social media.','1',1,NULL,'2020-05-11 04:00:00','2020-05-11 04:00:00',NULL),(237,24,'3','','I will work with a small peer group to prepare a short (2 min) video submitted one week prior to final class for editing before class viewing.','1',1,NULL,'2020-05-11 04:00:00','2020-05-11 04:00:00',NULL),(238,24,'2','','I will work with a small peer group to prepare a short (2 min) video ready for viewing at the final class.','1',1,NULL,'2020-05-11 04:00:00','2020-05-11 04:00:00',NULL),(239,24,'1','','I will prepare an animated powerpoint for showing at the final class.','1',1,NULL,'2020-05-11 04:00:00','2020-05-11 04:00:00',NULL),(240,24,'0','','No advocacy project completed.','1',1,NULL,'2020-05-11 04:00:00','2020-05-11 04:00:00',NULL),(241,49,'4','','I will read 4-6 additional articles or resources and informally interview a practitioner for additional insights','1',1,NULL,'2020-05-11 04:00:00','2020-05-11 04:00:00',NULL),(242,49,'3','','I will read 4-6 additional articles','1',1,NULL,'2020-05-11 04:00:00','2020-05-11 04:00:00',NULL),(243,49,'2','','I will read 2-3 additional articles or resources','1',1,NULL,'2020-05-11 04:00:00','2020-05-11 04:00:00',NULL),(244,49,'1','','I will read one related article provided on the course site and will successfully complete the included competency quiz','1',1,NULL,'2020-05-11 04:00:00','2020-05-11 04:00:00',NULL),(245,49,'0','','No research completed on this topic','1',1,NULL,'2020-05-11 04:00:00','2020-05-11 04:00:00',NULL),(246,50,'4','','I will read 4-6 additional articles or resources and informally interview a practitioner for additional insights','1',1,NULL,'2020-05-11 04:00:00','2020-05-11 04:00:00',NULL),(247,50,'3','','I will read 4-6 additional articles','1',1,NULL,'2020-05-11 04:00:00','2020-05-11 04:00:00',NULL),(248,50,'2','','I will read 2-3 additional articles or resources','1',1,NULL,'2020-05-11 04:00:00','2020-05-11 04:00:00',NULL),(249,50,'1','','I will read one related article provided on the course site and will successfully complete the included competency quiz','1',1,NULL,'2020-05-11 04:00:00','2020-05-11 04:00:00',NULL),(250,50,'0','','No research completed on this topic','1',1,NULL,'2020-05-11 04:00:00','2020-05-11 04:00:00',NULL),(251,51,'4','','I will read 4-6 additional articles or resources and informally interview a practitioner for additional insights','1',1,NULL,'2020-05-11 04:00:00','2020-05-11 04:00:00',NULL),(252,51,'3','','I will read 4-6 additional articles','1',1,NULL,'2020-05-11 04:00:00','2020-05-11 04:00:00',NULL),(253,51,'2','','I will read 2-3 additional articles or resources','1',1,NULL,'2020-05-11 04:00:00','2020-05-11 04:00:00',NULL),(254,51,'1','','I will read one related article provided on the course site and will successfully complete the included competency quiz','1',1,NULL,'2020-05-11 04:00:00','2020-05-11 04:00:00',NULL),(255,52,'0','','No research completed on this topic','1',1,NULL,'2020-05-11 04:00:00','2020-05-11 04:00:00',NULL),(256,52,'4','','I will read 4-6 additional articles or resources and informally interview a practitioner for additional insights','1',1,NULL,'2020-05-11 04:00:00','2020-05-11 04:00:00',NULL),(257,52,'3','','I will read 4-6 additional articles','1',1,NULL,'2020-05-11 04:00:00','2020-05-11 04:00:00',NULL),(258,52,'2','','I will read 2-3 additional articles or resources','1',1,NULL,'2020-05-11 04:00:00','2020-05-11 04:00:00',NULL),(259,52,'1','','I will read one related article provided on the course site and will successfully complete the included competency quiz','1',1,NULL,'2020-05-11 04:00:00','2020-05-11 04:00:00',NULL),(260,52,'0','','No research completed on this topic','1',1,NULL,'2020-05-11 04:00:00','2020-05-11 04:00:00',NULL),(261,53,'4','','I will read 4-6 additional articles or resources and informally interview a practitioner for additional insights','1',1,NULL,'2020-05-11 04:00:00','2020-05-11 04:00:00',NULL),(262,53,'3','','I will read 4-6 additional articles','1',1,NULL,'2020-05-11 04:00:00','2020-05-11 04:00:00',NULL),(263,53,'2','','I will read 2-3 additional articles or resources','1',1,NULL,'2020-05-11 04:00:00','2020-05-11 04:00:00',NULL),(264,53,'1','','I will read one related article provided on the course site and will successfully complete the included competency quiz','1',1,NULL,'2020-05-11 04:00:00','2020-05-11 04:00:00',NULL),(265,53,'0','','No research completed on this topic','1',1,NULL,'2020-05-11 04:00:00','2020-05-11 04:00:00',NULL),(266,54,'4','','I will read 4-6 additional articles or resources and informally interview a practitioner for additional insights','1',1,NULL,'2020-05-11 04:00:00','2020-05-11 04:00:00',NULL),(267,54,'3','','I will read 4-6 additional articles','1',1,NULL,'2020-05-11 04:00:00','2020-05-11 04:00:00',NULL),(268,54,'2','','I will read 2-3 additional articles or resources','1',1,NULL,'2020-05-11 04:00:00','2020-05-11 04:00:00',NULL),(269,54,'1','','I will read one related article provided on the course site and will successfully complete the included competency quiz','1',1,NULL,'2020-05-11 04:00:00','2020-05-11 04:00:00',NULL),(270,54,'0','','No research completed on this topic','1',1,NULL,'2020-05-11 04:00:00','2020-05-11 04:00:00',NULL),(271,55,'4','','I will read 4-6 additional articles or resources and informally interview a practitioner for additional insights','1',1,NULL,'2020-05-11 04:00:00','2020-05-11 04:00:00',NULL),(272,55,'3','','I will read 4-6 additional articles','1',1,NULL,'2020-05-11 04:00:00','2020-05-11 04:00:00',NULL),(273,55,'2','','I will read 2-3 additional articles or resources','1',1,NULL,'2020-05-11 04:00:00','2020-05-11 04:00:00',NULL),(274,55,'1','','I will read one related article provided on the course site and will successfully complete the included competency quiz','1',1,NULL,'2020-05-11 04:00:00','2020-05-11 04:00:00',NULL),(275,55,'0','','No research completed on this topic','1',1,NULL,'2020-05-11 04:00:00','2020-05-11 04:00:00',NULL),(276,56,'4','','I will read 4-6 additional articles or resources and informally interview a practitioner for additional insights','1',1,NULL,'2020-05-11 04:00:00','2020-05-11 04:00:00',NULL),(277,56,'3','','I will read 4-6 additional articles','1',1,NULL,'2020-05-11 04:00:00','2020-05-11 04:00:00',NULL),(278,56,'2','','I will read 2-3 additional articles or resources','1',1,NULL,'2020-05-11 04:00:00','2020-05-11 04:00:00',NULL),(279,56,'1','','I will read one related article provided on the course site and will successfully complete the included competency quiz','1',1,NULL,'2020-05-11 04:00:00','2020-05-11 04:00:00',NULL),(280,56,'0','','No research completed on this topic','1',1,NULL,'2020-05-11 04:00:00','2020-05-11 04:00:00',NULL),(281,57,'4','','I will read 4-6 additional articles or resources and informally interview a practitioner for additional insights','1',1,NULL,'2020-05-11 04:00:00','2020-05-11 04:00:00',NULL),(282,57,'3','','I will read 4-6 additional articles','1',1,NULL,'2020-05-11 04:00:00','2020-05-11 04:00:00',NULL),(283,57,'2','','I will read 2-3 additional articles or resources','1',1,NULL,'2020-05-11 04:00:00','2020-05-11 04:00:00',NULL),(284,57,'1','','I will read one related article provided on the course site and will successfully complete the included competency quiz','1',1,NULL,'2020-05-11 04:00:00','2020-05-11 04:00:00',NULL),(285,57,'0','','No research completed on this topic','1',1,NULL,'2020-05-11 04:00:00','2020-05-11 04:00:00',NULL),(286,58,'4','','I will read 4-6 additional articles or resources and informally interview a practitioner for additional insights','1',1,NULL,'2020-05-11 04:00:00','2020-05-11 04:00:00',NULL),(287,58,'3','','I will read 4-6 additional articles','1',1,NULL,'2020-05-11 04:00:00','2020-05-11 04:00:00',NULL),(288,58,'2','','I will read 2-3 additional articles or resources','1',1,NULL,'2020-05-11 04:00:00','2020-05-11 04:00:00',NULL),(289,58,'1','','I will read one related article provided on the course site and will successfully complete the included competency quiz','1',1,NULL,'2020-05-11 04:00:00','2020-05-11 04:00:00',NULL),(290,58,'0','','No research completed on this topic','1',1,NULL,'2020-05-11 04:00:00','2020-05-11 04:00:00',NULL),(291,59,'4','','I will read 4-6 additional articles or resources and informally interview a practitioner for additional insights','1',1,NULL,'2020-05-11 04:00:00','2020-05-11 04:00:00',NULL),(292,59,'3','','I will read 4-6 additional articles','1',1,NULL,'2020-05-11 04:00:00','2020-05-11 04:00:00',NULL),(293,59,'2','','I will read 2-3 additional articles or resources','1',1,NULL,'2020-05-11 04:00:00','2020-05-11 04:00:00',NULL),(294,59,'1','','I will read one related article provided on the course site and will successfully complete the included competency quiz','1',1,NULL,'2020-05-11 04:00:00','2020-05-11 04:00:00',NULL),(295,59,'0','','No research completed on this topic','1',1,NULL,'2020-05-11 04:00:00','2020-05-11 04:00:00',NULL),(296,60,'4','','I will read 4-6 additional articles or resources and informally interview a practitioner for additional insights','1',1,NULL,'2020-05-11 04:00:00','2020-05-11 04:00:00',NULL),(297,60,'3','','I will read 4-6 additional articles','1',1,NULL,'2020-05-11 04:00:00','2020-05-11 04:00:00',NULL),(298,60,'2','','I will read 2-3 additional articles or resources','1',1,NULL,'2020-05-11 04:00:00','2020-05-11 04:00:00',NULL),(299,60,'1','','I will read one related article provided on the course site and will successfully complete the included competency quiz','1',1,NULL,'2020-05-11 04:00:00','2020-05-11 04:00:00',NULL),(300,60,'0','','No research completed on this topic','1',1,NULL,'2020-05-11 04:00:00','2020-05-11 04:00:00',NULL),(301,61,'4','','I will read 4-6 additional articles or resources and informally interview a practitioner for additional insights','1',1,NULL,'2020-05-11 04:00:00','2020-05-11 04:00:00',NULL),(302,61,'3','','I will read 4-6 additional articles','1',1,NULL,'2020-05-11 04:00:00','2020-05-11 04:00:00',NULL),(303,61,'2','','I will read 2-3 additional articles or resources','1',1,NULL,'2020-05-11 04:00:00','2020-05-11 04:00:00',NULL),(304,61,'1','','I will read one related article provided on the course site and will successfully complete the included competency quiz','1',1,NULL,'2020-05-11 04:00:00','2020-05-11 04:00:00',NULL),(305,61,'0','','No research completed on this topic','1',1,NULL,'2020-05-11 04:00:00','2020-05-11 04:00:00',NULL),(306,62,'4','','I will read 4-6 additional articles or resources and informally interview a practitioner for additional insights','1',1,NULL,'2020-05-11 04:00:00','2020-05-11 04:00:00',NULL),(307,62,'3','','I will read 4-6 additional articles','1',1,NULL,'2020-05-11 04:00:00','2020-05-11 04:00:00',NULL),(308,62,'2','','I will read 2-3 additional articles or resources','1',1,NULL,'2020-05-11 04:00:00','2020-05-11 04:00:00',NULL),(309,62,'1','','I will read one related article provided on the course site and will successfully complete the included competency quiz','1',1,NULL,'2020-05-11 04:00:00','2020-05-11 04:00:00',NULL),(310,62,'0','','No research completed on this topic','1',1,NULL,'2020-05-11 04:00:00','2020-05-11 04:00:00',NULL),(311,63,'4','','I will read 4-6 additional articles or resources and informally interview a practitioner for additional insights','1',1,NULL,'2020-05-11 04:00:00','2020-05-11 04:00:00',NULL),(312,63,'3','','I will read 4-6 additional articles','1',1,NULL,'2020-05-11 04:00:00','2020-05-11 04:00:00',NULL),(313,63,'2','','I will read 2-3 additional articles or resources','1',1,NULL,'2020-05-11 04:00:00','2020-05-11 04:00:00',NULL),(314,63,'1','','I will read one related article provided on the course site and will successfully complete the included competency quiz','1',1,NULL,'2020-05-11 04:00:00','2020-05-11 04:00:00',NULL),(315,63,'0','','No research completed on this topic','1',1,NULL,'2020-05-11 04:00:00','2020-05-11 04:00:00',NULL),(316,64,'4','','I will read 4-6 additional articles or resources and informally interview a practitioner for additional insights','1',1,NULL,'2020-05-11 04:00:00','2020-05-11 04:00:00',NULL),(317,64,'3','','I will read 4-6 additional articles','1',1,NULL,'2020-05-11 04:00:00','2020-05-11 04:00:00',NULL),(318,64,'2','','I will read 2-3 additional articles or resources','1',1,NULL,'2020-05-11 04:00:00','2020-05-11 04:00:00',NULL),(319,64,'1','','I will read one related article provided on the course site and will successfully complete the included competency quiz','1',1,NULL,'2020-05-11 04:00:00','2020-05-11 04:00:00',NULL),(320,64,'0','','No research completed on this topic','1',1,NULL,'2020-05-11 04:00:00','2020-05-11 04:00:00',NULL),(321,65,'4','','I will read 4-6 additional articles or resources and informally interview a practitioner for additional insights','1',1,NULL,'2020-05-11 04:00:00','2020-05-11 04:00:00',NULL),(322,65,'3','','I will read 4-6 additional articles','1',1,NULL,'2020-05-11 04:00:00','2020-05-11 04:00:00',NULL),(323,65,'2','','I will read 2-3 additional articles or resources','1',1,NULL,'2020-05-11 04:00:00','2020-05-11 04:00:00',NULL),(324,65,'1','','I will read one related article provided on the course site and will successfully complete the included competency quiz','1',1,NULL,'2020-05-11 04:00:00','2020-05-11 04:00:00',NULL),(325,65,'0','','No research completed on this topic','1',1,NULL,'2020-05-11 04:00:00','2020-05-11 04:00:00',NULL),(326,66,'4','','I will read 4-6 additional articles or resources and informally interview a practitioner for additional insights','1',1,NULL,'2020-05-11 04:00:00','2020-05-11 04:00:00',NULL),(327,66,'3','','I will read 4-6 additional articles','1',1,NULL,'2020-05-11 04:00:00','2020-05-11 04:00:00',NULL),(328,66,'2','','I will read 2-3 additional articles or resources','1',1,NULL,'2020-05-11 04:00:00','2020-05-11 04:00:00',NULL),(329,66,'1','','I will read one related article provided on the course site and will successfully complete the included competency quiz','1',1,NULL,'2020-05-11 04:00:00','2020-05-11 04:00:00',NULL),(330,66,'0','','No research completed on this topic','1',1,NULL,'2020-05-11 04:00:00','2020-05-11 04:00:00',NULL),(331,67,'4','','I will read 4-6 additional articles or resources and informally interview a practitioner for additional insights','1',1,NULL,'2020-05-11 04:00:00','2020-05-11 04:00:00',NULL),(332,67,'3','','I will read 4-6 additional articles','1',1,NULL,'2020-05-11 04:00:00','2020-05-11 04:00:00',NULL),(333,67,'2','','I will read 2-3 additional articles or resources','1',1,NULL,'2020-05-11 04:00:00','2020-05-11 04:00:00',NULL),(334,67,'1','','I will read one related article provided on the course site and will successfully complete the included competency quiz','1',1,NULL,'2020-05-11 04:00:00','2020-05-11 04:00:00',NULL),(335,67,'0','','No research completed on this topic','1',1,NULL,'2020-05-11 04:00:00','2020-05-11 04:00:00',NULL),(336,68,'4','','I will read 4-6 additional articles or resources and informally interview a practitioner for additional insights','1',1,NULL,'2020-05-11 04:00:00','2020-05-11 04:00:00',NULL),(337,68,'3','','I will read 4-6 additional articles','1',1,NULL,'2020-05-11 04:00:00','2020-05-11 04:00:00',NULL),(338,68,'2','','I will read 2-3 additional articles or resources','1',1,NULL,'2020-05-11 04:00:00','2020-05-11 04:00:00',NULL),(339,68,'1','','I will read one related article provided on the course site and will successfully complete the included competency quiz','1',1,NULL,'2020-05-11 04:00:00','2020-05-11 04:00:00',NULL),(340,68,'0','','No research completed on this topic','1',1,NULL,'2020-05-11 04:00:00','2020-05-11 04:00:00',NULL),(341,69,'4','','I will read 4-6 additional articles or resources and informally interview a practitioner for additional insights','1',1,NULL,'2020-05-11 04:00:00','2020-05-11 04:00:00',NULL),(342,69,'3','','I will read 4-6 additional articles','1',1,NULL,'2020-05-11 04:00:00','2020-05-11 04:00:00',NULL),(343,69,'2','','I will read 2-3 additional articles or resources','1',1,NULL,'2020-05-11 04:00:00','2020-05-11 04:00:00',NULL),(344,69,'1','','I will read one related article provided on the course site and will successfully complete the included competency quiz','1',1,NULL,'2020-05-11 04:00:00','2020-05-11 04:00:00',NULL),(345,69,'0','','No research completed on this topic','1',1,NULL,'2020-05-11 04:00:00','2020-05-11 04:00:00',NULL),(346,70,'4','','I will read 4-6 additional articles or resources and informally interview a practitioner for additional insights','1',1,NULL,'2020-05-11 04:00:00','2020-05-11 04:00:00',NULL),(347,70,'3','','I will read 4-6 additional articles','1',1,NULL,'2020-05-11 04:00:00','2020-05-11 04:00:00',NULL),(348,70,'2','','I will read 2-3 additional articles or resources','1',1,NULL,'2020-05-11 04:00:00','2020-05-11 04:00:00',NULL),(349,70,'1','','I will read one related article provided on the course site and will successfully complete the included competency quiz','1',1,NULL,'2020-05-11 04:00:00','2020-05-11 04:00:00',NULL),(350,70,'0','','No research completed on this topic','1',1,NULL,'2020-05-11 04:00:00','2020-05-11 04:00:00',NULL),(351,71,'4','','I will read 4-6 additional articles or resources and informally interview a practitioner for additional insights','1',1,NULL,'2020-05-11 04:00:00','2020-05-11 04:00:00',NULL),(352,71,'3','','I will read 4-6 additional articles','1',1,NULL,'2020-05-11 04:00:00','2020-05-11 04:00:00',NULL),(353,71,'2','','I will read 2-3 additional articles or resources','1',1,NULL,'2020-05-11 04:00:00','2020-05-11 04:00:00',NULL),(354,71,'1','','I will read one related article provided on the course site and will successfully complete the included competency quiz','1',1,NULL,'2020-05-11 04:00:00','2020-05-11 04:00:00',NULL),(355,71,'0','','No research completed on this topic','1',1,NULL,'2020-05-11 04:00:00','2020-05-11 04:00:00',NULL),(356,72,'4','','I will read 4-6 additional articles or resources and informally interview a practitioner for additional insights','1',1,NULL,'2020-05-11 04:00:00','2020-05-11 04:00:00',NULL),(357,72,'3','','I will read 4-6 additional articles','1',1,NULL,'2020-05-11 04:00:00','2020-05-11 04:00:00',NULL),(358,72,'2','','I will read 2-3 additional articles or resources','1',1,NULL,'2020-05-11 04:00:00','2020-05-11 04:00:00',NULL),(359,72,'1','','I will read one related article provided on the course site and will successfully complete the included competency quiz','1',1,NULL,'2020-05-11 04:00:00','2020-05-11 04:00:00',NULL),(360,72,'0','','No research completed on this topic','1',1,NULL,'2020-05-11 04:00:00','2020-05-11 04:00:00',NULL),(363,73,'0','','Works out inconsistently','1',1,1,'2020-05-11 04:00:00','2020-05-11 04:00:00',NULL),(364,73,'1','','Participates in an average of 30 minutes of cardio exercise and 15 min of muscle building 1  day a week for 4/6 weeks by the end of the semester','1',1,1,'2020-05-11 04:00:00','2020-05-11 04:00:00',NULL),(365,73,'2','','Participates in an average of 30 minutes of cardio exercise and 15 min of muscle building 2  days a week for 4/6 weeks by the end of the semester','1',1,1,'2020-05-11 04:00:00','2020-05-11 04:00:00',NULL),(366,73,'3','','Participates in an average of 30 minutes of cardio exercise and 15 min of muscle building 3  days a week for 4/6 weeks by the end of the semester','1',1,1,'2020-05-11 04:00:00','2020-05-11 04:00:00',NULL),(367,73,'4','','Participates in an average of 30 minutes of cardio exercise and 15 min of muscle building 4  days a week for 4/6 weeks by the end of the semester','1',1,1,'2020-05-11 04:00:00','2020-05-11 04:00:00',NULL),(368,74,'0','','Eats vegetable dominant meals inconsistently','1',1,1,'2020-05-11 04:00:00','2020-05-11 04:00:00',NULL),(369,74,'1','','Will incorporate vegetable dominant meal for one meal each day for 5 consecutive days by the  end of the semester','1',1,1,'2020-05-11 04:00:00','2020-05-11 04:00:00',NULL),(370,74,'2','','Will incorporate vegetable dominant meal for one meal each day for 10 consecutive days by  the end of the semester','1',1,1,'2020-05-11 04:00:00','2020-05-11 04:00:00',NULL),(371,74,'3','','Will incorporate vegetable dominant meal for one meal each day for 15 consecutive days by  the end of the semester','1',1,1,'2020-05-11 04:00:00','2020-05-11 04:00:00',NULL),(372,74,'4','','Will incorporate vegetable dominant meal for one meal each day for 20 consecutive days by  the end of the semester','1',1,1,'2020-05-11 04:00:00','2020-05-11 04:00:00',NULL),(373,75,'0','','Does not currently exercise ','1',1,1,'2020-05-11 04:00:00','2020-05-11 04:00:00',NULL),(374,75,'1','','I will participate in a home exercise program of 30 minutes of combined cardio and strength training 1 day/wk for 4/6 weeks by the end of the semester.','1',1,1,'2020-05-11 04:00:00','2020-05-11 04:00:00',NULL),(375,75,'2','','I will participate in a home exercise program of 30 minutes of combined cardio and strength training 2 days/wk for 4/6 weeks by the end of the semester.','1',1,1,'2020-05-11 04:00:00','2020-05-11 04:00:00',NULL),(376,75,'3','','I will participate in a home exercise program of 30 minutes of combined cardio and strength training 3 days/wk for 4/6 weeks by the end of the semester.','1',1,1,'2020-05-11 04:00:00','2020-05-11 04:00:00',NULL),(377,75,'4','','I will participate in a home exercise program of 30 minutes of combined cardio and strength training 4 days/wk for 4/6 weeks by the end of the semester.','1',1,1,'2020-05-11 04:00:00','2020-05-11 04:00:00',NULL),(378,76,'0','','Not currently cooking healthy balanced meals consistently.','1',1,1,'2020-05-11 04:00:00','2020-05-11 04:00:00',NULL),(379,76,'1','','Will cook a healthy balanced meal twice a week for 4/6 weeks by the end of the semester.','1',1,1,'2020-05-11 04:00:00','2020-05-11 04:00:00',NULL),(380,76,'2','','Will cook a healthy balanced meal 3 times/wk for 4/6 weeks by the end of semester.','1',1,1,'2020-05-11 04:00:00','2020-05-11 04:00:00',NULL),(381,76,'3','','Will cook a healthy balanced meal 4 times/wk for 4/6 weeks by the end of semester.','1',1,1,'2020-05-11 04:00:00','2020-05-11 04:00:00',NULL),(382,76,'4','','Will cook a healthy balanced meal 5 times/wk for 4/6 weeks by the end of semester.','1',1,1,'2020-05-11 04:00:00','2020-05-11 04:00:00',NULL),(383,77,'0','','Stretch 30 min/week for 4/6 weeks.','1',1,1,'2020-05-11 04:00:00','2020-05-11 04:00:00',NULL),(384,77,'1','','Stretch 40 min/week for 4/6 weeks.','1',1,1,'2020-05-11 04:00:00','2020-05-11 04:00:00',NULL),(385,77,'2','','Stretch 50 min/week for 4/6 weeks.','1',1,1,'2020-05-11 04:00:00','2020-05-11 04:00:00',NULL),(386,77,'3','','Stretch 60 min/week for 4/6 weeks.','1',1,1,'2020-05-11 04:00:00','2020-05-11 04:00:00',NULL),(387,77,'4','','Stretch 70 min/week for 4/6 weeks.','1',1,1,'2020-05-11 04:00:00','2020-05-11 04:00:00',NULL),(388,78,'0','','Run 5 miles/week for 4/6 weeks.','1',1,1,'2020-05-11 04:00:00','2020-05-11 04:00:00',NULL),(389,78,'1','','Run 10 miles/week for 4/6 weeks.','1',1,1,'2020-05-11 04:00:00','2020-05-11 04:00:00',NULL),(390,78,'2','','Run 15 miles/week for 4/6 weeks.','1',1,1,'2020-05-11 04:00:00','2020-05-11 04:00:00',NULL),(391,78,'3','','Run 20 miles/week for 4/6 weeks.','1',1,1,'2020-05-11 04:00:00','2020-05-11 04:00:00',NULL),(392,78,'4','','Run 25 miles/week for 4/6 weeks.','1',1,1,'2020-05-11 04:00:00','2020-05-11 04:00:00',NULL),(393,79,'0','','Will obtain at least 6 hours of sleep a night, 4 nights a week for two consecutive weeks, by the end of the semester.','1',1,1,'2020-05-11 04:00:00','2020-05-11 04:00:00',NULL),(394,79,'1','','Will obtain at least 7 hours of sleep a night, 4 nights a week for two consecutive weeks, by the end of the semester.','1',1,1,'2020-05-11 04:00:00','2020-05-11 04:00:00',NULL),(395,79,'2','','Will obtain at least 7 hours of sleep a night, 5 nights a week for 4/6 weeks, by the end of the semester.','1',1,1,'2020-05-11 04:00:00','2020-05-11 04:00:00',NULL),(396,79,'3','','Will obtain at least 8 hours of sleep a night, 5 nights a week for 4/6 weeks, by the end of the semester.','1',1,1,'2020-05-11 04:00:00','2020-05-11 04:00:00',NULL),(397,79,'4','','Will obtain at least 8 hours of sleep a night, every night of the week for 4/6 weeks, by the end of the sleep.','1',1,1,'2020-05-11 04:00:00','2020-05-11 04:00:00',NULL),(398,80,'0','','Will read for pleasure at least 1 hour a day, once a week for 3/6 weeks, by the end of the semester','1',1,1,'2020-05-11 04:00:00','2020-05-11 04:00:00',NULL),(399,80,'1','','Will read for pleasure at least 1 hour a day, 3 times a week for 3/6 weeks, by the end of the semester','1',1,1,'2020-05-11 04:00:00','2020-05-11 04:00:00',NULL),(400,80,'2','','Will read for pleasure at least 1 hour a day, 5 days a week for 3/6 weeks, by the end of the semester','1',1,1,'2020-05-11 04:00:00','2020-05-11 04:00:00',NULL),(401,80,'3','','Will read for pleasure at least 1 hour a day, 6 days of the week for 3/6 weeks, by the end of the semester','1',1,1,'2020-05-11 04:00:00','2020-05-11 04:00:00',NULL),(402,80,'4','','Will read for pleasure at least 1 hour a day, every day of the week for 3/6 weeks, by the end of the semester','1',1,1,'2020-05-11 04:00:00','2020-05-11 04:00:00',NULL),(403,81,'0','','Baseline: Not currently calling friends consistently','1',1,1,'2020-05-11 04:00:00','2020-05-11 04:00:00',NULL),(404,81,'1','','I will initiate calling 2 friends a week for 4/6 weeks by the end of the semester','1',1,1,'2020-05-11 04:00:00','2020-05-11 04:00:00',NULL),(405,81,'2','','I will initiate calling 3 friends a week for 4/6 weeks by the end of the semester','1',1,1,'2020-05-11 04:00:00','2020-05-11 04:00:00',NULL),(406,81,'3','','I will initiate calling 4 friends a week for 4/6 weeks by the end of the semester','1',1,1,'2020-05-11 04:00:00','2020-05-11 04:00:00',NULL),(407,81,'4','','I will initiate calling 5 friends a week for 4/6 weeks by the end of the semester','1',1,1,'2020-05-11 04:00:00','2020-05-11 04:00:00',NULL),(408,82,'0','','Currently wakes up after 8:00 AM each morning on the weekdays (Monday-Friday)','1',1,1,'2020-05-11 04:00:00','2020-05-11 04:00:00',NULL),(409,82,'1','','I will wake up at or before 8:00 AM on 2/5 weekdays for 4/6 weeks by the end of the semester','1',1,1,'2020-05-11 04:00:00','2020-05-11 04:00:00',NULL),(410,82,'2','','I will wake up at or before 8:00 AM on 3/5 weekdays for 4/6 weeks by the end of the semester','1',1,1,'2020-05-11 04:00:00','2020-05-11 04:00:00',NULL),(411,82,'3','','I will wake up at or before 8:00 AM on 4/5 weekdays for 4/6 weeks by the end of the semester','1',1,1,'2020-05-11 04:00:00','2020-05-11 04:00:00',NULL),(412,82,'4','','I will wake up at or before 8:00 AM on 5/5 weekdays for 4/6 weeks by the end of the semester','1',1,1,'2020-05-11 04:00:00','2020-05-11 04:00:00',NULL),(413,83,'0','','Currently only drinks 0-2 glasses of water a day','1',1,1,'2020-05-11 04:00:00','2020-05-11 04:00:00',NULL),(414,83,'1','','Will drink 3-4 glasses of water each day for 10 consecutive days by the end of the semester','1',1,1,'2020-05-11 04:00:00','2020-05-11 04:00:00',NULL),(415,83,'2','','Will drink 3-4 glasses of water each day for 20 consecutive days by the end of the semester','1',1,1,'2020-05-11 04:00:00','2020-05-11 04:00:00',NULL),(416,83,'3','','Will drink 5-6 glasses of water each day for 20 consecutive days by the end of the semester','1',1,1,'2020-05-11 04:00:00','2020-05-11 04:00:00',NULL),(417,83,'4','','Will drink 5-6 glasses of water each day for 30 consecutive days by the end of the semester','1',1,1,'2020-05-11 04:00:00','2020-05-11 04:00:00',NULL),(418,84,'0','','Currently not practicing yoga or pilates classes','1',1,1,'2020-05-11 04:00:00','2020-05-11 04:00:00',NULL),(419,84,'1','','Practices yoga or pilates 1 time a week for 4/6 weeks by the end of the semester','1',1,1,'2020-05-11 04:00:00','2020-05-11 04:00:00',NULL),(420,84,'2','','Practices yoga or pilates 2 times a week for 4/6 weeks by the end of the semester','1',1,1,'2020-05-11 04:00:00','2020-05-11 04:00:00',NULL),(421,84,'3','','Practices yoga or pilates 3 times a week for 4/6 weeks by the end of the semester','1',1,1,'2020-05-11 04:00:00','2020-05-11 04:00:00',NULL),(422,84,'4','','Practices yoga or pilates 4 times a week for 4/6 weeks by the end of the semester','1',1,1,'2020-05-11 04:00:00','2020-05-11 04:00:00',NULL),(423,85,'0','','Currently only drink 2 16 oz bottles of water each day.','1',1,1,'2020-05-11 04:00:00','2020-05-11 04:00:00',NULL),(424,85,'1','','Will drink 3 16 oz bottles of water each day for 15 consecutive days by June 23rd.','1',1,1,'2020-05-11 04:00:00','2020-05-11 04:00:00',NULL),(425,85,'2','','Will drink 4 16 oz bottles of water each day for 15 consecutive days by June 23rd.','1',1,1,'2020-05-11 04:00:00','2020-05-11 04:00:00',NULL),(426,85,'3','','Will drink 5 16 oz bottles of water each day for 15 consecutive days by June 23rd.','1',1,1,'2020-05-11 04:00:00','2020-05-11 04:00:00',NULL),(427,85,'4','','Will drink 6 16 oz bottles of water each day for 15 consecutive days by June 23rd.','1',1,1,'2020-05-11 04:00:00','2020-05-11 04:00:00',NULL),(428,86,'0','','Currently only eat one serving of fruits/vegetables per day.','1',1,1,'2020-05-11 04:00:00','2020-05-11 04:00:00',NULL),(429,86,'1','','Will eat 2 servings of fruits/vegetables per day for 5 consecutive days, 4/6 weeks by June 23rd.','1',1,1,'2020-05-11 04:00:00','2020-05-11 04:00:00',NULL),(430,86,'2','','Will eat 3 servings of fruits/vegetables per day for 5 consecutive days, 4/6 weeks by June 23rd.','1',1,1,'2020-05-11 04:00:00','2020-05-11 04:00:00',NULL),(431,86,'3','','Will eat 4 servings of fruits/vegetables per day for 5 consecutive days, 4/6 weeks by June 23rd.','1',1,1,'2020-05-11 04:00:00','2020-05-11 04:00:00',NULL),(432,86,'4','','Will eat 5 servings of fruits/vegetables per day for 5 consecutive days, 4/6 weeks by June 23rd.','1',1,1,'2020-05-11 04:00:00','2020-05-11 04:00:00',NULL),(433,87,'0','','Not writing in a journal at all','1',1,1,'2020-05-11 04:00:00','2020-05-11 04:00:00',NULL),(434,87,'1','','Journaling, in the morning, once a week for 4 weeks','1',1,1,'2020-05-11 04:00:00','2020-05-11 04:00:00',NULL),(435,87,'2','','Journaling, in the morning, twice a week for 4 weeks','1',1,1,'2020-05-11 04:00:00','2020-05-11 04:00:00',NULL),(436,87,'3','','Journaling, in the morning, three times a week for 4 weeks','1',1,1,'2020-05-11 04:00:00','2020-05-11 04:00:00',NULL),(437,87,'4','','Journaling, in the morning, four times a week for 4 weeks','1',1,1,'2020-05-11 04:00:00','2020-05-11 04:00:00',NULL),(438,88,'0','','Walking inconsistently, not every day','1',1,1,'2020-05-11 04:00:00','2020-05-11 04:00:00',NULL),(439,88,'1','','Walking 6,000 steps a day, per Fitbit','1',1,1,'2020-05-11 04:00:00','2020-05-11 04:00:00',NULL),(440,88,'2','','Walking 8,000 steps a day, per Fitbit','1',1,1,'2020-05-11 04:00:00','2020-05-11 04:00:00',NULL),(441,88,'3','','Walking 10,000 steps a day, per Fitbit','1',1,1,'2020-05-11 04:00:00','2020-05-11 04:00:00',NULL),(442,88,'4','','Walking 12,000 steps a day, per Fitbit','1',1,1,'2020-05-11 04:00:00','2020-05-11 04:00:00',NULL),(443,89,'0','','Currently exercises at least 45 minutes of moderate cardio exercise on some days, but schedule is intermittent/not consistent.','1',1,1,'2020-05-11 04:00:00','2020-05-11 04:00:00',NULL),(444,89,'1','','Participates in at least 45 minutes of moderate cardio exercise 3 days per week for 4/6 weeks, until the end of the semester.','1',1,1,'2020-05-11 04:00:00','2020-05-11 04:00:00',NULL),(445,89,'2','','Participates in at least 45 minutes of moderate cardio exercise 4 days per week for 4/6 weeks, until the end of the semester.','1',1,1,'2020-05-11 04:00:00','2020-05-11 04:00:00',NULL),(446,89,'3','','Participates in at least 60 minutes of moderate cardio exercise 4 days per week for 4/6 weeks, until the end of the semester.','1',1,1,'2020-05-11 04:00:00','2020-05-11 04:00:00',NULL),(447,89,'4','','Participates in at least 60 minutes of moderate cardio exercise 5 days per week for 4/6 weeks, until the end of the semester.','1',1,1,'2020-05-11 04:00:00','2020-05-11 04:00:00',NULL),(448,90,'0','','Currently does not transfer any earnings into savings account on a regular basis.','1',1,1,'2020-05-11 04:00:00','2020-05-11 04:00:00',NULL),(449,90,'1','','Transfers $10 from checking account to savings account once per week for 4/6 weeks, until the end of the semester.','1',1,1,'2020-05-11 04:00:00','2020-05-11 04:00:00',NULL),(450,90,'2','','Transfers $25 from checking account to savings account once per week for 4/6 weeks, until the end of the semester.','1',1,1,'2020-05-11 04:00:00','2020-05-11 04:00:00',NULL),(451,90,'3','','Transfers $35 from checking account to savings account once per week for 4/6 weeks, until the end of the semester.','1',1,1,'2020-05-11 04:00:00','2020-05-11 04:00:00',NULL),(452,90,'4','','Transfers $50 from checking account to savings account once per week for 4/6 weeks, until the end of the semester.','1',1,1,'2020-05-11 04:00:00','2020-05-11 04:00:00',NULL),(453,91,'0','','Exercises inconsistently','1',1,1,'2020-05-11 04:00:00','2020-05-11 04:00:00',NULL),(454,91,'1','','Participates in an average of 30 minutes of exercise following videos on the Burn App 2 days a week for 3/5 weeks by the end of the semester.','1',1,1,'2020-05-11 04:00:00','2020-05-11 04:00:00',NULL),(455,91,'2','','Participates in an average of 30 minutes of exercise following videos on the Burn App 3 days a week for 3/5 weeks by the end of the semester.','1',1,1,'2020-05-11 04:00:00','2020-05-11 04:00:00',NULL),(456,91,'3','','Participates in an average of 30 minutes of exercise following videos on the Burn App 4 days a week for 3/5 weeks by the end of the semester.','1',1,1,'2020-05-11 04:00:00','2020-05-11 04:00:00',NULL),(457,91,'4','','Participates in an average of 30 minutes of exercise following videos on the Burn App 5 days a week for 3/5 weeks by the end of the semester','1',1,1,'2020-05-11 04:00:00','2020-05-11 04:00:00',NULL),(458,92,'0','','Currently drinks 0-2 glasses of water each day.','1',1,1,'2020-05-11 04:00:00','2020-05-11 04:00:00',NULL),(459,92,'1','','Will drink 2-3 glasses of water each day for 10 consecutive days by the end of the semester.','1',1,1,'2020-05-11 04:00:00','2020-05-11 04:00:00',NULL),(460,92,'2','','Will drink 2-3 glasses of water each day for 15 consecutive days by the end of the semester.','1',1,1,'2020-05-11 04:00:00','2020-05-11 04:00:00',NULL),(461,92,'3','','Will drink 4-5 glasses of water each day for 15 consecutive days by the end of the semester.','1',1,1,'2020-05-11 04:00:00','2020-05-11 04:00:00',NULL),(462,92,'4','','Will drink 4-5 glasses of water each day for 20 consecutive days by the end of the semester.','1',1,1,'2020-05-11 04:00:00','2020-05-11 04:00:00',NULL),(463,93,'0','','I currently take both of my prescription medications 1x/day, 2 days a week.','1',1,1,'2020-05-11 04:00:00','2020-05-11 04:00:00',NULL),(464,93,'1','','I will take both of my prescription medications 1x/day, 3 days per week for 4/6 weeks.','1',1,1,'2020-05-11 04:00:00','2020-05-11 04:00:00',NULL),(465,93,'2','','I will take both of my prescription medications 1x/day, 5 days per week for 4/6 weeks.','1',1,1,'2020-05-11 04:00:00','2020-05-11 04:00:00',NULL),(466,93,'3','','I will take both of my prescription medications 1x/day, 6 days per week for 4/6 weeks.','1',1,1,'2020-05-11 04:00:00','2020-05-11 04:00:00',NULL),(467,93,'4','','I will take both of my prescription medications 1x/day, 7 days of the week for 4/6 weeks.','1',1,1,'2020-05-11 04:00:00','2020-05-11 04:00:00',NULL),(468,94,'0','','I currently drink 25 ounces of water 7 days a week.','1',1,1,'2020-05-11 04:00:00','2020-05-11 04:00:00',NULL),(469,94,'1','','I will drink 26-40 ounces of water 7 days of the week 5/6 weeks by the end of the semester.','1',1,1,'2020-05-11 04:00:00','2020-05-11 04:00:00',NULL),(470,94,'2','','I will drink 41-55 ounces of water 7 days of the week 5/6 weeks by the end of the semester.','1',1,1,'2020-05-11 04:00:00','2020-05-11 04:00:00',NULL),(471,94,'3','','I will drink 56-70- ounces of water 7days of the week 5/6 weeks by the end of the semester.','1',1,1,'2020-05-11 04:00:00','2020-05-11 04:00:00',NULL),(472,94,'4','','I will drink 71-85 ounces of water 7 days of the week 5/6 weeks by the end of the semester','1',1,1,'2020-05-11 04:00:00','2020-05-11 04:00:00',NULL),(473,95,'0','','Not currently journaling or doing devotionals consistently','1',1,1,'2020-05-11 04:00:00','2020-05-11 04:00:00',NULL),(474,95,'1','','Journals or completes a devotional 2 times a week for 4/6 weeks by the end of semester','1',1,1,'2020-05-11 04:00:00','2020-05-11 04:00:00',NULL),(475,95,'2','','Journals or completes a devotional 3 times a week for 4/6 weeks by the end of semester','1',1,1,'2020-05-11 04:00:00','2020-05-11 04:00:00',NULL),(476,95,'3','','Journals or completes a devotional 4 times a week for 4/6 weeks by the end of semester','1',1,1,'2020-05-11 04:00:00','2020-05-11 04:00:00',NULL),(477,95,'4','','Journals or completes a devotional 5 times a week for 4/6 weeks by the end of semester','1',1,1,'2020-05-11 04:00:00','2020-05-11 04:00:00',NULL),(478,96,'0','','Currently averaging 5,000 steps per day','1',1,1,'2020-05-11 04:00:00','2020-05-11 04:00:00',NULL),(479,96,'1','','Walks an average of 6,000 steps per day for 4/6 weeks by the end of the semester','1',1,1,'2020-05-11 04:00:00','2020-05-11 04:00:00',NULL),(480,96,'2','','Walks an average of 7,000 steps per day for 4/6 weeks by the end of the semester','1',1,1,'2020-05-11 04:00:00','2020-05-11 04:00:00',NULL),(481,96,'3','','Walks an average of 7,500 steps per day for 4/6 weeks by the end of the semester','1',1,1,'2020-05-11 04:00:00','2020-05-11 04:00:00',NULL),(482,96,'4','','Walks an average of 10,000 steps per day for 4/6 weeks by the end of the semester','1',1,1,'2020-05-11 04:00:00','2020-05-11 04:00:00',NULL),(483,97,'0','','No muscle gain achieved','1',1,1,'2020-05-11 04:00:00','2020-05-11 04:00:00',NULL),(484,97,'1','','I gain 01 lb to 05 lbs of muscle in 6 weeks','1',1,1,'2020-05-11 04:00:00','2020-05-11 04:00:00',NULL),(485,97,'2','','I gain 06 lbs to 10 lbs of muscle in 6 weeks','1',1,1,'2020-05-11 04:00:00','2020-05-11 04:00:00',NULL),(486,97,'3','','I gain 11 lbs to 15 lbs of muscle in 6 weeks','1',1,1,'2020-05-11 04:00:00','2020-05-11 04:00:00',NULL),(487,97,'4','','I gain 16 lbs to 20+ lbs of muscle in 6 weeks','1',1,1,'2020-05-11 04:00:00','2020-05-11 04:00:00',NULL),(488,98,'0','','I don’t reach my daily amount of water for any days in 6 weeks.','1',1,1,'2020-05-11 04:00:00','2020-05-11 04:00:00',NULL),(489,98,'1','','I reach my daily recommended amount of water 1-2 days a week for 4/6 weeks.','1',1,1,'2020-05-11 04:00:00','2020-05-11 04:00:00',NULL),(490,98,'2','','I reach my daily recommended amount of water 3-4 days a week for 4/6 weeks.','1',1,1,'2020-05-11 04:00:00','2020-05-11 04:00:00',NULL),(491,98,'3','','I reach my daily recommended amount of water 5-6 days a week for 4/6 weeks.','1',1,1,'2020-05-11 04:00:00','2020-05-11 04:00:00',NULL),(492,98,'4','','I reach my daily recommended amount of water 6-7 days a week for 4/6 weeks.','1',1,1,'2020-05-11 04:00:00','2020-05-11 04:00:00',NULL),(493,99,'0','','Cooks and eats healthy lunches inconsistently','1',1,1,'2020-05-11 04:00:00','2020-05-11 04:00:00',NULL),(494,99,'1','','I will cook and eat 1 healthy lunch per week for 4/6 weeks.','1',1,1,'2020-05-11 04:00:00','2020-05-11 04:00:00',NULL),(495,99,'2','','I will cook and eat 2-3 healthy lunches per week for 4/6 weeks.','1',1,1,'2020-05-11 04:00:00','2020-05-11 04:00:00',NULL),(496,99,'3','','I will cook and eat 4-5 healthy lunches per week for 4/6 weeks.','1',1,1,'2020-05-11 04:00:00','2020-05-11 04:00:00',NULL),(497,99,'4','','I will cook and eat 6-7 healthy lunches per week for 4/6 weeks.','1',1,1,'2020-05-11 04:00:00','2020-05-11 04:00:00',NULL),(498,100,'0','','Works out including stretching, cardio, and abs inconsistently.','1',1,1,'2020-05-11 04:00:00','2020-05-11 04:00:00',NULL),(499,100,'1','','I will work out 1-2 days a week for 4/6 weeks.','1',1,1,'2020-05-11 04:00:00','2020-05-11 04:00:00',NULL),(500,100,'2','','I will workout 3-4 days a week for 4/6 weeks.','1',1,1,'2020-05-11 04:00:00','2020-05-11 04:00:00',NULL),(501,100,'3','','I will workout 5-6 days a week for 4/6 weeks.','1',1,1,'2020-05-11 04:00:00','2020-05-11 04:00:00',NULL),(502,100,'4','','I will workout 7 days a week for 4/6 weeks.','1',1,1,'2020-05-11 04:00:00','2020-05-11 04:00:00',NULL),(503,101,'0','','Journaling taking place in daily life.','1',1,1,'2020-05-11 04:00:00','2020-05-11 04:00:00',NULL),(504,101,'1','','Journal 1-2 times per week for 4/6 weeks by the end of the semester.','1',1,1,'2020-05-11 04:00:00','2020-05-11 04:00:00',NULL),(505,101,'2','','Journal 3 times per week for 4/6 weeks by the end of the semester.','1',1,1,'2020-05-11 04:00:00','2020-05-11 04:00:00',NULL),(506,101,'3','','Journal 4-5 times per week for 4/6 weeks by the end of the semester.','1',1,1,'2020-05-11 04:00:00','2020-05-11 04:00:00',NULL),(507,101,'4','','Journal 6-7 times per week for 4/6 weeks by the end of the semester.','1',1,1,'2020-05-11 04:00:00','2020-05-11 04:00:00',NULL),(508,102,'0','','1-2 days per week for 4/6 weeks by the end of the semester.','1',1,1,'2020-05-11 04:00:00','2020-05-11 04:00:00',NULL),(509,102,'1','','3-4 days per week for 4/6 weeks by the end of the semester.','1',1,1,'2020-05-11 04:00:00','2020-05-11 04:00:00',NULL),(510,102,'2','','5 days per week for 4/6 weeks by the end of the semester.','1',1,1,'2020-05-11 04:00:00','2020-05-11 04:00:00',NULL),(511,102,'3','','6 days per week for 4/6 weeks by the end of the semester.','1',1,1,'2020-05-11 04:00:00','2020-05-11 04:00:00',NULL),(512,102,'4','','7 days per week for 4/6 weeks by the end of the semester','1',1,1,'2020-05-11 04:00:00','2020-05-11 04:00:00',NULL),(513,103,'0','','currently not drinking water consistently','1',1,1,'2020-05-11 04:00:00','2020-05-11 04:00:00',NULL),(514,103,'1','','Will drink 1-2, 750ml water bottles every day, for at least 5 days each week, for 4/6 weeks','1',1,1,'2020-05-11 04:00:00','2020-05-11 04:00:00',NULL),(515,103,'2','','Will drink 3-4, 750ml water bottles every day, for at least 5 days each week, for 4/6 weeks','1',1,1,'2020-05-11 04:00:00','2020-05-11 04:00:00',NULL),(516,103,'3','','Will drink 5-6, 750ml water bottles every day, for at least 5 days each week, for 4/6 weeks','1',1,1,'2020-05-11 04:00:00','2020-05-11 04:00:00',NULL),(517,103,'4','','Will drink 7-8, 750ml water bottles every day, for 5 days each week, for 4/6 weeks','1',1,1,'2020-05-11 04:00:00','2020-05-11 04:00:00',NULL),(518,104,'0','','Currently no knowledge on the making of origami figures','1',1,1,'2020-05-11 04:00:00','2020-05-11 04:00:00',NULL),(519,104,'1','','Will complete 1 new origami figures for 4/6 weeks by the end of the semester','1',1,1,'2020-05-11 04:00:00','2020-05-11 04:00:00',NULL),(520,104,'2','','Will complete 2-3 new origami figure for 4/6 weeks by the end of the semester','1',1,1,'2020-05-11 04:00:00','2020-05-11 04:00:00',NULL),(521,104,'3','','Will complete 2-3 new origami figures and teach 1 person how to make one of the figures for 4/6 weeks by the end of the semester','1',1,1,'2020-05-11 04:00:00','2020-05-11 04:00:00',NULL),(522,104,'4','','Will complete 2-3 new origami figures and teach 2 people how to make one of the figures for 4/6 weeks by the end of the semester','1',1,1,'2020-05-11 04:00:00','2020-05-11 04:00:00',NULL),(523,105,'0','','Currently only exercise 1-2 times per week inconsistently','1',1,1,'2020-05-11 04:00:00','2020-05-11 04:00:00',NULL),(524,105,'1','','Will exercise 30 min 3-4 times per week for 4 consecutive weeks by the end of the semester','1',1,1,'2020-05-11 04:00:00','2020-05-11 04:00:00',NULL),(525,105,'2','','Will exercise 30 min 5-6 times per week for 4 consecutive weeks by the end of semester','1',1,1,'2020-05-11 04:00:00','2020-05-11 04:00:00',NULL),(526,105,'3','','Will exercise 30 minutes 7 days per week for 4 consecutive weeks by the end of semester','1',1,1,'2020-05-11 04:00:00','2020-05-11 04:00:00',NULL),(527,105,'4','','Will exercise 60 minutes 5-6 times per week for 4 consecutive weeks by the end of semester','1',1,1,'2020-05-11 04:00:00','2020-05-11 04:00:00',NULL),(528,106,'0','','Currently only drink 33.8 FL OZ of water per day (two water bottles) inconsistently','1',1,1,'2020-05-11 04:00:00','2020-05-11 04:00:00',NULL),(529,106,'1','','Will drink 67.6 FL OZ of water (four water bottles) per day for 30 consecutive days by end of semester','1',1,1,'2020-05-11 04:00:00','2020-05-11 04:00:00',NULL),(530,106,'2','','I will drink 84.5 FL OZ of water (five water bottles) per day for 30 consecutive days by end of semester','1',1,1,'2020-05-11 04:00:00','2020-05-11 04:00:00',NULL),(531,106,'3','','I will drink 101.4 FL OZ of water (six water bottles) per day for 30 consecutive days by end of the semester','1',1,1,'2020-05-11 04:00:00','2020-05-11 04:00:00',NULL),(532,106,'4','','I will drink 118.3 FL OZ of water per day (seven water bottles) for 30 consecutive days by end of the semester','1',1,1,'2020-05-11 04:00:00','2020-05-11 04:00:00',NULL),(533,107,'0','','Follows sleep hygiene tips 1 or less nights a week (Monday-Sunday) for 2 consecutive weeks by the end of class.','1',1,1,'2020-05-11 04:00:00','2020-05-11 04:00:00',NULL),(534,107,'1','','Follows sleep hygiene tips 2-3 or less nights a week (Monday-Sunday) for two consecutive weeks by the end of the class.','1',1,1,'2020-05-11 04:00:00','2020-05-11 04:00:00',NULL),(535,107,'2','','Follows sleep hygiene tips 4-5 or less nights a week (Monday-Sunday) for 2 consecutive weeks by the end of the class.','1',1,1,'2020-05-11 04:00:00','2020-05-11 04:00:00',NULL),(536,107,'3','','Follows sleep hygiene tips 6 or less nights a week (Monday-Sunday) for 2 consecutive weeks by the end of the class.','1',1,1,'2020-05-11 04:00:00','2020-05-11 04:00:00',NULL),(537,107,'4','','Follows sleep hygiene tips 7 nights a week (Monday-Sunday) for 2 consecutive weeks by the end of the class.','1',1,1,'2020-05-11 04:00:00','2020-05-11 04:00:00',NULL),(538,108,'0','','Keeping in contact with 0 friends/family during the remainder of this class.','1',1,1,'2020-05-11 04:00:00','2020-05-11 04:00:00',NULL),(539,108,'1','','Participating in social engagement (i.e. phone calls, facetime, letters, snapchat, home date nights) with friends/family for 20 minutes/1 weekly for 3 weeks by the end of semester','1',1,1,'2020-05-11 04:00:00','2020-05-11 04:00:00',NULL),(540,108,'2','','Participating in social engagement with friends/family for 30 minutes/1 weekly for 3 weeks by the end of this class.','1',1,1,'2020-05-11 04:00:00','2020-05-11 04:00:00',NULL),(541,108,'3','','Participating in social engagement with friends/family for 40 minutes/1 weekly for 3 weeks by the end of semester','1',1,1,'2020-05-11 04:00:00','2020-05-11 04:00:00',NULL),(542,108,'4','','Participating in social engagement with friends/family for 50 minutes/1 weekly for 3 weeks by the end of semester','1',1,1,'2020-05-11 04:00:00','2020-05-11 04:00:00',NULL),(543,109,'0','','Baseline: Currently stretching inconsistently','1',1,1,'2020-05-11 04:00:00','2020-05-11 04:00:00',NULL),(544,109,'1','','Will stretch daily 2-3x/week, for 4/6 weeks by the end of the semester','1',1,1,'2020-05-11 04:00:00','2020-05-11 04:00:00',NULL),(545,109,'2','','Will stretch daily 4-5x/week, for 4/6 weeks by the end of the semester','1',1,1,'2020-05-11 04:00:00','2020-05-11 04:00:00',NULL),(546,109,'3','','Will stretch daily 6-7x/week, for 4/6 weeks by the end of the semester','1',1,1,'2020-05-11 04:00:00','2020-05-11 04:00:00',NULL),(547,109,'4','','Will stretch twice daily 7x/week, for 4/6 weeks by the end of the semester','1',1,1,'2020-05-11 04:00:00','2020-05-11 04:00:00',NULL),(548,110,'0','','Baseline: Inconsistency in miles ran per week','1',1,1,'2020-05-11 04:00:00','2020-05-11 04:00:00',NULL),(549,110,'1','','Will run 3-6 miles 2x/week for 5/6 consecutive weeks by the end of semester','1',1,1,'2020-05-11 04:00:00','2020-05-11 04:00:00',NULL),(550,110,'2','','Will run 7-9 miles 2x/week for 5/6 consecutive weeks by the end of semester','1',1,1,'2020-05-11 04:00:00','2020-05-11 04:00:00',NULL),(551,110,'3','','Will run 10-12 miles 2x/week for 5/6 consecutive weeks by the end of semester','1',1,1,'2020-05-11 04:00:00','2020-05-11 04:00:00',NULL),(552,110,'4','','Will run 13-15 miles 2x/week for 5/6 consecutive weeks by the end of semester','1',1,1,'2020-05-11 04:00:00','2020-05-11 04:00:00',NULL),(553,111,'0','','Currently eating about 1000 calories per day','1',1,1,'2020-05-11 04:00:00','2020-05-11 04:00:00',NULL),(554,111,'1','','I will eat about 1300 calories per day for 4/6 weeks by the end of the semester','1',1,1,'2020-05-11 04:00:00','2020-05-11 04:00:00',NULL),(555,111,'2','','I will eat about 1500 calories per day for 4/6 weeks by the end of the semester','1',1,1,'2020-05-11 04:00:00','2020-05-11 04:00:00',NULL),(556,111,'3','','I will eat about 1700 calories per day for 4/6 weeks by the end of the semester','1',1,1,'2020-05-11 04:00:00','2020-05-11 04:00:00',NULL),(557,111,'4','','I will eat about 1900 calories per day for 4/6 weeks by the end of the semester','1',1,1,'2020-05-11 04:00:00','2020-05-11 04:00:00',NULL),(558,112,'0','','Inconsistently stretching after workouts or only when sore','1',1,1,'2020-05-11 04:00:00','2020-05-11 04:00:00',NULL),(559,112,'1','','I will stretch 3 times/wk after my daily lifting session for 4/6 weeks by the end of semester','1',1,1,'2020-05-11 04:00:00','2020-05-11 04:00:00',NULL),(560,112,'2','','I will stretch 4 times/wk after my daily lifting session for 4/6 weeks by the end of semester','1',1,1,'2020-05-11 04:00:00','2020-05-11 04:00:00',NULL),(561,112,'3','','I will stretch 5 times/wk after my daily lifting session for 4/6 weeks by the end of semester','1',1,1,'2020-05-11 04:00:00','2020-05-11 04:00:00',NULL),(562,112,'4','','I will stretch 6 times /wk after my daily lifting session for 4/6 weeks by the end of semester','1',1,1,'2020-05-11 04:00:00','2020-05-11 04:00:00',NULL),(563,113,'0','','Goes on runs inconsistently','1',1,1,'2020-05-11 04:00:00','2020-05-11 04:00:00',NULL),(564,113,'1','','Running an average of 4 miles a day 2 days a week for 5/6 weeks by end of semester','1',1,1,'2020-05-11 04:00:00','2020-05-11 04:00:00',NULL),(565,113,'2','','Running an average of 4 miles a day 3 days a week for 5/6 weeks by end of semester','1',1,1,'2020-05-11 04:00:00','2020-05-11 04:00:00',NULL),(566,113,'3','','Running an average of 4 miles a day 4 days a week for 5/6 weeks by end of semester','1',1,1,'2020-05-11 04:00:00','2020-05-11 04:00:00',NULL),(567,113,'4','','Running an average of 4 miles a day 5 days a week for 5/6 weeks by end of semester','1',1,1,'2020-05-11 04:00:00','2020-05-11 04:00:00',NULL),(568,114,'0','','Not currently journaling consistently','1',1,1,'2020-05-11 04:00:00','2020-05-11 04:00:00',NULL),(569,114,'1','','Write down 5 things I’m grateful for in my journal 2/wk for 5/6 weeks by end of semester','1',1,1,'2020-05-11 04:00:00','2020-05-11 04:00:00',NULL),(570,114,'2','','Write down 5 things I’m grateful for 3 times/wk for 5/6 weeks by end of semester','1',1,1,'2020-05-11 04:00:00','2020-05-11 04:00:00',NULL),(571,114,'3','','Write down 5 things I’m grateful for 4 times/wk for 5/6 weeks by end of semester','1',1,1,'2020-05-11 04:00:00','2020-05-11 04:00:00',NULL),(572,114,'4','','Write down 5 things I’m grateful for 5 times/wk for 5/6 weeks by end of semester','1',1,1,'2020-05-11 04:00:00','2020-05-11 04:00:00',NULL),(573,115,'0','','walks under 4 miles','1',1,1,'2020-05-11 04:00:00','2020-05-11 04:00:00',NULL),(574,115,'1','','Will average 4 miles of walking 2 days/wk for 3/5 weeks by the end of semester','1',1,1,'2020-05-11 04:00:00','2020-05-11 04:00:00',NULL),(575,115,'2','','Will average 4 miles of walking 3 days a week for 3/5 weeks by the end of semester','1',1,1,'2020-05-11 04:00:00','2020-05-11 04:00:00',NULL),(576,115,'3','','Will average 4 miles of walking 4 days a week for 3/5 weeks by the end of semester','1',1,1,'2020-05-11 04:00:00','2020-05-11 04:00:00',NULL),(577,115,'4','','Will average 4 miles of walking 5 days a week for 3/5 weeks by the end of semester','1',1,1,'2020-05-11 04:00:00','2020-05-11 04:00:00',NULL),(578,116,'0','','Drinks under 60oz of water a day','1',1,1,'2020-05-11 04:00:00','2020-05-11 04:00:00',NULL),(579,116,'1','','Will drink 60-70oz of water a day for 15 consecutive days by the end of semester','1',1,1,'2020-05-11 04:00:00','2020-05-11 04:00:00',NULL),(580,116,'2','','Will drink 80oz of water a day for 25 consecutive days by the end of semester','1',1,1,'2020-05-11 04:00:00','2020-05-11 04:00:00',NULL),(581,116,'3','','Will drink 90oz of water a day for 25 consecutive days by the end of semester','1',1,1,'2020-05-11 04:00:00','2020-05-11 04:00:00',NULL),(582,116,'4','','Will drink 100oz of water a day for 25 consecutive days by the end of semester','1',1,1,'2020-05-11 04:00:00','2020-05-11 04:00:00',NULL),(583,117,'0','','Currently only following intermittent fasting schedule once or twice a week','1',1,1,'2020-05-11 04:00:00','2020-05-11 04:00:00',NULL),(584,117,'1','','Will follow intermittent fasting schedule for 3 consecutive days a week for 5/6 weeks by end of semester','1',1,1,'2020-05-11 04:00:00','2020-05-11 04:00:00',NULL),(585,117,'2','','Will follow intermittent fasting schedule for 4 consecutive days a week for 5/6 weeks by end of semester','1',1,1,'2020-05-11 04:00:00','2020-05-11 04:00:00',NULL),(586,117,'3','','Will follow intermittent fasting schedule for 5 consecutive days a week for 5/6 weeks by end of semester','1',1,1,'2020-05-11 04:00:00','2020-05-11 04:00:00',NULL),(587,117,'4','','Will follow intermittent fasting schedule for 6 consecutive days a week 5/6 weeks by end of semester','1',1,1,'2020-05-11 04:00:00','2020-05-11 04:00:00',NULL),(588,118,'0','','Inconsistently participating in HIIT workouts','1',1,1,'2020-05-11 04:00:00','2020-05-11 04:00:00',NULL),(589,118,'1','','Will participate in 30-minute HIIT with lifting workouts for 2 days a week for 5/6 weeks by the end of semester','1',1,1,'2020-05-11 04:00:00','2020-05-11 04:00:00',NULL),(590,118,'2','','Will participate in 30-minute HIIT with lifting workouts for 3 days a week for 5/6 weeks by the end of semester','1',1,1,'2020-05-11 04:00:00','2020-05-11 04:00:00',NULL),(591,118,'3','','Will participate in 30-minute HIIT with lifting workouts for 4 days a week for 5/6 weeks by the end of semester','1',1,1,'2020-05-11 04:00:00','2020-05-11 04:00:00',NULL),(592,118,'4','','Will participate in 30-minute HIIT with lifting workouts for 5 a week for 5/6 weeks by the end of semester','1',1,1,'2020-05-11 04:00:00','2020-05-11 04:00:00',NULL),(593,119,'0','','Currently drinks 36 oz of water a day','1',1,1,'2020-05-11 04:00:00','2020-05-11 04:00:00',NULL),(594,119,'1','','Will drink 40 oz of water each day for 20 consecutive days by the end of the semester','1',1,1,'2020-05-11 04:00:00','2020-05-11 04:00:00',NULL),(595,119,'2','','Will drink 50 oz of water each day for 20 consecutive days by the end of the semester','1',1,1,'2020-05-11 04:00:00','2020-05-11 04:00:00',NULL),(596,119,'3','','Will drink 60 oz of water each day for 20 consecutive days by the end of the semester','1',1,1,'2020-05-11 04:00:00','2020-05-11 04:00:00',NULL),(597,119,'4','','Will drink 70 oz of water each day for 20 consecutive days by the end of the semester','1',1,1,'2020-05-11 04:00:00','2020-05-11 04:00:00',NULL),(598,120,'0','','Currently meditates 1-2 times each week','1',1,1,'2020-05-11 04:00:00','2020-05-11 04:00:00',NULL),(599,120,'1','','Will meditate 3 times a week for 4/6 weeks by the end of the semester','1',1,1,'2020-05-11 04:00:00','2020-05-11 04:00:00',NULL),(600,120,'2','','Will meditate 4 times a week for 4/6 weeks by the end of the semester','1',1,1,'2020-05-11 04:00:00','2020-05-11 04:00:00',NULL),(601,120,'3','','Will meditate 5 times a week for 4/6 weeks by the end of the semester','1',1,1,'2020-05-11 04:00:00','2020-05-11 04:00:00',NULL),(602,120,'4','','Will meditate 6 times a week for 4/6 weeks by the end of the semester','1',1,1,'2020-05-11 04:00:00','2020-05-11 04:00:00',NULL),(603,122,'4',NULL,'I will read 4-6 additional articles or resources and informally interview a practitioner for \r\n             additional insights','1',140,NULL,'2020-05-12 11:00:48','2020-05-12 11:00:48',NULL),(604,122,'3',NULL,'I will read 4-6 additional articles','1',140,NULL,'2020-05-12 11:00:48','2020-05-12 11:00:48',NULL),(605,122,'2',NULL,'I will read 2-3 additional articles or resources','1',140,NULL,'2020-05-12 11:00:48','2020-05-12 11:00:48',NULL),(606,122,'1',NULL,'I will read one related article provided on the course site and will successfully complete \r\n 	the included competency quiz','1',140,NULL,'2020-05-12 11:00:48','2020-05-12 11:00:48',NULL),(607,122,'0',NULL,'Baseline: No research completed on this topic','1',140,NULL,'2020-05-12 11:00:48','2020-05-12 11:00:48',NULL),(608,123,'4',NULL,'Be the best lil critter','1',140,NULL,'2020-05-12 11:04:12','2020-05-12 11:04:12',NULL),(609,123,'3',NULL,'Be good, but occasionally eat garbage','1',140,NULL,'2020-05-12 11:04:12','2020-05-12 11:04:12',NULL),(610,123,'2',NULL,'Be Ok, and get in mud weekly','1',140,NULL,'2020-05-12 11:04:12','2020-05-12 11:04:12',NULL),(611,123,'1',NULL,'Be fair, and consistently bark in the middle of the night at shadows','1',140,NULL,'2020-05-12 11:04:12','2020-05-12 11:04:12',NULL),(612,123,'0',NULL,'Baseline: eat lots of garbage, get muddy as much as possible, and bark only when people are sleeping.','1',140,NULL,'2020-05-12 11:04:12','2020-05-12 11:04:12',NULL),(613,124,'4',NULL,'Will incorporate bacon dominant meal for one meal each day for 20 consecutive days by the end of the semester','1',140,NULL,'2020-05-12 11:08:57','2020-05-12 11:08:57',NULL),(614,124,'3',NULL,'Will incorporate bacon dominant meal for one meal each day for 15 consecutive days by the end of the semester','1',140,NULL,'2020-05-12 11:08:57','2020-05-12 11:08:57',NULL),(615,124,'2',NULL,'Will incorporate bacon dominant meal for one meal each day for 10 consecutive days by the end of the semester','1',140,NULL,'2020-05-12 11:08:57','2020-05-12 11:08:57',NULL),(616,124,'1',NULL,'Will incorporate bacon dominant meal for one meal each day for 5 consecutive days by the end of the semester','1',140,NULL,'2020-05-12 11:08:57','2020-05-12 11:08:57',NULL),(617,124,'0',NULL,'Eats bacon dominant meals inconsistently','1',140,NULL,'2020-05-12 11:08:57','2020-05-12 11:08:57',NULL),(618,125,'4',NULL,'Drink alcohol 0 days/week','1',2,NULL,'2020-05-22 17:35:28','2020-05-22 17:35:28',NULL),(619,125,'3',NULL,'Drink alcohol 1-2 days/week','1',2,NULL,'2020-05-22 17:35:28','2020-05-22 17:35:28',NULL),(620,125,'2',NULL,'Drink alcohol 3-4 days/week','1',2,NULL,'2020-05-22 17:35:28','2020-05-22 17:35:28',NULL),(621,125,'1',NULL,'Drink alcohol 5-6 days/week','1',2,NULL,'2020-05-22 17:35:28','2020-05-22 17:35:28',NULL),(622,125,'0',NULL,'Continue to drink alcohol every day','1',2,NULL,'2020-05-22 17:35:28','2020-05-22 17:35:28',NULL),(623,126,'4',NULL,'Attend 3 meetings a week','1',2,NULL,'2020-05-22 17:48:45','2020-05-22 17:48:45',NULL),(624,126,'3',NULL,'Attend 2 meetings a week','1',2,NULL,'2020-05-22 17:48:46','2020-05-22 17:48:46',NULL),(625,126,'2',NULL,'Attend 1 meeting a week','1',2,NULL,'2020-05-22 17:48:46','2020-05-22 17:48:46',NULL),(626,126,'1',NULL,'Attend meetings less than weekly but at least monthly','1',2,NULL,'2020-05-22 17:48:46','2020-05-22 17:48:46',NULL),(627,126,'0',NULL,'Attend meetings occasionally or less than monthly','1',2,NULL,'2020-05-22 17:48:46','2020-05-22 17:48:46',NULL),(628,127,'4',NULL,'View Phase 1, Final Video','1',4,NULL,'2020-06-05 05:02:51','2020-06-05 05:02:51',NULL),(629,127,'3',NULL,'View Phase 1, Video 3','1',4,NULL,'2020-06-05 05:02:51','2020-06-05 05:02:51',NULL),(630,127,'2',NULL,'View Phase 1, Video 1&2','1',4,NULL,'2020-06-05 05:02:51','2020-06-05 05:02:51',NULL),(631,127,'1',NULL,'Logged into PD Account','1',4,NULL,'2020-06-05 05:02:51','2020-06-05 05:02:51',NULL),(632,127,'0',NULL,'Apply for PD Account','1',4,NULL,'2020-06-05 05:02:51','2020-06-05 05:02:51',NULL),(633,128,'4',NULL,'Passed Phase 1 Comprehension Quiz','1',4,NULL,'2020-06-05 05:09:01','2020-06-05 05:09:01',NULL),(634,128,'3',NULL,'(Re)take Phase 1 Comprehension Quiz','1',4,NULL,'2020-06-05 05:09:01','2020-06-05 05:09:01',NULL),(635,128,'2',NULL,'Use Phase 1 Flashcards to 80%+','1',4,NULL,'2020-06-05 05:09:01','2020-06-05 05:09:01',NULL),(636,128,'1',NULL,'Review Phase 1 FAQs','1',4,NULL,'2020-06-05 05:09:01','2020-06-05 05:09:01',NULL),(637,128,'0',NULL,'Complete Viewing Phase 1 Videos','1',4,NULL,'2020-06-05 05:09:01','2020-06-05 05:09:01',NULL),(638,129,'4',NULL,'Receives Passing Grade on Practical','1',4,NULL,'2020-06-05 05:15:37','2020-06-05 05:15:37',NULL),(639,129,'3',NULL,'Schedule for Practical Assessment','1',4,NULL,'2020-06-05 05:15:37','2020-06-05 05:15:37',NULL),(640,129,'2',NULL,'Attend a monthly Quality briefing (must have read \"Quality at ABC\")','1',4,NULL,'2020-06-05 05:15:37','2020-06-05 05:15:37',NULL),(641,129,'1',NULL,'Read \"Quality at ABC Org\"','1',4,NULL,'2020-06-05 05:15:37','2020-06-05 05:15:37',NULL),(642,129,'0',NULL,'Prereq:  Complete Comprehensive Quiz','1',4,NULL,'2020-06-05 05:15:37','2020-06-05 05:15:37',NULL),(643,130,'4',NULL,'Watch video in stress reliever 3','1',4,NULL,'2020-06-05 05:21:38','2020-06-05 05:21:38',NULL),(644,130,'3',NULL,'Watch video in stress reliever 2','1',4,NULL,'2020-06-05 05:21:39','2020-06-05 05:21:39',NULL),(645,130,'2',NULL,'Watch video in stress reliever 1','1',4,NULL,'2020-06-05 05:21:39','2020-06-05 05:21:39',NULL),(646,130,'1',NULL,'Watch top 3 stress relievers to try','1',4,NULL,'2020-06-05 05:21:39','2020-06-05 05:21:39',NULL),(647,130,'0',NULL,'Start Program','1',4,NULL,'2020-06-05 05:21:39','2020-06-05 05:21:39',NULL),(648,131,'4',NULL,'Walk 30 minutes, at least 1.5 miles, 4 times per week for 2 weeks','1',4,NULL,'2020-06-05 05:29:02','2020-06-05 05:29:02',NULL),(649,131,'3',NULL,'Increase walk time to 30 minutes  \r\n8 times','1',4,NULL,'2020-06-05 05:29:02','2020-06-05 05:29:02',NULL),(650,131,'2',NULL,'Increase walk time to 20 minutes comfortable pace 8 times','1',4,NULL,'2020-06-05 05:29:02','2020-06-05 05:29:02',NULL),(651,131,'1',NULL,'Walk for 15 minutes comfortable pace 5 days/week for 2 weeks','1',4,NULL,'2020-06-05 05:29:02','2020-06-05 05:29:02',NULL),(652,131,'0',NULL,'Start','1',4,NULL,'2020-06-05 05:29:02','2020-06-05 05:29:02',NULL),(653,132,'4',NULL,'To HR, Recite and Explain personal connection with Corporate Values','1',4,NULL,'2020-06-05 05:34:13','2020-06-05 05:34:13',NULL),(654,132,'3',NULL,'Create talking points for \"Why ABC Organization? Why Me?\"','1',4,NULL,'2020-06-05 05:34:13','2020-06-05 05:34:13',NULL),(655,132,'2',NULL,'Memorize Corporate Values','1',4,NULL,'2020-06-05 05:34:13','2020-06-05 05:34:13',NULL),(656,132,'1',NULL,'View Mission:ABC on Teams','1',4,NULL,'2020-06-05 05:34:13','2020-06-05 05:34:13',NULL),(657,132,'0',NULL,'Start','1',4,NULL,'2020-06-05 05:34:13','2020-06-05 05:34:13',NULL),(658,133,'4',NULL,'Sustain 95% or better Commitment Completion Level for 90 days','1',4,NULL,'2020-06-05 05:39:25','2020-06-05 05:39:25',NULL),(659,133,'3',NULL,'Submit Weekly Commitment Percentage Complete','1',4,NULL,'2020-06-05 05:39:25','2020-06-05 05:39:25',NULL),(660,133,'2',NULL,'Log all formal commitments on Form 123-2','1',4,NULL,'2020-06-05 05:39:25','2020-06-05 05:39:25',NULL),(661,133,'1',NULL,'Create Commitment Schedule using ABC Form 123-2','1',4,NULL,'2020-06-05 05:39:25','2020-06-05 05:39:25',NULL),(662,133,'0',NULL,'Start Follow-Through Goal','1',4,NULL,'2020-06-05 05:39:25','2020-06-05 05:39:25',NULL),(663,134,'4',NULL,'Greet people always super professionally.','1',179,NULL,'2020-06-05 18:34:17','2020-06-05 18:34:17',NULL),(664,134,'3',NULL,'Greet people broadly and politely','1',179,NULL,'2020-06-05 18:34:17','2020-06-05 18:34:17',NULL),(665,134,'2',NULL,'Greet people first thing, but curl my lip','1',179,NULL,'2020-06-05 18:34:17','2020-06-05 18:34:17',NULL),(666,134,'1',NULL,'Talk to people after my first cup of coffee only','1',179,NULL,'2020-06-05 18:34:17','2020-06-05 18:34:17',NULL),(667,134,'0',NULL,'Don\'t talk to people until 12:00','1',179,NULL,'2020-06-05 18:34:17','2020-06-05 18:34:17',NULL),(668,135,'4',NULL,'Write 5 progress notes with no needed edits','1',170,NULL,'2020-06-08 15:24:05','2020-06-08 15:24:05',NULL),(669,135,'3',NULL,'Write 5 progress notes with  minimal edits','1',170,NULL,'2020-06-08 15:24:05','2020-06-08 15:24:05',NULL),(670,135,'2',NULL,'Write 5 progress notes and send to supervisor','1',170,NULL,'2020-06-08 15:24:05','2020-06-08 15:24:05',NULL),(671,135,'1',NULL,'Review 5 cases in EHR','1',170,NULL,'2020-06-08 15:24:05','2020-06-08 15:24:05',NULL),(672,135,'0',NULL,'no experience with EHR','1',170,NULL,'2020-06-08 15:24:05','2020-06-08 15:24:05',NULL),(673,136,'4',NULL,'Plan and execute a social activity','1',2,NULL,'2020-06-08 15:42:36','2020-06-08 15:42:36',NULL),(674,136,'3',NULL,'Engage in 1 social activity/week for 3 weeks','1',2,NULL,'2020-06-08 15:42:36','2020-06-08 15:42:36',NULL),(675,136,'2',NULL,'Use knowledge from webinar to engage in one social activity','1',2,NULL,'2020-06-08 15:42:36','2020-06-08 15:42:36',NULL),(676,136,'1',NULL,'Attend a webinar about anxiety mgmt.','1',2,NULL,'2020-06-08 15:42:36','2020-06-08 15:42:36',NULL),(677,136,'0',NULL,'Don\'t leave my hall','1',2,NULL,'2020-06-08 15:42:36','2020-06-08 15:42:36',NULL),(678,137,'4',NULL,'Set multiple connections/meetings with one role model','1',2,NULL,'2020-06-11 20:29:51','2020-06-11 20:29:51',NULL),(679,137,'3',NULL,'Set a meeting with one role model','1',2,NULL,'2020-06-11 20:29:51','2020-06-11 20:29:51',NULL),(680,137,'2',NULL,'Outreach electronically to at least 2 female role models, with one response','1',2,NULL,'2020-06-11 20:29:51','2020-06-11 20:29:51',NULL),(681,137,'1',NULL,'Find at least two female role models on web','1',2,NULL,'2020-06-11 20:29:51','2020-06-11 20:29:51',NULL),(682,137,'0',NULL,'No contact or knowledge of female role models','1',2,NULL,'2020-06-11 20:29:51','2020-06-11 20:29:51',NULL),(683,138,'4',NULL,'Become a member of one RSO or community organization','1',173,NULL,'2020-06-15 14:35:08','2020-06-15 14:35:08',NULL),(684,138,'3',NULL,'Attend one RSO and one community activity within the last 30 days, and develop a contact for future engagement with one other attendee','1',173,NULL,'2020-06-15 14:35:08','2020-06-15 14:35:08',NULL),(685,138,'2',NULL,'Attend one RSO and one community activity within the last 30 days','1',173,NULL,'2020-06-15 14:35:08','2020-06-15 14:35:08',NULL),(686,138,'1',NULL,'Find out about at least one RSO or community activity that I would attend','1',173,NULL,'2020-06-15 14:35:08','2020-06-15 14:35:08',NULL),(687,138,'0',NULL,'Engage in no RSO or community activities connected to your first year at WMU.','1',173,NULL,'2020-06-15 14:35:08','2020-06-15 14:35:08',NULL),(688,139,'4',NULL,'Engage in group on anxiety, and practice recommended activities in between group sessions.','1',173,NULL,'2020-06-15 14:59:39','2020-06-15 14:59:39',NULL),(689,139,'3',NULL,'Engage with a group on anxiety management at least 3 times','1',173,NULL,'2020-06-15 14:59:39','2020-06-15 14:59:39',NULL),(690,139,'2',NULL,'Attend ongoing counseling, with completion of homework in between sessions','1',173,NULL,'2020-06-15 14:59:39','2020-06-15 14:59:39',NULL),(691,139,'1',NULL,'Schedule and attend one counseling session with provider','1',173,NULL,'2020-06-15 14:59:39','2020-06-15 14:59:39',NULL),(692,139,'0',NULL,'Take regular medicine, but do not use other strategies for anxiety management','1',173,NULL,'2020-06-15 14:59:39','2020-06-15 14:59:39',NULL),(693,140,'4',NULL,'Become a member of one RSO or community organization','1',173,NULL,'2020-06-15 15:03:23','2020-06-15 15:03:23',NULL),(694,140,'3',NULL,'Attend one RSO and one community activity within the last 30 days, and develop a contact for future engagement with one other attendee','1',173,NULL,'2020-06-15 15:03:23','2020-06-15 15:03:23',NULL),(695,140,'2',NULL,'Attend one RSO and one community activity within the last 30 days','1',173,NULL,'2020-06-15 15:03:23','2020-06-15 15:03:23',NULL),(696,140,'1',NULL,'Find out about at least one RSO or community activity that I would attend','1',173,NULL,'2020-06-15 15:03:23','2020-06-15 15:03:23',NULL),(697,140,'0',NULL,'Engage in no RSO or community activities connected to your first year at WMU.','1',173,NULL,'2020-06-15 15:03:23','2020-06-15 15:03:23',NULL),(698,141,'4',NULL,'Use strategies learned in counseling to engage in at least 3 anxiety management strategies for my wellness','1',173,NULL,'2020-06-15 15:24:28','2020-06-15 15:24:28',NULL),(699,141,'3',NULL,'Engage in regular counseling and/or medication to assist with anxiety','1',173,NULL,'2020-06-15 15:24:28','2020-06-15 15:24:28',NULL),(700,141,'2',NULL,'Complete one appointment to begin counseling and/or medication management','1',173,NULL,'2020-06-15 15:24:28','2020-06-15 15:24:28',NULL),(701,141,'1',NULL,'Connect with a provider to consider medication and/or counseling','1',173,NULL,'2020-06-15 15:24:28','2020-06-15 15:24:28',NULL),(702,141,'0',NULL,'Anxiety is unmanageable and cannot attend class or social activities','1',173,NULL,'2020-06-15 15:24:28','2020-06-15 15:24:28',NULL),(703,142,'4',NULL,'Become a member of one RSO or community organization','1',173,NULL,'2020-06-15 15:29:17','2020-06-15 15:29:17',NULL),(704,142,'3',NULL,'Attend one RSO and one community activity within the last 30 days, and develop a contact for future engagement with one other attendee','1',173,NULL,'2020-06-15 15:29:17','2020-06-15 15:29:17',NULL),(705,142,'2',NULL,'Attend one RSO and one community activity within the last 30 days','1',173,NULL,'2020-06-15 15:29:17','2020-06-15 15:29:17',NULL),(706,142,'1',NULL,'Find out about at least one RSO or community activity that I would attend','1',173,NULL,'2020-06-15 15:29:17','2020-06-15 15:29:17',NULL),(707,142,'0',NULL,'Engage in no RSO or community activities connected to your first year at WMU.','1',173,NULL,'2020-06-15 15:29:17','2020-06-15 15:29:17',NULL),(708,143,'4',NULL,'Use strategies learned in counseling to engage in at least 3 anxiety management strategies for my wellness','1',173,NULL,'2020-06-15 15:52:31','2020-06-15 15:52:31',NULL),(709,143,'3',NULL,'Engage in regular counseling and/or medication to assist with anxiety','1',173,NULL,'2020-06-15 15:52:31','2020-06-15 15:52:31',NULL),(710,143,'2',NULL,'Complete one appointment to begin counseling and/or medication management','1',173,NULL,'2020-06-15 15:52:31','2020-06-15 15:52:31',NULL),(711,143,'1',NULL,'Connect with a provider to consider medication and/or counseling','1',173,NULL,'2020-06-15 15:52:31','2020-06-15 15:52:31',NULL),(712,143,'0',NULL,'Anxiety is unmanageable and cannot attend class or social activities','1',173,NULL,'2020-06-15 15:52:31','2020-06-15 15:52:31',NULL),(713,144,'4',NULL,'Able to touch toes','1',168,NULL,'2020-06-23 18:04:45','2020-06-23 18:04:45',NULL),(714,144,'3',NULL,'Able to touch top of feet','1',168,NULL,'2020-06-23 18:04:45','2020-06-23 18:04:45',NULL),(715,144,'2',NULL,'Able to touch shins','1',168,NULL,'2020-06-23 18:04:45','2020-06-23 18:04:45',NULL),(716,144,'1',NULL,'Able to touch knees','1',168,NULL,'2020-06-23 18:04:45','2020-06-23 18:04:45',NULL),(717,144,'0',NULL,'Unable to touch toes','1',168,NULL,'2020-06-23 18:04:45','2020-06-23 18:04:45',NULL),(718,145,'4',NULL,'Execute plans with a friend twice a week over 4 weeks','1',168,NULL,'2020-06-29 12:12:13','2020-06-29 12:12:13',NULL),(719,145,'3',NULL,'Execute plans with a friend once a week over 4 weeks','1',168,NULL,'2020-06-29 12:12:13','2020-06-29 12:12:13',NULL),(720,145,'2',NULL,'Make plans with a friend once per week, and execute 50% of time over 4 weeks','1',168,NULL,'2020-06-29 12:12:13','2020-06-29 12:12:13',NULL),(721,145,'1',NULL,'Occasionally call, text, or social media','1',168,NULL,'2020-06-29 12:12:13','2020-06-29 12:12:13',NULL),(722,145,'0',NULL,'No going out with friends','1',168,NULL,'2020-06-29 12:12:13','2020-06-29 12:12:13',NULL),(723,146,'4',NULL,'all bacon all the time','1',2,NULL,'2020-07-21 20:29:46','2020-07-21 20:29:46',NULL),(724,146,'3',NULL,'bacon most days','1',2,NULL,'2020-07-21 20:29:46','2020-07-21 20:29:46',NULL),(725,146,'2',NULL,'bacon twice weekly','1',2,NULL,'2020-07-21 20:29:46','2020-07-21 20:29:46',NULL),(726,146,'1',NULL,'bacon only on weekends one day','1',2,NULL,'2020-07-21 20:29:46','2020-07-21 20:29:46',NULL),(727,146,'0',NULL,'hardly ever get bacon...all veggies','1',2,NULL,'2020-07-21 20:29:46','2020-07-21 20:29:46',NULL),(728,147,'4',NULL,'Create a 1-pager with images and content for all 6 markets (Education, Athletics, Health, Wellness, Business, Organizations)','1',4,NULL,'2020-07-26 21:17:51','2020-07-26 21:17:51',NULL),(729,147,'3',NULL,'Create a 1-pager with images and content for at least 3 markets (Education, Athletics, Health, Wellness, Business, Organizations)','1',4,NULL,'2020-07-26 21:17:51','2020-07-26 21:17:51',NULL),(730,147,'2',NULL,'Create a 1-pager with images and content','1',4,NULL,'2020-07-26 21:17:51','2020-07-26 21:17:51',NULL),(731,147,'1',NULL,'Gather some images and content','1',4,NULL,'2020-07-26 21:17:51','2020-07-26 21:17:51',NULL),(732,147,'0',NULL,'No 1-pager is available','1',4,NULL,'2020-07-26 21:17:51','2020-07-26 21:17:51',NULL),(733,148,'4',NULL,'Make at least 5 enhancements to the PowerPoint Presentation','1',4,NULL,'2020-07-26 21:22:21','2020-07-26 21:22:21',NULL),(734,148,'3',NULL,'Communicate with Brad (video or phone - or email) to discuss your suggestions','1',4,NULL,'2020-07-26 21:22:21','2020-07-26 21:22:21',NULL),(735,148,'2',NULL,'Create at least 5 ideas, insights, or suggestions for the Investor PowerPoint','1',4,NULL,'2020-07-26 21:22:21','2020-07-26 21:22:21',NULL),(736,148,'1',NULL,'Review Investment PowerPoint and assemble questions for Brad','1',4,NULL,'2020-07-26 21:22:21','2020-07-26 21:22:21',NULL),(737,148,'0',NULL,'Receive Investment PowerPoint','1',4,NULL,'2020-07-26 21:22:21','2020-07-26 21:22:21',NULL),(738,149,'4',NULL,'Second Round Interview','1',197,NULL,'2020-07-27 19:52:12','2020-07-27 19:52:12',NULL),(739,149,'3',NULL,'First Round Interview','1',197,NULL,'2020-07-27 19:52:12','2020-07-27 19:52:12',NULL),(740,149,'2',NULL,'Submitted an application','1',197,NULL,'2020-07-27 19:52:12','2020-07-27 19:52:12',NULL),(741,149,'1',NULL,'Looked at the few job postings','1',197,NULL,'2020-07-27 19:52:12','2020-07-27 19:52:12',NULL),(742,149,'0',NULL,'Done no research','1',197,NULL,'2020-07-27 19:52:12','2020-07-27 19:52:12',NULL),(743,150,'4',NULL,'#4','1',197,NULL,'2020-07-27 19:53:46','2020-07-27 19:53:46',NULL),(744,150,'3',NULL,'#3','1',197,NULL,'2020-07-27 19:53:46','2020-07-27 19:53:46',NULL),(745,150,'2',NULL,'#2','1',197,NULL,'2020-07-27 19:53:46','2020-07-27 19:53:46',NULL),(746,150,'1',NULL,'#1','1',197,NULL,'2020-07-27 19:53:46','2020-07-27 19:53:46',NULL),(747,150,'0',NULL,'#0','1',197,NULL,'2020-07-27 19:53:46','2020-07-27 19:53:46',NULL);
/*!40000 ALTER TABLE `goal_scale` ENABLE KEYS */;
UNLOCK TABLES;

--
-- Table structure for table `goal_status`
--

DROP TABLE IF EXISTS `goal_status`;
/*!40101 SET @saved_cs_client     = @@character_set_client */;
/*!40101 SET character_set_client = utf8 */;
CREATE TABLE `goal_status` (
  `id` bigint(20) unsigned NOT NULL AUTO_INCREMENT,
  `name` varchar(255) COLLATE utf8mb4_unicode_ci NOT NULL,
  `is_active` enum('0','1') COLLATE utf8mb4_unicode_ci NOT NULL DEFAULT '1' COMMENT '0=>Blocked, 1=>Active',
  `created_by` bigint(20) unsigned DEFAULT NULL,
  `last_modified_by` bigint(20) unsigned DEFAULT NULL,
  `created_at` timestamp NULL DEFAULT NULL,
  `updated_at` timestamp NULL DEFAULT NULL,
  `deleted_at` timestamp NULL DEFAULT NULL,
  PRIMARY KEY (`id`) USING BTREE,
  KEY `goal_status_created_by_foreign` (`created_by`) USING BTREE,
  KEY `goal_status_last_modified_by_foreign` (`last_modified_by`) USING BTREE,
  KEY `goal_status_name_index` (`name`(191)) USING BTREE,
  CONSTRAINT `goal_status_created_by_foreign` FOREIGN KEY (`created_by`) REFERENCES `users` (`id`) ON DELETE NO ACTION ON UPDATE NO ACTION,
  CONSTRAINT `goal_status_last_modified_by_foreign` FOREIGN KEY (`last_modified_by`) REFERENCES `users` (`id`) ON DELETE NO ACTION ON UPDATE NO ACTION
) ENGINE=InnoDB AUTO_INCREMENT=4 DEFAULT CHARSET=utf8mb4 COLLATE=utf8mb4_unicode_ci ROW_FORMAT=COMPACT;
/*!40101 SET character_set_client = @saved_cs_client */;

--
-- Dumping data for table `goal_status`
--

LOCK TABLES `goal_status` WRITE;
/*!40000 ALTER TABLE `goal_status` DISABLE KEYS */;
INSERT INTO `goal_status` VALUES (1,'Open','1',NULL,NULL,'2020-04-24 15:58:05',NULL,NULL),(2,'Closed','1',NULL,NULL,'2020-04-24 15:58:17',NULL,NULL),(3,'Pending Approval','1',NULL,NULL,'2020-04-24 15:58:38',NULL,NULL);
/*!40000 ALTER TABLE `goal_status` ENABLE KEYS */;
UNLOCK TABLES;

--
-- Table structure for table `goal_tag`
--

DROP TABLE IF EXISTS `goal_tag`;
/*!40101 SET @saved_cs_client     = @@character_set_client */;
/*!40101 SET character_set_client = utf8 */;
CREATE TABLE `goal_tag` (
  `id` bigint(20) unsigned NOT NULL AUTO_INCREMENT,
  `tag_id` bigint(20) unsigned DEFAULT NULL,
  `goal_id` bigint(20) unsigned DEFAULT NULL,
  `is_active` enum('0','1') COLLATE utf8mb4_unicode_ci NOT NULL DEFAULT '1' COMMENT '0=>Blocked, 1=>Active',
  `created_by` bigint(20) unsigned DEFAULT NULL,
  `last_modified_by` bigint(20) unsigned DEFAULT NULL,
  `created_at` timestamp NULL DEFAULT NULL,
  `updated_at` timestamp NULL DEFAULT NULL,
  `deleted_at` timestamp NULL DEFAULT NULL,
  PRIMARY KEY (`id`) USING BTREE,
  KEY `goal_tag_created_by_foreign` (`created_by`) USING BTREE,
  KEY `goal_tag_goal_id_foreign` (`goal_id`) USING BTREE,
  KEY `goal_tag_last_modified_by_foreign` (`last_modified_by`) USING BTREE,
  KEY `goal_tag_tag_id_foreign` (`tag_id`) USING BTREE,
  CONSTRAINT `goal_tag_created_by_foreign` FOREIGN KEY (`created_by`) REFERENCES `users` (`id`) ON DELETE CASCADE ON UPDATE NO ACTION,
  CONSTRAINT `goal_tag_goal_id_foreign` FOREIGN KEY (`goal_id`) REFERENCES `goals` (`id`) ON DELETE CASCADE ON UPDATE NO ACTION,
  CONSTRAINT `goal_tag_last_modified_by_foreign` FOREIGN KEY (`last_modified_by`) REFERENCES `users` (`id`) ON DELETE CASCADE ON UPDATE NO ACTION,
  CONSTRAINT `goal_tag_tag_id_foreign` FOREIGN KEY (`tag_id`) REFERENCES `tags` (`id`) ON DELETE CASCADE ON UPDATE NO ACTION
) ENGINE=InnoDB AUTO_INCREMENT=115 DEFAULT CHARSET=utf8mb4 COLLATE=utf8mb4_unicode_ci ROW_FORMAT=COMPACT;
/*!40101 SET character_set_client = @saved_cs_client */;

--
-- Dumping data for table `goal_tag`
--

LOCK TABLES `goal_tag` WRITE;
/*!40000 ALTER TABLE `goal_tag` DISABLE KEYS */;
INSERT INTO `goal_tag` VALUES (22,44,122,'1',140,NULL,'2020-05-12 11:00:48','2020-05-12 11:00:48',NULL),(23,46,122,'1',140,NULL,'2020-05-12 11:00:48','2020-05-12 11:00:48',NULL),(24,130,122,'1',140,NULL,'2020-05-12 11:00:48','2020-05-12 11:00:48',NULL),(25,127,122,'1',140,NULL,'2020-05-12 11:00:48','2020-05-12 11:00:48',NULL),(26,50,123,'1',140,NULL,'2020-05-12 11:04:12','2020-05-12 11:04:12',NULL),(27,105,123,'1',140,NULL,'2020-05-12 11:04:12','2020-05-12 11:04:12',NULL),(28,113,123,'1',140,NULL,'2020-05-12 11:04:12','2020-05-12 11:04:12',NULL),(29,21,124,'1',140,NULL,'2020-05-12 11:08:57','2020-05-12 11:08:57',NULL),(30,99,124,'1',140,NULL,'2020-05-12 11:08:57','2020-05-12 11:08:57',NULL),(31,192,124,'1',140,NULL,'2020-05-12 11:08:57','2020-05-12 11:08:57',NULL),(32,76,128,'1',4,NULL,'2020-06-05 05:09:01','2020-06-05 05:09:01',NULL),(33,64,128,'1',4,NULL,'2020-06-05 05:09:01','2020-06-05 05:09:01',NULL),(34,152,128,'1',4,NULL,'2020-06-05 05:09:01','2020-06-05 05:09:01',NULL),(35,153,128,'1',4,NULL,'2020-06-05 05:09:01','2020-06-05 05:09:01',NULL),(36,151,128,'1',4,NULL,'2020-06-05 05:09:01','2020-06-05 05:09:01',NULL),(37,206,128,'1',4,NULL,'2020-06-05 05:09:01','2020-06-05 05:09:01',NULL),(38,63,129,'1',4,NULL,'2020-06-05 05:15:37','2020-06-05 05:15:37',NULL),(39,76,129,'1',4,NULL,'2020-06-05 05:15:37','2020-06-05 05:15:37',NULL),(40,64,129,'1',4,NULL,'2020-06-05 05:15:37','2020-06-05 05:15:37',NULL),(41,151,129,'1',4,NULL,'2020-06-05 05:15:38','2020-06-05 05:15:38',NULL),(42,206,129,'1',4,NULL,'2020-06-05 05:15:38','2020-06-05 05:15:38',NULL),(43,2,130,'1',4,NULL,'2020-06-05 05:21:39','2020-06-05 05:21:39',NULL),(44,112,130,'1',4,NULL,'2020-06-05 05:21:39','2020-06-05 05:21:39',NULL),(45,52,131,'1',4,NULL,'2020-06-05 05:29:02','2020-06-05 05:29:02',NULL),(46,113,131,'1',4,NULL,'2020-06-05 05:29:02','2020-06-05 05:29:02',NULL),(47,63,132,'1',4,NULL,'2020-06-05 05:34:13','2020-06-05 05:34:13',NULL),(48,152,132,'1',4,NULL,'2020-06-05 05:34:13','2020-06-05 05:34:13',NULL),(49,70,133,'1',4,NULL,'2020-06-05 05:39:25','2020-06-05 05:39:25',NULL),(50,60,133,'1',4,NULL,'2020-06-05 05:39:25','2020-06-05 05:39:25',NULL),(51,152,133,'1',4,NULL,'2020-06-05 05:39:25','2020-06-05 05:39:25',NULL),(52,70,134,'1',179,NULL,'2020-06-05 18:34:17','2020-06-05 18:34:17',NULL),(53,68,134,'1',179,NULL,'2020-06-05 18:34:17','2020-06-05 18:34:17',NULL),(54,153,134,'1',179,NULL,'2020-06-05 18:34:17','2020-06-05 18:34:17',NULL),(55,103,134,'1',179,NULL,'2020-06-05 18:34:17','2020-06-05 18:34:17',NULL),(56,206,134,'1',179,NULL,'2020-06-05 18:34:17','2020-06-05 18:34:17',NULL),(57,43,135,'1',170,NULL,'2020-06-08 15:24:05','2020-06-08 15:24:05',NULL),(58,127,135,'1',170,NULL,'2020-06-08 15:24:05','2020-06-08 15:24:05',NULL),(59,129,135,'1',170,NULL,'2020-06-08 15:24:05','2020-06-08 15:24:05',NULL),(60,2,136,'1',2,NULL,'2020-06-08 15:42:36','2020-06-08 15:42:36',NULL),(61,61,137,'1',2,NULL,'2020-06-11 20:29:51','2020-06-11 20:29:51',NULL),(62,64,137,'1',2,NULL,'2020-06-11 20:29:51','2020-06-11 20:29:51',NULL),(63,65,137,'1',2,NULL,'2020-06-11 20:29:51','2020-06-11 20:29:51',NULL),(64,2,137,'1',2,NULL,'2020-06-11 20:29:51','2020-06-11 20:29:51',NULL),(65,123,137,'1',2,NULL,'2020-06-11 20:29:51','2020-06-11 20:29:51',NULL),(66,2,138,'1',173,NULL,'2020-06-15 14:35:08','2020-06-15 14:35:08',NULL),(67,98,138,'1',173,NULL,'2020-06-15 14:35:08','2020-06-15 14:35:08',NULL),(68,114,138,'1',173,NULL,'2020-06-15 14:35:08','2020-06-15 14:35:08',NULL),(69,117,138,'1',173,NULL,'2020-06-15 14:35:08','2020-06-15 14:35:08',NULL),(70,41,139,'1',173,NULL,'2020-06-15 14:59:39','2020-06-15 14:59:39',NULL),(71,2,139,'1',173,NULL,'2020-06-15 14:59:39','2020-06-15 14:59:39',NULL),(72,130,139,'1',173,NULL,'2020-06-15 14:59:39','2020-06-15 14:59:39',NULL),(73,129,139,'1',173,NULL,'2020-06-15 14:59:39','2020-06-15 14:59:39',NULL),(74,95,139,'1',173,NULL,'2020-06-15 14:59:39','2020-06-15 14:59:39',NULL),(75,164,139,'1',173,NULL,'2020-06-15 14:59:39','2020-06-15 14:59:39',NULL),(76,2,140,'1',173,NULL,'2020-06-15 15:03:23','2020-06-15 15:03:23',NULL),(77,98,140,'1',173,NULL,'2020-06-15 15:03:23','2020-06-15 15:03:23',NULL),(78,114,140,'1',173,NULL,'2020-06-15 15:03:23','2020-06-15 15:03:23',NULL),(79,117,140,'1',173,NULL,'2020-06-15 15:03:23','2020-06-15 15:03:23',NULL),(80,41,141,'1',173,NULL,'2020-06-15 15:24:28','2020-06-15 15:24:28',NULL),(81,2,141,'1',173,NULL,'2020-06-15 15:24:28','2020-06-15 15:24:28',NULL),(82,130,141,'1',173,NULL,'2020-06-15 15:24:28','2020-06-15 15:24:28',NULL),(83,129,141,'1',173,NULL,'2020-06-15 15:24:28','2020-06-15 15:24:28',NULL),(84,95,141,'1',173,NULL,'2020-06-15 15:24:28','2020-06-15 15:24:28',NULL),(85,2,142,'1',173,NULL,'2020-06-15 15:29:17','2020-06-15 15:29:17',NULL),(86,95,142,'1',173,NULL,'2020-06-15 15:29:17','2020-06-15 15:29:17',NULL),(87,114,142,'1',173,NULL,'2020-06-15 15:29:17','2020-06-15 15:29:17',NULL),(88,117,142,'1',173,NULL,'2020-06-15 15:29:17','2020-06-15 15:29:17',NULL),(89,2,143,'1',173,NULL,'2020-06-15 15:52:31','2020-06-15 15:52:31',NULL),(90,130,143,'1',173,NULL,'2020-06-15 15:52:31','2020-06-15 15:52:31',NULL),(91,129,143,'1',173,NULL,'2020-06-15 15:52:31','2020-06-15 15:52:31',NULL),(92,95,143,'1',173,NULL,'2020-06-15 15:52:31','2020-06-15 15:52:31',NULL),(93,164,143,'1',173,NULL,'2020-06-15 15:52:31','2020-06-15 15:52:31',NULL),(94,51,144,'1',168,NULL,'2020-06-23 18:04:45','2020-06-23 18:04:45',NULL),(95,137,144,'1',168,NULL,'2020-06-23 18:04:45','2020-06-23 18:04:45',NULL),(96,191,144,'1',168,NULL,'2020-06-23 18:04:45','2020-06-23 18:04:45',NULL),(97,41,145,'1',168,NULL,'2020-06-29 12:12:13','2020-06-29 12:12:13',NULL),(98,101,145,'1',168,NULL,'2020-06-29 12:12:13','2020-06-29 12:12:13',NULL),(99,104,145,'1',168,NULL,'2020-06-29 12:12:13','2020-06-29 12:12:13',NULL),(100,100,145,'1',168,NULL,'2020-06-29 12:12:13','2020-06-29 12:12:13',NULL),(101,21,146,'1',2,NULL,'2020-07-21 20:29:46','2020-07-21 20:29:46',NULL),(102,99,146,'1',2,NULL,'2020-07-21 20:29:46','2020-07-21 20:29:46',NULL),(103,69,147,'1',4,NULL,'2020-07-26 21:17:51','2020-07-26 21:17:51',NULL),(104,73,147,'1',4,NULL,'2020-07-26 21:17:51','2020-07-26 21:17:51',NULL),(105,147,147,'1',4,NULL,'2020-07-26 21:17:51','2020-07-26 21:17:51',NULL),(106,69,148,'1',4,NULL,'2020-07-26 21:22:21','2020-07-26 21:22:21',NULL),(107,66,148,'1',4,NULL,'2020-07-26 21:22:21','2020-07-26 21:22:21',NULL),(108,147,148,'1',4,NULL,'2020-07-26 21:22:21','2020-07-26 21:22:21',NULL),(109,70,149,'1',197,NULL,'2020-07-27 19:52:12','2020-07-27 19:52:12',NULL),(110,71,149,'1',197,NULL,'2020-07-27 19:52:12','2020-07-27 19:52:12',NULL),(111,67,149,'1',197,NULL,'2020-07-27 19:52:12','2020-07-27 19:52:12',NULL),(112,152,149,'1',197,NULL,'2020-07-27 19:52:12','2020-07-27 19:52:12',NULL),(113,123,149,'1',197,NULL,'2020-07-27 19:52:12','2020-07-27 19:52:12',NULL),(114,128,149,'1',197,NULL,'2020-07-27 19:52:12','2020-07-27 19:52:12',NULL);
/*!40000 ALTER TABLE `goal_tag` ENABLE KEYS */;
UNLOCK TABLES;

--
-- Table structure for table `goals`
--

DROP TABLE IF EXISTS `goals`;
/*!40101 SET @saved_cs_client     = @@character_set_client */;
/*!40101 SET character_set_client = utf8 */;
CREATE TABLE `goals` (
  `id` bigint(20) unsigned NOT NULL AUTO_INCREMENT,
  `name` varchar(255) COLLATE utf8mb4_unicode_ci DEFAULT NULL,
  `goal_start_date` datetime DEFAULT NULL,
  `status_id` bigint(20) unsigned DEFAULT NULL,
  `participant_id` bigint(20) unsigned DEFAULT NULL,
  `provider_id` bigint(20) unsigned DEFAULT NULL,
  `goal_change` bigint(20) DEFAULT NULL,
  `last_activity_date` datetime DEFAULT NULL,
  `goal_closed_date` datetime DEFAULT NULL,
  `is_active` enum('0','1') COLLATE utf8mb4_unicode_ci NOT NULL DEFAULT '1' COMMENT '0 => Inactive, 1 => Active',
  `created_by` bigint(20) unsigned DEFAULT NULL,
  `last_modified_by` bigint(20) unsigned DEFAULT NULL,
  `created_at` timestamp NULL DEFAULT NULL,
  `updated_at` timestamp NULL DEFAULT NULL,
  `deleted_at` timestamp NULL DEFAULT NULL,
  PRIMARY KEY (`id`) USING BTREE,
  KEY `goals_status_id_foreign` (`status_id`) USING BTREE,
  KEY `goals_participant_id_foreign` (`participant_id`) USING BTREE,
  KEY `goals_provider_id_foreign` (`provider_id`) USING BTREE,
  KEY `goals_goal_start_date_index` (`goal_start_date`) USING BTREE,
  KEY `goals_last_activity_date_index` (`last_activity_date`) USING BTREE,
  KEY `goals_goal_closed_date_index` (`goal_closed_date`) USING BTREE,
  KEY `goals_created_by_foreign` (`created_by`) USING BTREE,
  KEY `goals_last_modified_by_foreign` (`last_modified_by`) USING BTREE,
  KEY `goals_name_index` (`name`(191)) USING BTREE,
  CONSTRAINT `goals_created_by_foreign` FOREIGN KEY (`created_by`) REFERENCES `users` (`id`) ON DELETE CASCADE ON UPDATE NO ACTION,
  CONSTRAINT `goals_last_modified_by_foreign` FOREIGN KEY (`last_modified_by`) REFERENCES `users` (`id`) ON DELETE CASCADE ON UPDATE NO ACTION,
  CONSTRAINT `goals_participant_id_foreign` FOREIGN KEY (`participant_id`) REFERENCES `users` (`id`) ON DELETE CASCADE ON UPDATE NO ACTION,
  CONSTRAINT `goals_provider_id_foreign` FOREIGN KEY (`provider_id`) REFERENCES `users` (`id`) ON DELETE CASCADE ON UPDATE NO ACTION,
  CONSTRAINT `goals_status_id_foreign` FOREIGN KEY (`status_id`) REFERENCES `goal_status` (`id`) ON DELETE CASCADE ON UPDATE NO ACTION
) ENGINE=InnoDB AUTO_INCREMENT=151 DEFAULT CHARSET=utf8mb4 COLLATE=utf8mb4_unicode_ci ROW_FORMAT=COMPACT;
/*!40101 SET character_set_client = @saved_cs_client */;

--
-- Dumping data for table `goals`
--

LOCK TABLES `goals` WRITE;
/*!40000 ALTER TABLE `goals` DISABLE KEYS */;
INSERT INTO `goals` VALUES (1,'Complete an advocacy project to demonstrate to others the unique nature and distinct value of OT','2020-05-11 19:34:37',1,142,141,2,NULL,'2020-06-19 14:16:27','1',1,NULL,'2020-05-11 23:34:37','2020-06-19 18:16:27',NULL),(2,'Complete an advocacy project to demonstrate to others the unique nature and distinct value of OT','2020-05-11 19:34:37',1,143,141,3,NULL,'2020-06-19 13:53:09','1',1,NULL,'2020-05-11 23:34:37','2020-06-19 17:53:09',NULL),(3,'Complete an advocacy project to demonstrate to others the unique nature and distinct value of OT','2020-05-11 19:34:37',1,144,141,3,NULL,'2020-06-19 14:02:10','1',1,NULL,'2020-05-11 23:34:37','2020-06-19 18:02:10',NULL),(4,'Complete an advocacy project to demonstrate to others the unique nature and distinct value of OT','2020-05-11 19:34:37',1,145,141,2,NULL,'2020-06-19 13:39:49','1',1,NULL,'2020-05-11 23:34:37','2020-06-19 17:39:49',NULL),(5,'Complete an advocacy project to demonstrate to others the unique nature and distinct value of OT','2020-05-11 19:34:37',1,146,141,3,NULL,'2020-06-19 14:20:51','1',1,NULL,'2020-05-11 23:34:37','2020-06-19 18:20:51',NULL),(6,'Complete an advocacy project to demonstrate to others the unique nature and distinct value of OT','2020-05-11 19:34:37',1,147,141,2,NULL,'2020-06-19 13:55:51','1',1,NULL,'2020-05-11 23:34:37','2020-06-19 17:55:51',NULL),(7,'Complete an advocacy project to demonstrate to others the unique nature and distinct value of OT','2020-05-11 19:34:37',1,148,141,3,NULL,'2020-06-19 14:18:38','1',1,NULL,'2020-05-11 23:34:37','2020-06-19 18:18:38',NULL),(8,'Complete an advocacy project to demonstrate to others the unique nature and distinct value of OT','2020-05-11 19:34:37',1,149,141,2,NULL,'2020-06-19 13:42:19','1',1,NULL,'2020-05-11 23:34:37','2020-06-19 17:42:19',NULL),(9,'Complete an advocacy project to demonstrate to others the unique nature and distinct value of OT','2020-05-11 19:34:37',1,150,141,3,NULL,'2020-06-19 13:24:18','1',1,NULL,'2020-05-11 23:34:37','2020-06-19 17:24:18',NULL),(10,'Complete an advocacy project to demonstrate to others the unique nature and distinct value of OT','2020-05-11 19:34:37',1,151,141,2,NULL,'2020-06-19 13:15:29','1',1,NULL,'2020-05-11 23:34:37','2020-06-19 17:15:29',NULL),(11,'Complete an advocacy project to demonstrate to others the unique nature and distinct value of OT','2020-05-11 19:34:37',1,152,141,3,NULL,'2020-06-19 13:18:08','1',1,NULL,'2020-05-11 23:34:37','2020-06-19 17:18:08',NULL),(12,'Complete an advocacy project to demonstrate to others the unique nature and distinct value of OT','2020-05-11 19:34:37',1,153,141,3,NULL,'2020-06-19 14:07:44','1',1,NULL,'2020-05-11 23:34:37','2020-06-19 18:07:44',NULL),(13,'Complete an advocacy project to demonstrate to others the unique nature and distinct value of OT','2020-05-11 19:34:37',1,154,141,4,NULL,'2020-06-19 13:27:15','1',1,NULL,'2020-05-11 23:34:37','2020-06-19 17:27:15',NULL),(14,'Complete an advocacy project to demonstrate to others the unique nature and distinct value of OT','2020-05-11 19:34:37',1,155,141,3,NULL,'2020-06-19 13:44:56','1',1,NULL,'2020-05-11 23:34:37','2020-06-19 17:44:56',NULL),(15,'Complete an advocacy project to demonstrate to others the unique nature and distinct value of OT','2020-05-11 19:34:37',1,156,141,3,NULL,'2020-06-19 13:21:53','1',1,NULL,'2020-05-11 23:34:37','2020-06-19 17:21:53',NULL),(16,'Complete an advocacy project to demonstrate to others the unique nature and distinct value of OT','2020-05-11 19:34:37',1,157,141,2,NULL,'2020-06-19 14:10:34','1',1,NULL,'2020-05-11 23:34:37','2020-06-19 18:10:34',NULL),(17,'Complete an advocacy project to demonstrate to others the unique nature and distinct value of OT','2020-05-11 19:34:37',1,158,141,2,NULL,'2020-06-19 13:59:59','1',1,NULL,'2020-05-11 23:34:37','2020-06-19 17:59:59',NULL),(18,'Complete an advocacy project to demonstrate to others the unique nature and distinct value of OT','2020-05-11 19:34:37',1,159,141,3,NULL,'2020-06-19 13:50:49','1',1,NULL,'2020-05-11 23:34:37','2020-06-19 17:50:49',NULL),(19,'Complete an advocacy project to demonstrate to others the unique nature and distinct value of OT','2020-05-11 19:34:37',1,160,141,2,NULL,'2020-06-19 13:30:10','1',1,NULL,'2020-05-11 23:34:37','2020-06-19 17:30:10',NULL),(20,'Complete an advocacy project to demonstrate to others the unique nature and distinct value of OT','2020-05-11 19:34:37',1,161,141,4,NULL,'2020-06-19 13:13:19','1',1,NULL,'2020-05-11 23:34:37','2020-06-19 17:13:19',NULL),(21,'Complete an advocacy project to demonstrate to others the unique nature and distinct value of OT','2020-05-11 19:34:37',1,162,141,3,NULL,'2020-06-19 13:48:38','1',1,NULL,'2020-05-11 23:34:37','2020-06-19 17:48:38',NULL),(22,'Complete an advocacy project to demonstrate to others the unique nature and distinct value of OT','2020-05-11 19:34:37',1,163,141,2,NULL,'2020-06-19 14:13:31','1',1,NULL,'2020-05-11 23:34:37','2020-06-19 18:13:31',NULL),(23,'Complete an advocacy project to demonstrate to others the unique nature and distinct value of OT','2020-05-11 19:34:37',1,164,141,2,NULL,'2020-06-19 13:37:32','1',1,NULL,'2020-05-11 23:34:37','2020-06-19 17:37:32',NULL),(24,'Complete an advocacy project to demonstrate to others the unique nature and distinct value of OT','2020-05-11 19:34:37',1,165,141,3,NULL,'2020-06-19 13:34:12','1',1,NULL,'2020-05-11 23:34:37','2020-06-19 17:34:12',NULL),(25,'Increase knowledge of global social issues impacting healthcare practices and trends','2020-05-11 19:33:13',1,142,141,3,NULL,'2020-06-19 14:16:08','1',1,NULL,'2020-05-11 23:33:13','2020-06-19 18:16:08',NULL),(26,'Increase knowledge of global social issues impacting healthcare practices and trends','2020-05-11 19:33:13',1,143,141,3,NULL,'2020-06-19 13:53:42','1',1,NULL,'2020-05-11 23:34:37','2020-06-19 17:53:42',NULL),(27,'Increase knowledge of global social issues impacting healthcare practices and trends','2020-05-11 19:33:13',1,144,141,3,NULL,'2020-06-19 14:02:38','1',1,NULL,'2020-05-11 23:34:37','2020-06-19 18:02:38',NULL),(28,'Increase knowledge of global social issues impacting healthcare practices and trends','2020-05-11 19:33:13',1,145,141,3,NULL,'2020-06-19 13:40:19','1',1,NULL,'2020-05-11 23:34:37','2020-06-19 17:40:19',NULL),(29,'Increase knowledge of global social issues impacting healthcare practices and trends','2020-05-11 19:33:13',1,146,141,3,NULL,'2020-06-19 14:21:15','1',1,NULL,'2020-05-11 23:34:37','2020-06-19 18:21:15',NULL),(30,'Increase knowledge of global social issues impacting healthcare practices and trends','2020-05-11 19:33:13',1,147,141,1,NULL,'2020-06-19 13:56:31','1',1,NULL,'2020-05-11 23:34:37','2020-06-19 17:56:31',NULL),(31,'Increase knowledge of global social issues impacting healthcare practices and trends','2020-05-11 19:33:13',1,148,141,3,NULL,'2020-06-19 14:19:00','1',1,NULL,'2020-05-11 23:34:37','2020-06-19 18:19:00',NULL),(32,'Increase knowledge of global social issues impacting healthcare practices and trends','2020-05-11 19:33:13',1,149,141,3,NULL,'2020-06-19 13:42:52','1',1,NULL,'2020-05-11 23:34:37','2020-06-19 17:42:52',NULL),(33,'Increase knowledge of global social issues impacting healthcare practices and trends','2020-05-11 19:33:13',1,150,141,3,NULL,'2020-06-19 13:24:45','1',1,NULL,'2020-05-11 23:34:37','2020-06-19 17:24:45',NULL),(34,'Increase knowledge of global social issues impacting healthcare practices and trends','2020-05-11 19:33:13',1,151,141,3,NULL,'2020-06-19 13:15:52','1',1,NULL,'2020-05-11 23:34:37','2020-06-19 17:15:52',NULL),(35,'Increase knowledge of global social issues impacting healthcare practices and trends','2020-05-11 19:33:13',1,152,141,4,NULL,'2020-06-19 13:18:43','1',1,NULL,'2020-05-11 23:34:37','2020-06-19 17:18:43',NULL),(36,'Increase knowledge of global social issues impacting healthcare practices and trends','2020-05-11 19:33:13',1,153,141,3,NULL,'2020-06-19 14:08:24','1',1,NULL,'2020-05-11 23:34:37','2020-06-19 18:08:24',NULL),(37,'Increase knowledge of global social issues impacting healthcare practices and trends','2020-05-11 19:33:13',1,154,141,4,NULL,'2020-06-19 13:27:55','1',1,NULL,'2020-05-11 23:34:37','2020-06-19 17:27:55',NULL),(38,'Increase knowledge of global social issues impacting healthcare practices and trends','2020-05-11 19:33:13',1,155,141,3,NULL,'2020-06-19 13:46:20','1',1,NULL,'2020-05-11 23:34:37','2020-06-19 17:46:20',NULL),(39,'Increase knowledge of global social issues impacting healthcare practices and trends','2020-05-11 19:33:13',1,156,141,3,NULL,'2020-06-19 13:22:24','1',1,NULL,'2020-05-11 23:34:37','2020-06-19 17:22:24',NULL),(40,'Increase knowledge of global social issues impacting healthcare practices and trends','2020-05-11 19:33:13',1,157,141,3,NULL,'2020-06-19 14:11:07','1',1,NULL,'2020-05-11 23:34:37','2020-06-19 18:11:07',NULL),(41,'Increase knowledge of global social issues impacting healthcare practices and trends','2020-05-11 19:33:13',1,158,141,3,NULL,'2020-06-19 14:00:26','1',1,NULL,'2020-05-11 23:34:37','2020-06-19 18:00:26',NULL),(42,'Increase knowledge of global social issues impacting healthcare practices and trends','2020-05-11 19:33:13',1,159,141,3,NULL,'2020-06-19 13:51:10','1',1,NULL,'2020-05-11 23:34:37','2020-06-19 17:51:10',NULL),(43,'Increase knowledge of global social issues impacting healthcare practices and trends','2020-05-11 19:33:13',1,160,141,3,NULL,'2020-06-19 13:30:43','1',1,NULL,'2020-05-11 23:34:37','2020-06-19 17:30:43',NULL),(44,'Increase knowledge of global social issues impacting healthcare practices and trends','2020-05-11 19:33:13',1,161,141,3,NULL,'2020-06-19 13:13:46','1',1,NULL,'2020-05-11 23:34:37','2020-06-19 17:13:46',NULL),(45,'Increase knowledge of global social issues impacting healthcare practices and trends','2020-05-11 19:33:13',1,162,141,3,NULL,'2020-06-19 13:49:06','1',1,NULL,'2020-05-11 23:34:37','2020-06-19 17:49:06',NULL),(46,'Increase knowledge of global social issues impacting healthcare practices and trends','2020-05-11 19:33:13',1,163,141,3,NULL,'2020-06-19 14:13:54','1',1,NULL,'2020-05-11 23:34:37','2020-06-19 18:13:54',NULL),(47,'Increase knowledge of global social issues impacting healthcare practices and trends','2020-05-11 19:33:13',1,164,141,3,NULL,'2020-06-19 13:37:55','1',1,NULL,'2020-05-11 23:34:37','2020-06-19 17:37:55',NULL),(48,'Increase knowledge of global social issues impacting healthcare practices and trends','2020-05-11 19:33:13',1,165,141,3,NULL,'2020-06-19 13:35:14','1',1,NULL,'2020-05-11 23:34:37','2020-06-19 17:35:14',NULL),(49,'Increase knowledge of clinical practices in Hand Therapy in preparation for Level I FW placement','2020-05-11 19:34:37',1,142,141,3,NULL,'2020-06-19 14:16:46','1',1,NULL,'2020-05-11 23:34:37','2020-06-19 18:16:46',NULL),(50,'Increase knowledge of clinical practices in Pediatrics in preparation for Level I FW placement','2020-05-11 19:34:37',1,143,141,3,NULL,'2020-06-19 13:54:11','1',1,NULL,'2020-05-11 23:34:37','2020-06-19 17:54:11',NULL),(51,'Increase knowledge of clinical practices in Pediatrics in preparation for Level I FW placement','2020-05-11 19:34:37',1,144,141,3,NULL,'2020-06-19 14:03:03','1',1,NULL,'2020-05-11 23:34:37','2020-06-19 18:03:03',NULL),(52,'Increase knowledge of clinical practices in Hand and Upper Extremity Therapy in preparation for Level I FW placement','2020-05-11 19:34:37',1,145,141,3,NULL,'2020-06-19 13:40:43','1',1,NULL,'2020-05-11 23:34:37','2020-06-19 17:40:43',NULL),(53,'Increase knowledge of clinical practices in Sensory Integration in preparation for Level I FW placement','2020-05-11 19:34:37',1,146,141,3,NULL,'2020-06-19 14:22:06','1',1,NULL,'2020-05-11 23:34:37','2020-06-19 18:22:06',NULL),(54,'Increase knowledge of clinical practices in Neuropathies in preparation for Level I FW placement','2020-05-11 19:34:37',1,147,141,1,NULL,'2020-06-19 13:57:19','1',1,NULL,'2020-05-11 23:34:37','2020-06-19 17:57:19',NULL),(55,'Increase knowledge of clinical practices in Pediatric Feeding Disorders in preparation for Level I FW placement','2020-05-11 19:34:37',1,148,141,3,NULL,'2020-06-19 14:19:23','1',1,NULL,'2020-05-11 23:34:37','2020-06-19 18:19:23',NULL),(56,'Increase knowledge of clinical practices in Sensory Issues in Pediatrics in preparation for Level I FW placement','2020-05-11 19:34:37',1,149,141,2,NULL,'2020-06-19 13:43:28','1',1,NULL,'2020-05-11 23:34:37','2020-06-19 17:43:28',NULL),(57,'Increase knowledge of clinical practices in Mental Health in preparation for Level I FW placement','2020-05-11 19:34:37',1,150,141,3,NULL,'2020-06-19 13:25:12','1',1,NULL,'2020-05-11 23:34:37','2020-06-19 17:25:12',NULL),(58,'Increase knowledge of clinical practices in Pediatrics in preparation for Level I FW placement','2020-05-11 19:34:37',1,151,141,3,NULL,'2020-06-19 13:16:12','1',1,NULL,'2020-05-11 23:34:37','2020-06-19 17:16:12',NULL),(59,'Increase knowledge of clinical practices in Pediatrics in preparation for Level I FW placement','2020-05-11 19:34:37',1,152,141,3,NULL,'2020-06-19 13:20:03','1',1,NULL,'2020-05-11 23:34:37','2020-06-19 17:20:03',NULL),(60,'Increase knowledge of clinical practices in Life Skills Training in preparation for Level I FW placement','2020-05-11 19:34:37',1,153,141,3,NULL,'2020-06-19 14:08:44','1',1,NULL,'2020-05-11 23:34:37','2020-06-19 18:08:44',NULL),(61,'Increase knowledge of clinical practices in Hand Therapy in preparation for Level I FW placement','2020-05-11 19:34:37',1,154,141,4,NULL,'2020-06-19 13:28:38','1',1,NULL,'2020-05-11 23:34:37','2020-06-19 17:28:38',NULL),(62,'Increase knowledge of clinical practices in Geriatrics in preparation for Level I FW placement','2020-05-11 19:34:37',1,155,141,3,NULL,'2020-06-18 11:57:52','1',1,NULL,'2020-05-11 23:34:37','2020-06-18 15:57:52',NULL),(63,'Increase knowledge of clinical practices in Geriatrics in preparation for Level I FW placement','2020-05-11 19:34:37',1,156,141,3,NULL,'2020-06-19 13:22:48','1',1,NULL,'2020-05-11 23:34:37','2020-06-19 17:22:48',NULL),(64,'Increase knowledge of clinical practices in Pediatric Downs Syndrome in preparation for Level I FW placement','2020-05-11 19:34:37',1,157,141,3,NULL,'2020-06-19 14:11:40','1',1,NULL,'2020-05-11 23:34:37','2020-06-19 18:11:40',NULL),(65,'Increase knowledge of clinical practices in Upper Extremity Rehabilitation in preparation for Level I FW placement','2020-05-11 19:34:37',1,158,141,2,NULL,'2020-06-19 14:00:50','1',1,NULL,'2020-05-11 23:34:37','2020-06-19 18:00:50',NULL),(66,'Increase knowledge of clinical practices in Wound Care Mgmt: OT Role in preparation for Level I FW placement','2020-05-11 19:34:37',1,159,141,2,NULL,'2020-06-19 13:51:36','1',1,NULL,'2020-05-11 23:34:37','2020-06-19 17:51:36',NULL),(67,'Increase knowledge of clinical practices in Upper Extremity Rehabilitation in preparation for Level I FW placement','2020-05-11 19:34:37',1,160,141,2,NULL,'2020-06-19 13:31:01','1',1,NULL,'2020-05-11 23:34:37','2020-06-19 17:31:01',NULL),(68,'Increase knowledge of clinical practices in Pediatrics in preparation for Level I FW placement','2020-05-11 19:34:37',1,161,141,3,NULL,'2020-06-19 13:14:06','1',1,NULL,'2020-05-11 23:34:37','2020-06-19 17:14:06',NULL),(69,'Increase knowledge of clinical practices in Motor Learning and Neuromotor Interventions for Pediatrics in preparation for Level I FW placement','2020-05-11 19:34:37',1,162,141,3,NULL,'2020-06-19 13:49:32','1',1,NULL,'2020-05-11 23:34:37','2020-06-19 17:49:32',NULL),(70,'Increase knowledge of clinical practices in Childhood Trauma in preparation for Level I FW placement','2020-05-11 19:34:37',1,163,141,2,NULL,'2020-06-19 14:14:33','1',1,NULL,'2020-05-11 23:34:37','2020-06-19 18:14:33',NULL),(71,'Increase knowledge of clinical practices in Childhood Trauma in preparation for Level I FW placement','2020-05-11 19:34:37',1,164,141,3,NULL,'2020-06-19 13:38:16','1',1,NULL,'2020-05-11 23:34:37','2020-06-19 17:38:16',NULL),(72,'Increase knowledge of clinical practices in Mental Health in preparation for Level I FW placement','2020-05-11 19:34:37',1,165,141,3,NULL,'2020-06-19 13:35:48','1',1,NULL,'2020-05-11 23:34:37','2020-06-19 17:35:48',NULL),(73,'Weekly Exercise','2020-05-11 19:34:37',1,142,141,4,NULL,'2020-06-19 14:17:39','1',1,NULL,'2020-05-11 23:34:37','2020-06-19 18:17:39',NULL),(74,'Eating Vegetables','2020-05-11 19:34:37',1,142,141,4,NULL,'2020-06-19 14:18:02','1',1,NULL,'2020-05-11 23:34:37','2020-06-19 18:18:02',NULL),(75,'home exercise program','2020-05-11 19:34:37',1,143,141,3,NULL,'2020-06-19 13:54:35','1',1,NULL,'2020-05-11 23:34:37','2020-06-19 17:54:35',NULL),(76,'cooking healthy meals','2020-05-11 19:34:37',1,143,141,3,NULL,'2020-06-19 13:55:15','1',1,NULL,'2020-05-11 23:34:37','2020-06-19 17:55:15',NULL),(77,'Increase time spent stretching','2020-05-11 19:34:37',1,144,141,2,NULL,'2020-06-19 14:03:43','1',1,NULL,'2020-05-11 23:34:37','2020-06-19 18:03:43',NULL),(78,'Increase running','2020-05-11 19:34:37',1,144,141,2,NULL,'2020-06-19 14:04:05','1',1,NULL,'2020-05-11 23:34:37','2020-06-19 18:04:05',NULL),(79,'Sleep','2020-05-11 19:34:37',1,145,141,2,NULL,'2020-06-19 13:41:13','1',1,NULL,'2020-05-11 23:34:37','2020-06-19 17:41:13',NULL),(80,'Reading','2020-05-11 19:34:37',1,145,141,3,NULL,'2020-06-19 13:41:44','1',1,NULL,'2020-05-11 23:34:37','2020-06-19 17:41:44',NULL),(81,'Call friends to keep in touch and maintain relationships','2020-05-11 19:34:37',1,146,141,3,NULL,'2020-06-19 14:22:38','1',1,NULL,'2020-05-11 23:34:37','2020-06-19 18:22:38',NULL),(82,'Keep a consistent wake schedule','2020-05-11 19:34:37',1,146,141,3,NULL,'2020-06-19 14:23:27','1',1,NULL,'2020-05-11 23:34:37','2020-06-19 18:23:27',NULL),(83,'Drink water','2020-05-11 19:34:37',1,147,141,4,NULL,'2020-06-19 13:57:47','1',1,NULL,'2020-05-11 23:34:37','2020-06-19 17:57:47',NULL),(84,'Participate in a yoga and/or pilates','2020-05-11 19:34:37',1,147,141,0,NULL,'2020-06-19 13:58:14','1',1,NULL,'2020-05-11 23:34:37','2020-06-19 17:58:14',NULL),(85,'Water Intake','2020-05-11 19:34:37',1,148,141,2,NULL,'2020-06-19 14:19:51','1',1,NULL,'2020-05-11 23:34:37','2020-06-19 18:19:51',NULL),(86,'Enhance daily diet','2020-05-11 19:34:37',1,148,141,2,NULL,'2020-06-19 14:20:14','1',1,NULL,'2020-05-11 23:34:37','2020-06-19 18:20:14',NULL),(87,'Writing in a Journal','2020-05-11 19:34:37',1,149,141,3,NULL,'2020-06-19 13:43:50','1',1,NULL,'2020-05-11 23:34:37','2020-06-19 17:43:50',NULL),(88,'Walking (with or without my dog)','2020-05-11 19:34:37',1,149,141,4,NULL,'2020-06-19 13:44:18','1',1,NULL,'2020-05-11 23:34:37','2020-06-19 17:44:18',NULL),(89,'To maintain an exercise schedule','2020-05-11 19:34:37',1,150,141,2,NULL,'2020-06-19 13:25:53','1',1,NULL,'2020-05-11 23:34:37','2020-06-19 17:25:53',NULL),(90,'Financial savings','2020-05-11 19:34:37',1,150,141,4,NULL,'2020-06-19 13:26:42','1',1,NULL,'2020-05-11 23:34:37','2020-06-19 17:26:42',NULL),(91,'Exercising','2020-05-11 19:34:37',1,151,141,2,NULL,'2020-06-19 13:16:46','1',1,NULL,'2020-05-11 23:34:37','2020-06-19 17:16:46',NULL),(92,'Drinking Water','2020-05-11 19:34:37',1,151,141,2,NULL,'2020-06-19 13:17:14','1',1,NULL,'2020-05-11 23:34:37','2020-06-19 17:17:14',NULL),(93,'Health Management- Prescriptions','2020-05-11 19:34:37',1,152,141,2,NULL,'2020-06-19 13:20:49','1',1,NULL,'2020-05-11 23:34:37','2020-06-19 17:20:49',NULL),(94,'Drinking Water','2020-05-11 19:34:37',1,152,141,2,NULL,'2020-06-19 13:21:20','1',1,NULL,'2020-05-11 23:34:37','2020-06-19 17:21:20',NULL),(95,'Journaling/Devotional','2020-05-11 19:34:37',1,153,141,2,NULL,'2020-06-19 14:09:34','1',1,NULL,'2020-05-11 23:34:37','2020-06-19 18:09:34',NULL),(96,'Walking','2020-05-11 19:34:37',1,153,141,2,NULL,'2020-06-19 14:10:00','1',1,NULL,'2020-05-11 23:34:37','2020-06-19 18:10:00',NULL),(97,'Gain muscle mass','2020-05-11 19:34:37',1,154,141,3,NULL,'2020-06-19 13:28:57','1',1,NULL,'2020-05-11 23:34:37','2020-06-19 17:28:57',NULL),(98,'Drinking water','2020-05-11 19:34:37',1,154,141,4,NULL,'2020-06-19 13:29:41','1',1,NULL,'2020-05-11 23:34:37','2020-06-19 17:29:41',NULL),(99,'Increase number of healthy lunches cooked and eaten per week','2020-05-11 19:34:37',1,155,141,2,NULL,'2020-06-19 13:47:36','1',1,NULL,'2020-05-11 23:34:37','2020-06-19 17:47:36',NULL),(100,'Home workouts including stretching, cardio, and ab exercises','2020-05-11 19:34:37',1,155,141,2,NULL,'2020-06-19 13:47:56','1',1,NULL,'2020-05-11 23:34:37','2020-06-19 17:47:56',NULL),(101,'Journaling ','2020-05-11 19:34:37',1,156,141,3,NULL,'2020-06-19 13:23:20','1',1,NULL,'2020-05-11 23:34:37','2020-06-19 17:23:20',NULL),(102,'Running','2020-05-11 19:34:37',1,156,141,3,NULL,'2020-06-19 13:23:49','1',1,NULL,'2020-05-11 23:34:37','2020-06-19 17:23:49',NULL),(103,'Drink more water','2020-05-11 19:34:37',1,157,141,2,NULL,'2020-06-19 14:12:04','1',1,NULL,'2020-05-11 23:34:37','2020-06-19 18:12:04',NULL),(104,'learn how to make origami figures','2020-05-11 19:34:37',1,157,141,2,NULL,'2020-06-19 14:13:02','1',1,NULL,'2020-05-11 23:34:37','2020-06-19 18:13:02',NULL),(105,'Exercise','2020-05-11 19:34:37',1,158,141,2,NULL,'2020-06-19 14:01:16','1',1,NULL,'2020-05-11 23:34:37','2020-06-19 18:01:16',NULL),(106,'Drinking water','2020-05-11 19:34:37',1,158,141,2,NULL,'2020-06-19 14:01:39','1',1,NULL,'2020-05-11 23:34:37','2020-06-19 18:01:39',NULL),(107,'Sleep Hygiene','2020-05-11 19:34:37',1,159,141,3,NULL,'2020-06-19 13:52:12','1',1,NULL,'2020-05-11 23:34:37','2020-06-19 17:52:12',NULL),(108,'Developing/Maintaining Personal Relationships','2020-05-11 19:34:37',1,159,141,3,NULL,'2020-06-19 13:52:31','1',1,NULL,'2020-05-11 23:34:37','2020-06-19 17:52:31',NULL),(109,'Full body stretching','2020-05-11 19:34:37',1,160,141,0,NULL,'2020-06-19 13:32:31','1',1,NULL,'2020-05-11 23:34:37','2020-06-19 17:32:31',NULL),(110,'Long distance running','2020-05-11 19:34:37',1,160,141,0,NULL,'2020-06-19 13:33:37','1',1,NULL,'2020-05-11 23:34:37','2020-06-19 17:33:37',NULL),(111,'Increase my caloric intake weekly','2020-05-11 19:34:37',1,161,141,2,NULL,'2020-06-19 13:14:26','1',1,NULL,'2020-05-11 23:34:37','2020-06-19 17:14:26',NULL),(112,'Stretching','2020-05-11 19:34:37',1,161,141,2,NULL,'2020-06-19 13:14:51','1',1,NULL,'2020-05-11 23:34:37','2020-06-19 17:14:51',NULL),(113,'Run more regularly','2020-05-11 19:34:37',1,162,141,2,NULL,'2020-06-19 13:49:52','1',1,NULL,'2020-05-11 23:34:37','2020-06-19 17:49:52',NULL),(114,'Gratitude Journaling','2020-05-11 19:34:37',1,162,141,4,NULL,'2020-06-19 13:50:20','1',1,NULL,'2020-05-11 23:34:37','2020-06-19 17:50:20',NULL),(115,'Walking','2020-05-11 19:34:37',1,163,141,1,NULL,'2020-06-19 14:15:03','1',1,NULL,'2020-05-11 23:34:37','2020-06-19 18:15:03',NULL),(116,'Drinking water','2020-05-11 19:34:37',1,163,141,2,NULL,'2020-06-19 14:15:27','1',1,NULL,'2020-05-11 23:34:37','2020-06-19 18:15:27',NULL),(117,'intermittent fasting','2020-05-11 19:34:37',1,164,141,2,NULL,'2020-06-19 13:38:36','1',1,NULL,'2020-05-11 23:34:37','2020-06-19 17:38:36',NULL),(118,'incorporating HIIT workouts into daily workouts','2020-05-11 19:34:37',1,164,141,3,NULL,'2020-06-19 13:39:07','1',1,NULL,'2020-05-11 23:34:37','2020-06-19 17:39:07',NULL),(119,'Drinking water','2020-05-11 19:34:37',1,165,141,3,NULL,'2020-06-19 13:36:26','1',1,NULL,'2020-05-11 23:34:37','2020-06-19 17:36:26',NULL),(120,'Meditation','2020-05-11 19:34:37',1,165,141,2,NULL,'2020-06-19 13:36:57','1',1,NULL,'2020-05-11 23:34:37','2020-06-19 17:36:57',NULL),(122,'Increase knowledge of clinical practices in chasing squirrels in preparation for Level I FW placement','2020-05-12 07:00:48',1,167,141,1,NULL,'2020-05-12 08:09:51','1',140,NULL,'2020-05-12 11:00:48','2020-05-12 12:09:51',NULL),(123,'Complete an advocacy project to demonstrate to others the unique nature and distinct value of OT','2020-05-12 07:04:12',1,167,141,1,NULL,'2020-06-17 08:46:54','1',140,NULL,'2020-05-12 11:04:12','2020-06-17 12:46:54',NULL),(124,'Eating more bacon','2020-05-12 07:08:57',1,167,141,2,NULL,'2020-05-12 08:16:56','1',140,NULL,'2020-05-12 11:08:57','2020-05-12 12:16:56',NULL),(125,'Drive alcohol less often','2020-05-22 13:35:28',1,175,170,1,NULL,'2020-06-11 16:10:51','1',2,NULL,'2020-05-22 17:35:28','2020-06-11 20:10:51',NULL),(126,'Attend recovery support groups','2020-05-22 13:48:45',1,175,170,2,NULL,'2020-07-21 16:23:12','1',2,NULL,'2020-05-22 17:48:45','2020-07-21 20:23:12',NULL),(127,'Phase One Video Viewing','2020-06-05 01:02:50',2,182,179,4,NULL,'2020-06-05 10:19:28','1',4,NULL,'2020-06-05 05:02:50','2020-07-08 20:22:34',NULL),(128,'Phase 1 Comprehension Quiz','2020-06-05 01:09:01',1,182,179,2,NULL,'2020-06-05 14:18:34','1',4,NULL,'2020-06-05 05:09:01','2020-06-05 18:18:34',NULL),(129,'Phase 1 Practical Assessment','2020-06-05 01:15:37',1,182,179,2,NULL,'2020-06-05 10:17:54','1',4,NULL,'2020-06-05 05:15:37','2020-06-05 14:17:54',NULL),(130,'Stress Relief 1','2020-06-05 01:21:38',1,185,180,2,NULL,'2020-06-05 10:07:34','1',4,NULL,'2020-06-05 05:21:38','2020-06-05 14:07:34',NULL),(131,'Couch2Walk','2020-06-05 01:29:02',1,185,180,0,NULL,'2020-06-26 09:44:35','1',4,NULL,'2020-06-05 05:29:02','2020-06-26 13:44:35',NULL),(132,'Memorize Corporate Values','2020-06-05 01:34:13',2,183,181,1,NULL,'2020-06-05 09:58:55','1',4,NULL,'2020-06-05 05:34:13','2020-07-08 20:19:53',NULL),(133,'Follow Through on Commitments','2020-06-05 01:39:25',1,185,181,0,NULL,'2020-06-05 10:05:28','1',4,NULL,'2020-06-05 05:39:25','2020-06-05 14:05:28',NULL),(134,'Get great at communicating','2020-06-05 14:34:16',1,185,179,0,NULL,'2020-06-05 14:35:13','1',179,NULL,'2020-06-05 18:34:16','2020-06-05 18:35:13',NULL),(135,'Get amazing at clinical documentation','2020-06-08 11:24:04',1,175,170,0,NULL,'2020-06-08 11:24:46','1',170,NULL,'2020-06-08 15:24:04','2020-06-08 15:24:46',NULL),(136,'Manage my anxiety so that I can stay at WMU.','2020-06-08 11:42:36',1,174,171,2,NULL,'2020-06-29 08:21:50','1',2,NULL,'2020-06-08 15:42:36','2020-06-29 12:21:50',NULL),(137,'Exposure to female mentors in the STEM field','2020-06-11 16:29:51',1,184,180,NULL,NULL,NULL,'1',2,NULL,'2020-06-11 20:29:51','2020-06-11 20:29:51',NULL),(138,'Engage in RSO and community activities as part of my first year experience','2020-06-15 10:35:08',1,187,173,3,NULL,'2020-06-24 12:23:05','1',173,NULL,'2020-06-15 14:35:08','2020-06-24 16:23:05',NULL),(139,'Manage my anxiety so that it does not interfere with my experience this academic year','2020-06-15 10:59:39',1,187,173,0,NULL,'2020-06-17 08:43:02','1',173,NULL,'2020-06-15 14:59:39','2020-06-17 12:43:02',NULL),(140,'Engage in RSO and community activities as part of my first year experience','2020-06-15 11:03:23',1,188,173,1,NULL,'2020-06-15 18:44:52','1',173,NULL,'2020-06-15 15:03:23','2020-06-15 22:44:52',NULL),(141,'Manage my anxiety so that it does not interfere with my experience this academic year','2020-06-15 11:24:28',1,188,173,2,NULL,'2020-06-24 08:28:42','1',173,NULL,'2020-06-15 15:24:28','2020-06-24 12:28:42',NULL),(142,'Engage in RSO and community activities as part of my first year experience','2020-06-15 11:29:17',1,189,173,3,NULL,'2020-06-17 08:45:24','1',173,NULL,'2020-06-15 15:29:17','2020-06-17 12:45:24',NULL),(143,'Manage my anxiety so that it does not interfere with my experience this academic year','2020-06-15 11:52:31',1,189,173,2,NULL,'2020-06-15 18:58:23','1',173,NULL,'2020-06-15 15:52:31','2020-06-15 22:58:23',NULL),(144,'Flexibility','2020-06-23 14:04:45',1,190,171,1,NULL,'2020-06-29 08:17:13','1',168,NULL,'2020-06-23 18:04:45','2020-06-29 12:17:13',NULL),(145,'More social interaction','2020-06-29 08:12:12',1,174,171,0,NULL,'2020-06-29 08:22:31','1',168,NULL,'2020-06-29 12:12:12','2020-06-29 12:22:31',NULL),(146,'Eat more bacon','2020-07-21 16:29:46',1,175,170,NULL,NULL,NULL,'1',2,NULL,'2020-07-21 20:29:46','2020-07-21 20:29:46',NULL),(147,'GSS Sales 1-pager','2020-07-26 17:17:51',1,198,196,2,NULL,'2020-07-27 22:47:29','1',4,NULL,'2020-07-26 21:17:51','2020-07-28 02:47:29',NULL),(148,'Investment PowerPoint Suggestions','2020-07-26 17:22:21',1,199,197,4,NULL,'2020-07-30 16:58:35','1',4,NULL,'2020-07-26 21:22:21','2020-07-30 20:58:35',NULL),(149,'Getting an Internship','2020-07-27 15:52:12',1,199,197,NULL,NULL,NULL,'1',197,NULL,'2020-07-27 19:52:12','2020-07-27 19:52:12',NULL),(150,'Test Goal','2020-07-27 15:53:46',2,199,197,1,NULL,'2020-07-30 17:01:01','1',197,NULL,'2020-07-27 19:53:46','2020-07-30 21:01:01',NULL);
/*!40000 ALTER TABLE `goals` ENABLE KEYS */;
UNLOCK TABLES;

--
-- Table structure for table `migrations`
--

DROP TABLE IF EXISTS `migrations`;
/*!40101 SET @saved_cs_client     = @@character_set_client */;
/*!40101 SET character_set_client = utf8 */;
CREATE TABLE `migrations` (
  `id` int(10) unsigned NOT NULL AUTO_INCREMENT,
  `migration` varchar(191) COLLATE utf8mb4_unicode_ci NOT NULL,
  `batch` int(11) NOT NULL,
  PRIMARY KEY (`id`) USING BTREE
) ENGINE=InnoDB DEFAULT CHARSET=utf8mb4 COLLATE=utf8mb4_unicode_ci ROW_FORMAT=COMPACT;
/*!40101 SET character_set_client = @saved_cs_client */;

--
-- Dumping data for table `migrations`
--

LOCK TABLES `migrations` WRITE;
/*!40000 ALTER TABLE `migrations` DISABLE KEYS */;
/*!40000 ALTER TABLE `migrations` ENABLE KEYS */;
UNLOCK TABLES;

--
-- Table structure for table `org_types`
--

DROP TABLE IF EXISTS `org_types`;
/*!40101 SET @saved_cs_client     = @@character_set_client */;
/*!40101 SET character_set_client = utf8 */;
CREATE TABLE `org_types` (
  `id` bigint(20) unsigned NOT NULL AUTO_INCREMENT,
  `name` varchar(255) COLLATE utf8mb4_unicode_ci DEFAULT NULL,
  `is_active` enum('0','1') COLLATE utf8mb4_unicode_ci NOT NULL DEFAULT '1' COMMENT '0=>Blocked, 1=>Active',
  `created_by` bigint(20) unsigned DEFAULT NULL,
  `last_modified_by` bigint(20) unsigned DEFAULT NULL,
  `created_at` timestamp NULL DEFAULT NULL,
  `updated_at` timestamp NULL DEFAULT NULL,
  `deleted_at` timestamp NULL DEFAULT NULL,
  PRIMARY KEY (`id`) USING BTREE,
  KEY `org_types_created_by_foreign` (`created_by`) USING BTREE,
  KEY `org_types_last_modified_by_foreign` (`last_modified_by`) USING BTREE,
  KEY `org_types_name_index` (`name`(191)) USING BTREE,
  CONSTRAINT `org_types_created_by_foreign` FOREIGN KEY (`created_by`) REFERENCES `users` (`id`),
  CONSTRAINT `org_types_last_modified_by_foreign` FOREIGN KEY (`last_modified_by`) REFERENCES `users` (`id`)
) ENGINE=InnoDB AUTO_INCREMENT=5 DEFAULT CHARSET=utf8mb4 COLLATE=utf8mb4_unicode_ci ROW_FORMAT=COMPACT;
/*!40101 SET character_set_client = @saved_cs_client */;

--
-- Dumping data for table `org_types`
--

LOCK TABLES `org_types` WRITE;
/*!40000 ALTER TABLE `org_types` DISABLE KEYS */;
INSERT INTO `org_types` VALUES (1,'Health and Wellness','1',NULL,1,'2020-04-20 16:14:01','2020-04-20 16:14:01',NULL),(2,'Education','1',NULL,1,'2020-04-20 16:14:01','2020-04-20 16:14:01',NULL),(3,'Athletics','1',NULL,1,'2020-04-20 16:14:01','2020-04-20 16:14:01',NULL),(4,'Business and Organizations','1',NULL,1,'2020-04-20 16:14:01','2020-04-20 16:14:01',NULL);
/*!40000 ALTER TABLE `org_types` ENABLE KEYS */;
UNLOCK TABLES;

--
-- Table structure for table `organization_org_type`
--

DROP TABLE IF EXISTS `organization_org_type`;
/*!40101 SET @saved_cs_client     = @@character_set_client */;
/*!40101 SET character_set_client = utf8 */;
CREATE TABLE `organization_org_type` (
  `id` bigint(20) unsigned NOT NULL AUTO_INCREMENT,
  `organization_id` bigint(20) unsigned DEFAULT NULL,
  `org_type_id` bigint(20) unsigned DEFAULT NULL,
  `is_active` enum('0','1') COLLATE utf8mb4_unicode_ci NOT NULL DEFAULT '1' COMMENT '0=>Blocked, 1=>Active',
  `created_by` bigint(20) unsigned DEFAULT NULL,
  `last_modified_by` bigint(20) unsigned DEFAULT NULL,
  `created_at` timestamp NULL DEFAULT NULL,
  `updated_at` timestamp NULL DEFAULT NULL,
  `deleted_at` timestamp NULL DEFAULT NULL,
  PRIMARY KEY (`id`) USING BTREE,
  KEY `organization_org_type_organization_id_foreign` (`organization_id`) USING BTREE,
  KEY `organization_org_type_org_type_id_foreign` (`org_type_id`) USING BTREE,
  KEY `organization_org_type_created_by_foreign` (`created_by`) USING BTREE,
  KEY `organization_org_type_last_modified_by_foreign` (`last_modified_by`) USING BTREE,
  CONSTRAINT `organization_org_type_created_by_foreign` FOREIGN KEY (`created_by`) REFERENCES `users` (`id`) ON DELETE NO ACTION ON UPDATE NO ACTION,
  CONSTRAINT `organization_org_type_last_modified_by_foreign` FOREIGN KEY (`last_modified_by`) REFERENCES `users` (`id`) ON DELETE NO ACTION ON UPDATE NO ACTION,
  CONSTRAINT `organization_org_type_org_type_id_foreign` FOREIGN KEY (`org_type_id`) REFERENCES `org_types` (`id`) ON DELETE CASCADE ON UPDATE NO ACTION,
  CONSTRAINT `organization_org_type_organization_id_foreign` FOREIGN KEY (`organization_id`) REFERENCES `organizations` (`id`) ON DELETE CASCADE ON UPDATE NO ACTION
) ENGINE=InnoDB AUTO_INCREMENT=36 DEFAULT CHARSET=utf8mb4 COLLATE=utf8mb4_unicode_ci ROW_FORMAT=COMPACT;
/*!40101 SET character_set_client = @saved_cs_client */;

--
-- Dumping data for table `organization_org_type`
--

LOCK TABLES `organization_org_type` WRITE;
/*!40000 ALTER TABLE `organization_org_type` DISABLE KEYS */;
INSERT INTO `organization_org_type` VALUES (1,8,1,'1',NULL,NULL,'2020-05-04 09:13:31','2020-05-04 09:13:31',NULL),(2,8,2,'1',NULL,NULL,'2020-05-04 09:13:31','2020-05-04 09:13:31',NULL),(5,10,1,'1',NULL,NULL,'2020-05-05 21:52:57','2020-05-05 21:52:57',NULL),(9,13,4,'1',NULL,NULL,'2020-05-06 04:01:28','2020-05-06 04:01:28',NULL),(10,12,2,'1',NULL,NULL,'2020-05-06 09:30:28','2020-05-06 09:30:28',NULL),(11,11,2,'1',NULL,NULL,'2020-05-06 22:50:55','2020-05-06 22:50:55',NULL),(12,15,1,'1',NULL,NULL,'2020-05-07 18:16:59','2020-05-07 18:16:59',NULL),(14,17,4,'1',NULL,NULL,'2020-05-07 21:30:56','2020-05-07 21:30:56',NULL),(15,16,3,'1',NULL,NULL,'2020-05-07 21:44:14','2020-05-07 21:44:14',NULL),(17,14,2,'1',NULL,NULL,'2020-05-08 03:34:39','2020-05-08 03:34:39',NULL),(19,18,4,'1',NULL,NULL,'2020-05-08 05:57:04','2020-05-08 05:57:04',NULL),(20,19,2,'1',NULL,NULL,'2020-05-08 19:18:28','2020-05-08 19:18:28',NULL),(23,21,3,'1',NULL,NULL,'2020-05-09 20:35:29','2020-05-09 20:35:29',NULL),(24,20,3,'1',NULL,NULL,'2020-05-11 15:22:53','2020-05-11 15:22:53',NULL),(25,22,3,'1',NULL,NULL,'2020-05-11 18:07:25','2020-05-11 18:07:25',NULL),(28,23,2,'1',NULL,NULL,'2020-05-12 18:35:58','2020-05-12 18:35:58',NULL),(32,25,4,'1',NULL,NULL,'2020-06-05 04:14:47','2020-06-05 04:14:47',NULL),(33,24,2,'1',NULL,NULL,'2020-06-08 14:55:26','2020-06-08 14:55:26',NULL),(34,24,1,'1',NULL,NULL,'2020-06-08 14:55:26','2020-06-08 14:55:26',NULL),(35,26,2,'1',NULL,NULL,'2020-07-26 21:02:50','2020-07-26 21:02:50',NULL);
/*!40000 ALTER TABLE `organization_org_type` ENABLE KEYS */;
UNLOCK TABLES;

--
-- Table structure for table `organizations`
--

DROP TABLE IF EXISTS `organizations`;
/*!40101 SET @saved_cs_client     = @@character_set_client */;
/*!40101 SET character_set_client = utf8 */;
CREATE TABLE `organizations` (
  `id` bigint(20) unsigned NOT NULL AUTO_INCREMENT,
  `name` varchar(255) COLLATE utf8mb4_unicode_ci NOT NULL,
  `contact_email` varchar(255) COLLATE utf8mb4_unicode_ci DEFAULT NULL,
  `contact_phone` varchar(255) COLLATE utf8mb4_unicode_ci DEFAULT NULL,
  `image` varchar(255) COLLATE utf8mb4_unicode_ci DEFAULT NULL,
  `date_added` date DEFAULT NULL,
  `address` varchar(255) COLLATE utf8mb4_unicode_ci DEFAULT NULL,
  `city` varchar(255) COLLATE utf8mb4_unicode_ci DEFAULT NULL,
  `state_id` bigint(20) unsigned DEFAULT NULL,
  `zip` varchar(255) COLLATE utf8mb4_unicode_ci DEFAULT NULL,
  `record_num` varchar(255) COLLATE utf8mb4_unicode_ci DEFAULT NULL,
  `num_users` bigint(20) DEFAULT NULL,
  `num_providers` bigint(20) DEFAULT NULL,
  `notes` longtext COLLATE utf8mb4_unicode_ci,
  `logo_image` varchar(255) COLLATE utf8mb4_unicode_ci DEFAULT NULL,
  `num_goals` bigint(20) DEFAULT NULL,
  `avg_goal_change` float DEFAULT NULL,
  `is_active` enum('0','1') COLLATE utf8mb4_unicode_ci NOT NULL DEFAULT '1' COMMENT '0=>Blocked, 1=>Active',
  `created_by` bigint(20) unsigned DEFAULT NULL,
  `last_modified_by` bigint(20) unsigned DEFAULT NULL,
  `created_at` timestamp NULL DEFAULT NULL,
  `updated_at` timestamp NULL DEFAULT NULL,
  `deleted_at` timestamp NULL DEFAULT NULL,
  PRIMARY KEY (`id`) USING BTREE,
  KEY `organizations_state_id_foreign_key` (`state_id`) USING BTREE,
  KEY `organizations_date_added_index` (`date_added`) USING BTREE,
  KEY `organizations_num_users_index` (`num_users`) USING BTREE,
  KEY `organizations_num_providers_index` (`num_providers`) USING BTREE,
  KEY `organizations_name_index` (`name`(191)) USING BTREE,
  KEY `organizations_contact_email_index` (`contact_email`(191)) USING BTREE,
  KEY `organizations_contact_phone_index` (`contact_phone`(191)) USING BTREE,
  KEY `organizations_image_index` (`image`(191)) USING BTREE,
  KEY `organizations_logo_image_index` (`logo_image`(191)) USING BTREE,
  KEY `organizations_city_index` (`city`(191)) USING BTREE,
  KEY `organizations_zip_index` (`zip`(191)) USING BTREE,
  KEY `organizations_record_num_index` (`record_num`(191)) USING BTREE,
  CONSTRAINT `organizations_state_id_foreign_key` FOREIGN KEY (`state_id`) REFERENCES `states` (`id`) ON DELETE CASCADE ON UPDATE CASCADE
) ENGINE=InnoDB AUTO_INCREMENT=27 DEFAULT CHARSET=utf8mb4 COLLATE=utf8mb4_unicode_ci ROW_FORMAT=COMPACT;
/*!40101 SET character_set_client = @saved_cs_client */;

--
-- Dumping data for table `organizations`
--

LOCK TABLES `organizations` WRITE;
/*!40000 ALTER TABLE `organizations` DISABLE KEYS */;
INSERT INTO `organizations` VALUES (23,'WMU CHHS',NULL,NULL,'noImg.jpg','2020-05-11','1903 W. Michigan Ave','Kalamazoo',22,'49008',NULL,73,2,NULL,'1589293434_WMU CHHS.jpg',123,2.62602,'1',1,1,'2020-05-11 22:11:41','2020-08-03 13:12:44',NULL),(24,'Goal Scaling - TEST',NULL,NULL,'noImg.jpg','2020-05-21',NULL,NULL,NULL,NULL,NULL,6,5,NULL,'noImg.jpg',13,1.30769,'1',2,2,'2020-05-22 16:45:55','2020-07-21 20:29:46',NULL),(25,'ABC Organization',NULL,NULL,'noImg.jpg','2020-06-01',NULL,NULL,NULL,NULL,NULL,5,3,NULL,'noImg.jpg',7,0.857143,'1',4,4,'2020-06-05 04:13:40','2020-07-08 20:22:34',NULL),(26,'KCollege Externs',NULL,NULL,'noImg.jpg','2020-07-26',NULL,NULL,NULL,NULL,NULL,2,2,NULL,'noImg.jpg',3,2,'1',4,NULL,'2020-07-26 21:02:50','2020-07-30 20:59:58',NULL);
/*!40000 ALTER TABLE `organizations` ENABLE KEYS */;
UNLOCK TABLES;

--
-- Table structure for table `participant_provider`
--

DROP TABLE IF EXISTS `participant_provider`;
/*!40101 SET @saved_cs_client     = @@character_set_client */;
/*!40101 SET character_set_client = utf8 */;
CREATE TABLE `participant_provider` (
  `id` bigint(20) unsigned NOT NULL AUTO_INCREMENT,
  `participant_id` bigint(20) unsigned DEFAULT NULL,
  `provider_id` bigint(20) unsigned DEFAULT NULL,
  `program_id` bigint(20) unsigned DEFAULT NULL,
  `is_active` enum('0','1') COLLATE utf8mb4_unicode_ci NOT NULL DEFAULT '1' COMMENT '0=>Blocked, 1=>Active',
  `created_by` bigint(20) unsigned DEFAULT NULL,
  `last_modified_by` bigint(20) unsigned DEFAULT NULL,
  `created_at` timestamp NULL DEFAULT NULL,
  `updated_at` timestamp NULL DEFAULT NULL,
  `deleted_at` timestamp NULL DEFAULT NULL,
  PRIMARY KEY (`id`) USING BTREE,
  KEY `participant_provider_provider_id_foreign` (`provider_id`) USING BTREE,
  KEY `participant_provider_participant_id_foreign` (`participant_id`) USING BTREE,
  KEY `participant_provider_created_by_foreign` (`created_by`) USING BTREE,
  KEY `participant_provider_last_modified_by_foreign` (`last_modified_by`) USING BTREE,
  KEY `participant_provider_program_id_foreign` (`program_id`) USING BTREE,
  CONSTRAINT `participant_provider_created_by_foreign` FOREIGN KEY (`created_by`) REFERENCES `users` (`id`) ON DELETE CASCADE ON UPDATE NO ACTION,
  CONSTRAINT `participant_provider_last_modified_by_foreign` FOREIGN KEY (`last_modified_by`) REFERENCES `users` (`id`) ON DELETE CASCADE ON UPDATE NO ACTION,
  CONSTRAINT `participant_provider_participant_id_foreign` FOREIGN KEY (`participant_id`) REFERENCES `users` (`id`) ON DELETE CASCADE ON UPDATE NO ACTION,
  CONSTRAINT `participant_provider_program_id_foreign` FOREIGN KEY (`program_id`) REFERENCES `programs` (`id`) ON DELETE CASCADE ON UPDATE NO ACTION,
  CONSTRAINT `participant_provider_provider_id_foreign` FOREIGN KEY (`provider_id`) REFERENCES `users` (`id`) ON DELETE CASCADE ON UPDATE NO ACTION
) ENGINE=InnoDB AUTO_INCREMENT=159 DEFAULT CHARSET=utf8mb4 COLLATE=utf8mb4_unicode_ci ROW_FORMAT=COMPACT;
/*!40101 SET character_set_client = @saved_cs_client */;

--
-- Dumping data for table `participant_provider`
--

LOCK TABLES `participant_provider` WRITE;
/*!40000 ALTER TABLE `participant_provider` DISABLE KEYS */;
INSERT INTO `participant_provider` VALUES (44,142,141,38,'0',1,NULL,'2020-05-11 22:55:59','2020-05-11 22:55:59',NULL),(45,143,141,38,'0',1,NULL,'2020-05-11 22:55:59','2020-05-11 22:55:59',NULL),(46,144,141,38,'0',1,NULL,'2020-05-11 22:55:59','2020-05-11 22:55:59',NULL),(47,145,141,38,'0',1,NULL,'2020-05-11 22:55:59','2020-05-11 22:55:59',NULL),(48,146,141,38,'0',1,NULL,'2020-05-11 22:55:59','2020-05-11 22:55:59',NULL),(50,148,141,38,'0',1,NULL,'2020-05-11 22:55:59','2020-05-11 22:55:59',NULL),(51,149,141,38,'0',1,NULL,'2020-05-11 22:55:59','2020-05-11 22:55:59',NULL),(53,151,141,38,'0',1,NULL,'2020-05-11 22:55:59','2020-05-11 22:55:59',NULL),(54,152,141,38,'0',1,NULL,'2020-05-11 22:55:59','2020-05-11 22:55:59',NULL),(55,153,141,38,'0',1,NULL,'2020-05-11 22:55:59','2020-05-11 22:55:59',NULL),(56,154,141,38,'0',1,NULL,'2020-05-11 22:55:59','2020-05-11 22:55:59',NULL),(57,155,141,38,'0',1,NULL,'2020-05-11 22:55:59','2020-05-11 22:55:59',NULL),(58,156,141,38,'0',1,NULL,'2020-05-11 22:55:59','2020-05-11 22:55:59',NULL),(59,157,141,38,'0',1,NULL,'2020-05-11 22:55:59','2020-05-11 22:55:59',NULL),(60,158,141,38,'0',1,NULL,'2020-05-11 22:55:59','2020-05-11 22:55:59',NULL),(61,159,141,38,'0',1,NULL,'2020-05-11 22:55:59','2020-05-11 22:55:59',NULL),(62,160,141,38,'0',1,NULL,'2020-05-11 22:55:59','2020-05-11 22:55:59',NULL),(64,162,141,38,'0',1,NULL,'2020-05-11 22:55:59','2020-05-11 22:55:59',NULL),(65,163,141,38,'0',1,NULL,'2020-05-11 22:55:59','2020-05-11 22:55:59',NULL),(66,164,141,38,'0',1,NULL,'2020-05-11 22:55:59','2020-05-11 22:55:59',NULL),(67,165,141,38,'0',1,NULL,'2020-05-11 22:55:59','2020-05-11 22:55:59',NULL),(70,167,141,38,'0',140,NULL,'2020-05-12 11:12:14','2020-05-12 11:12:14',NULL),(71,147,141,38,'0',139,NULL,'2020-05-13 01:31:14','2020-05-13 01:31:14',NULL),(72,161,141,38,'0',1,NULL,'2020-05-15 13:04:21','2020-05-15 13:04:21',NULL),(76,150,141,38,'1',141,NULL,'2020-05-25 22:42:11','2020-05-25 22:42:11',NULL),(78,182,179,41,'1',4,NULL,'2020-06-05 04:48:52','2020-06-05 04:48:52',NULL),(82,184,180,42,'1',4,NULL,'2020-06-05 04:53:03','2020-06-05 04:53:03',NULL),(86,185,181,43,'1',4,NULL,'2020-06-05 04:55:30','2020-06-05 04:55:30',NULL),(87,185,179,41,'1',4,NULL,'2020-06-05 04:55:30','2020-06-05 04:55:30',NULL),(88,185,180,42,'1',4,NULL,'2020-06-05 04:55:30','2020-06-05 04:55:30',NULL),(91,186,181,43,'1',4,NULL,'2020-06-05 04:57:17','2020-06-05 04:57:17',NULL),(92,186,179,41,'1',4,NULL,'2020-06-05 04:57:17','2020-06-05 04:57:17',NULL),(94,187,173,39,'1',2,NULL,'2020-06-15 13:47:59','2020-06-15 13:47:59',NULL),(96,188,173,39,'1',2,NULL,'2020-06-15 13:51:07','2020-06-15 13:51:07',NULL),(98,189,173,39,'1',2,NULL,'2020-06-15 14:03:54','2020-06-15 14:03:54',NULL),(100,190,171,40,'1',168,NULL,'2020-06-23 17:58:28','2020-06-23 17:58:28',NULL),(101,174,171,40,'1',168,NULL,'2020-06-29 12:15:31','2020-06-29 12:15:31',NULL),(104,183,181,43,'1',2,NULL,'2020-07-08 20:20:48','2020-07-08 20:20:48',NULL),(105,198,196,45,'1',4,NULL,'2020-07-26 21:11:54','2020-07-26 21:11:54',NULL),(106,199,197,45,'1',4,NULL,'2020-07-26 21:13:14','2020-07-26 21:13:14',NULL),(107,175,173,39,'1',169,NULL,'2020-07-28 13:54:05','2020-07-28 13:54:05',NULL),(108,175,170,40,'1',169,NULL,'2020-07-28 13:54:05','2020-07-28 13:54:05',NULL),(109,200,194,44,'1',4,NULL,'2020-07-31 14:20:42','2020-07-31 14:20:42',NULL),(110,201,194,44,'1',4,NULL,'2020-07-31 14:21:12','2020-07-31 14:21:12',NULL),(111,202,194,44,'1',4,NULL,'2020-07-31 14:21:32','2020-07-31 14:21:32',NULL),(112,203,194,44,'1',4,NULL,'2020-07-31 14:21:55','2020-07-31 14:21:55',NULL),(113,204,194,44,'1',4,NULL,'2020-07-31 14:35:05','2020-07-31 14:35:05',NULL),(115,206,194,44,'1',4,NULL,'2020-08-03 01:08:07','2020-08-03 01:08:07',NULL),(116,207,194,44,'1',4,NULL,'2020-08-03 01:09:37','2020-08-03 01:09:37',NULL),(117,208,194,44,'1',4,NULL,'2020-08-03 01:10:45','2020-08-03 01:10:45',NULL),(118,209,194,44,'1',4,NULL,'2020-08-03 01:11:53','2020-08-03 01:11:53',NULL),(119,210,194,44,'1',4,NULL,'2020-08-03 01:12:53','2020-08-03 01:12:53',NULL),(120,211,194,44,'1',4,NULL,'2020-08-03 01:17:40','2020-08-03 01:17:40',NULL),(121,212,194,44,'1',4,NULL,'2020-08-03 01:19:04','2020-08-03 01:19:04',NULL),(122,213,194,44,'1',4,NULL,'2020-08-03 01:20:26','2020-08-03 01:20:26',NULL),(123,214,194,44,'1',4,NULL,'2020-08-03 01:21:33','2020-08-03 01:21:33',NULL),(124,215,194,44,'1',4,NULL,'2020-08-03 01:23:11','2020-08-03 01:23:11',NULL),(125,216,194,44,'1',4,NULL,'2020-08-03 01:24:22','2020-08-03 01:24:22',NULL),(126,217,194,44,'1',4,NULL,'2020-08-03 01:25:18','2020-08-03 01:25:18',NULL),(127,218,194,44,'1',4,NULL,'2020-08-03 01:26:18','2020-08-03 01:26:18',NULL),(128,219,194,44,'1',4,NULL,'2020-08-03 01:27:15','2020-08-03 01:27:15',NULL),(129,220,194,44,'1',4,NULL,'2020-08-03 01:28:25','2020-08-03 01:28:25',NULL),(130,221,194,44,'1',4,NULL,'2020-08-03 01:29:19','2020-08-03 01:29:19',NULL),(131,222,194,44,'1',4,NULL,'2020-08-03 01:30:50','2020-08-03 01:30:50',NULL),(132,223,194,44,'1',4,NULL,'2020-08-03 01:32:12','2020-08-03 01:32:12',NULL),(133,224,194,44,'1',4,NULL,'2020-08-03 01:33:16','2020-08-03 01:33:16',NULL),(134,225,194,44,'1',4,NULL,'2020-08-03 01:36:13','2020-08-03 01:36:13',NULL),(135,226,194,44,'1',4,NULL,'2020-08-03 01:37:25','2020-08-03 01:37:25',NULL),(136,227,194,44,'1',4,NULL,'2020-08-03 01:39:25','2020-08-03 01:39:25',NULL),(137,228,194,44,'1',4,NULL,'2020-08-03 01:40:24','2020-08-03 01:40:24',NULL),(138,229,194,44,'1',4,NULL,'2020-08-03 01:41:20','2020-08-03 01:41:20',NULL),(139,230,194,44,'1',4,NULL,'2020-08-03 01:42:25','2020-08-03 01:42:25',NULL),(140,231,194,44,'1',4,NULL,'2020-08-03 01:43:30','2020-08-03 01:43:30',NULL),(141,232,194,44,'1',4,NULL,'2020-08-03 01:44:23','2020-08-03 01:44:23',NULL),(142,233,194,44,'1',4,NULL,'2020-08-03 01:45:21','2020-08-03 01:45:21',NULL),(143,234,194,44,'1',4,NULL,'2020-08-03 01:46:16','2020-08-03 01:46:16',NULL),(144,235,194,44,'1',4,NULL,'2020-08-03 01:47:12','2020-08-03 01:47:12',NULL),(145,236,194,44,'1',4,NULL,'2020-08-03 01:48:09','2020-08-03 01:48:09',NULL),(146,237,194,44,'1',4,NULL,'2020-08-03 01:49:10','2020-08-03 01:49:10',NULL),(147,238,194,44,'1',4,NULL,'2020-08-03 01:50:06','2020-08-03 01:50:06',NULL),(148,239,194,44,'1',4,NULL,'2020-08-03 01:51:08','2020-08-03 01:51:08',NULL),(149,240,194,44,'1',4,NULL,'2020-08-03 01:52:03','2020-08-03 01:52:03',NULL),(150,241,194,44,'1',4,NULL,'2020-08-03 01:52:57','2020-08-03 01:52:57',NULL),(151,242,194,44,'1',4,NULL,'2020-08-03 01:54:03','2020-08-03 01:54:03',NULL),(152,243,194,44,'1',4,NULL,'2020-08-03 01:55:00','2020-08-03 01:55:00',NULL),(153,244,194,44,'1',4,NULL,'2020-08-03 01:56:04','2020-08-03 01:56:04',NULL),(154,245,194,44,'1',4,NULL,'2020-08-03 01:59:13','2020-08-03 01:59:13',NULL),(155,246,194,44,'1',4,NULL,'2020-08-03 02:00:14','2020-08-03 02:00:14',NULL),(156,247,194,44,'1',4,NULL,'2020-08-03 02:01:23','2020-08-03 02:01:23',NULL),(157,248,194,44,'1',4,NULL,'2020-08-03 02:02:13','2020-08-03 02:02:13',NULL),(158,205,194,44,'1',4,NULL,'2020-08-03 13:12:44','2020-08-03 13:12:44',NULL);
/*!40000 ALTER TABLE `participant_provider` ENABLE KEYS */;
UNLOCK TABLES;

--
-- Table structure for table `password_resets`
--

DROP TABLE IF EXISTS `password_resets`;
/*!40101 SET @saved_cs_client     = @@character_set_client */;
/*!40101 SET character_set_client = utf8 */;
CREATE TABLE `password_resets` (
  `email` varchar(191) COLLATE utf8mb4_unicode_ci NOT NULL,
  `token` varchar(191) COLLATE utf8mb4_unicode_ci NOT NULL,
  `created_by` bigint(20) unsigned DEFAULT NULL,
  `last_modified_by` bigint(20) unsigned DEFAULT NULL,
  `remember_token` varchar(100) COLLATE utf8mb4_unicode_ci DEFAULT NULL,
  `created_at` timestamp NULL DEFAULT NULL,
  `updated_at` timestamp NULL DEFAULT NULL,
  `deleted_at` timestamp NULL DEFAULT NULL,
  KEY `password_resets_email_index` (`email`) USING BTREE,
  KEY `password_resets_token_index` (`token`) USING BTREE
) ENGINE=InnoDB DEFAULT CHARSET=utf8mb4 COLLATE=utf8mb4_unicode_ci ROW_FORMAT=COMPACT;
/*!40101 SET character_set_client = @saved_cs_client */;

--
-- Dumping data for table `password_resets`
--

LOCK TABLES `password_resets` WRITE;
/*!40000 ALTER TABLE `password_resets` DISABLE KEYS */;
INSERT INTO `password_resets` VALUES ('christievandernaald@sparkbusinessworks.com','$2y$10$B.BGrERnATwDekjkKPK.m.wE/C8Y0cngUK6E0b7UzB.EPaVOnlZTq',NULL,NULL,NULL,'2020-05-11 20:56:36',NULL,NULL),('Kayleigh.e.binder@wmich.edu','$2y$10$EZzb5IMWfFXcFHs6WbedX./Ft9OaZ20D6ObXeKeegyhPSGgCyhLve',NULL,NULL,NULL,'2020-05-12 14:43:24',NULL,NULL),('mackenzie.g.boyer@wmich.edu','$2y$10$89iz6O5c4Qakhlrfk/mbGeDu5Uf62VIC4qhxPRe7EMU6B8ezxthze',NULL,NULL,NULL,'2020-05-12 14:43:38',NULL,NULL),('hannah.i.carl@wmich.edu','$2y$10$FLVltF8cObA3f.v52epJd.3auHGuZQ/dWQvcFMiBFLCKwsg56xtwe',NULL,NULL,NULL,'2020-05-12 14:43:54',NULL,NULL),('torie.j.fagan@wmich.edu','$2y$10$4zUEKItSXGtLNdZqoU4WreHeBSWR.3B6BSfbNksiOufYpz1oPZHPu',NULL,NULL,NULL,'2020-05-12 14:44:12',NULL,NULL),('Kristin.a.foresman@wmich.edu ','$2y$10$tZnjvXs7mPC.MWKVz5soiOgu0BCwdcXwmbrN65x26ejHPrfopFF.6',NULL,NULL,NULL,'2020-05-12 14:44:26',NULL,NULL),('Hannah.e.greig@wmich.edu','$2y$10$Jw35WVH7Rwmc0AddzVzS1.pd4lBJ2fpt45SwSGBSyiZGXgwQia3J2',NULL,NULL,NULL,'2020-05-12 14:44:52',NULL,NULL),('caitlin.l.gulbis@wmich.edu','$2y$10$cUr.1wUdPWSA7OiJjWBjauUDHL38zaod4WPMxeDGK6QugELW1EKgq',NULL,NULL,NULL,'2020-05-12 14:45:15',NULL,NULL),('annie.l.heller@wmich.edu','$2y$10$wA56FSdSOx3opLH8YEzlF.nVFdu2WsBQGXiV0OdMdq78d6vKa4l6C',NULL,NULL,NULL,'2020-05-12 14:45:32',NULL,NULL),('april.heyt@wmich.edu','$2y$10$6nv/0/R.nhNVgUE7iMuVA.0vzgkKRwkGGXkHJG7aNJv3qMaUpwfHO',NULL,NULL,NULL,'2020-05-12 14:46:07',NULL,NULL),('Dionysian.a.josts@wmich.edu','$2y$10$6F52w3UjKtwOcZjzAicJ2urEa7t11KbIatxo/bkJA4MWiRxQ/P7xW',NULL,NULL,NULL,'2020-05-12 14:47:02',NULL,NULL),('Hannah.r.park@wmich.edu','$2y$10$XONO6aXK2jAdpGEuv48hBu1JKGUodgTGfSF9f2mRKebNhVaDmbGbK',NULL,NULL,NULL,'2020-05-12 14:47:11',NULL,NULL),('kylie.m.smith@wmich.edu','$2y$10$PgW4nkywc4H8DQu95cE25.uJWjnHZFj9FBUwO6tOPKd0wSLZFtNBm',NULL,NULL,NULL,'2020-05-12 14:47:39',NULL,NULL),('Fiona.song@wmich.edu','$2y$10$Z2tIHKtbocmppFAaLwCHxOxhq2UL6lB8wqZhGQdXjJbmipMv5.bo2',NULL,NULL,NULL,'2020-05-12 14:47:57',NULL,NULL),('Jamie.m.stockdale@wmich.edu','$2y$10$Tk8mjs3O6k80kcC5//Xny.u3N23TEbtf57OM6BskPZUOYwu3XnRMu',NULL,NULL,NULL,'2020-05-12 14:48:15',NULL,NULL),('gabrielle.e.tremp@wmich.edu','$2y$10$5ArBEQHtEMqZBeOTn8fR.e2bjR7dXJXhyUPkkhkUiaWsUhGJG8pKy',NULL,NULL,NULL,'2020-05-12 14:48:37',NULL,NULL),('frances.j.weber@wmich.edu','$2y$10$t6T.jZa7o9U9QGmL1A1FauaUf7b.PPiLZolRgqJMUBtP5abrLkAFy',NULL,NULL,NULL,'2020-05-12 14:48:48',NULL,NULL),('alexander.r.field@wmich.edu','$2y$10$1sh.ENtRgbIrUTMKZTmAEOlzCPSYwRIkI4zTEcI9NSsIk5qZVXL5K',NULL,NULL,NULL,'2020-08-05 18:33:48',NULL,NULL);
/*!40000 ALTER TABLE `password_resets` ENABLE KEYS */;
UNLOCK TABLES;

--
-- Table structure for table `program_org_admin`
--

DROP TABLE IF EXISTS `program_org_admin`;
/*!40101 SET @saved_cs_client     = @@character_set_client */;
/*!40101 SET character_set_client = utf8 */;
CREATE TABLE `program_org_admin` (
  `id` bigint(20) unsigned NOT NULL AUTO_INCREMENT,
  `program_id` bigint(20) unsigned DEFAULT NULL,
  `admin_id` bigint(20) unsigned DEFAULT NULL,
  `is_active` enum('0','1') COLLATE utf8mb4_unicode_ci NOT NULL DEFAULT '1' COMMENT '0=>Blocked, 1=>Active',
  `created_by` bigint(20) unsigned DEFAULT NULL,
  `last_modified_by` bigint(20) unsigned DEFAULT NULL,
  `created_at` timestamp NULL DEFAULT NULL,
  `updated_at` timestamp NULL DEFAULT NULL,
  `deleted_at` timestamp NULL DEFAULT NULL,
  PRIMARY KEY (`id`) USING BTREE,
  KEY `program_org_admin_program_id_foreign` (`program_id`) USING BTREE,
  KEY `program_org_admin_admin_id_foreign` (`admin_id`) USING BTREE,
  KEY `program_org_admin_created_by_foreign` (`created_by`) USING BTREE,
  KEY `program_org_admin_last_modified_by_foreign` (`last_modified_by`) USING BTREE,
  CONSTRAINT `program_org_admin_admin_id_foreign` FOREIGN KEY (`admin_id`) REFERENCES `users` (`id`) ON DELETE CASCADE ON UPDATE NO ACTION,
  CONSTRAINT `program_org_admin_created_by_foreign` FOREIGN KEY (`created_by`) REFERENCES `users` (`id`) ON DELETE NO ACTION ON UPDATE NO ACTION,
  CONSTRAINT `program_org_admin_last_modified_by_foreign` FOREIGN KEY (`last_modified_by`) REFERENCES `users` (`id`) ON DELETE NO ACTION ON UPDATE NO ACTION,
  CONSTRAINT `program_org_admin_program_id_foreign` FOREIGN KEY (`program_id`) REFERENCES `programs` (`id`) ON DELETE CASCADE ON UPDATE NO ACTION
) ENGINE=InnoDB AUTO_INCREMENT=54 DEFAULT CHARSET=utf8mb4 COLLATE=utf8mb4_unicode_ci ROW_FORMAT=COMPACT;
/*!40101 SET character_set_client = @saved_cs_client */;

--
-- Dumping data for table `program_org_admin`
--

LOCK TABLES `program_org_admin` WRITE;
/*!40000 ALTER TABLE `program_org_admin` DISABLE KEYS */;
INSERT INTO `program_org_admin` VALUES (43,38,139,'1',NULL,NULL,'2020-05-15 13:07:21','2020-05-15 13:07:21',NULL),(49,41,176,'1',NULL,NULL,'2020-06-05 04:21:14','2020-06-05 04:21:14',NULL),(50,42,176,'1',NULL,NULL,'2020-06-05 04:21:14','2020-06-05 04:21:14',NULL),(51,43,176,'1',NULL,NULL,'2020-06-05 04:21:14','2020-06-05 04:21:14',NULL),(52,39,168,'1',NULL,NULL,'2020-06-15 22:59:41','2020-06-15 22:59:41',NULL),(53,40,168,'1',NULL,NULL,'2020-06-15 22:59:41','2020-06-15 22:59:41',NULL);
/*!40000 ALTER TABLE `program_org_admin` ENABLE KEYS */;
UNLOCK TABLES;

--
-- Table structure for table `program_participant`
--

DROP TABLE IF EXISTS `program_participant`;
/*!40101 SET @saved_cs_client     = @@character_set_client */;
/*!40101 SET character_set_client = utf8 */;
CREATE TABLE `program_participant` (
  `id` bigint(20) unsigned NOT NULL AUTO_INCREMENT,
  `program_id` bigint(20) unsigned DEFAULT NULL,
  `participant_id` bigint(20) unsigned DEFAULT NULL,
  `is_active` enum('0','1') COLLATE utf8mb4_unicode_ci NOT NULL DEFAULT '1' COMMENT '0=>Blocked, 1=>Active',
  `created_by` bigint(20) unsigned DEFAULT NULL,
  `last_modified_by` bigint(20) unsigned DEFAULT NULL,
  `created_at` timestamp NULL DEFAULT NULL,
  `updated_at` timestamp NULL DEFAULT NULL,
  `deleted_at` timestamp NULL DEFAULT NULL,
  PRIMARY KEY (`id`) USING BTREE,
  KEY `program_participant_program_id_foreign` (`program_id`) USING BTREE,
  KEY `program_participant_id_foreign` (`participant_id`) USING BTREE,
  KEY `program_participant_created_by_foreign` (`created_by`) USING BTREE,
  KEY `program_participant_last_modified_by_foreign` (`last_modified_by`) USING BTREE,
  CONSTRAINT `program_participant_created_by_foreign` FOREIGN KEY (`created_by`) REFERENCES `users` (`id`) ON DELETE CASCADE ON UPDATE NO ACTION,
  CONSTRAINT `program_participant_last_modified_by_foreign` FOREIGN KEY (`last_modified_by`) REFERENCES `users` (`id`) ON DELETE CASCADE ON UPDATE NO ACTION,
  CONSTRAINT `program_participant_participant_id_foreign` FOREIGN KEY (`participant_id`) REFERENCES `users` (`id`) ON DELETE CASCADE ON UPDATE NO ACTION,
  CONSTRAINT `program_participant_program_id_foreign` FOREIGN KEY (`program_id`) REFERENCES `programs` (`id`) ON DELETE CASCADE ON UPDATE NO ACTION
) ENGINE=InnoDB AUTO_INCREMENT=251 DEFAULT CHARSET=utf8mb4 COLLATE=utf8mb4_unicode_ci ROW_FORMAT=COMPACT;
/*!40101 SET character_set_client = @saved_cs_client */;

--
-- Dumping data for table `program_participant`
--

LOCK TABLES `program_participant` WRITE;
/*!40000 ALTER TABLE `program_participant` DISABLE KEYS */;
INSERT INTO `program_participant` VALUES (131,38,142,'1',NULL,NULL,'2020-05-11 22:55:59','2020-05-11 22:55:59',NULL),(132,38,143,'1',NULL,NULL,'2020-05-11 22:55:59','2020-05-11 22:55:59',NULL),(133,38,144,'1',NULL,NULL,'2020-05-11 22:55:59','2020-05-11 22:55:59',NULL),(134,38,145,'1',NULL,NULL,'2020-05-11 22:55:59','2020-05-11 22:55:59',NULL),(135,38,146,'1',NULL,NULL,'2020-05-11 22:55:59','2020-05-11 22:55:59',NULL),(137,38,148,'1',NULL,NULL,'2020-05-11 22:55:59','2020-05-11 22:55:59',NULL),(138,38,149,'1',NULL,NULL,'2020-05-11 22:55:59','2020-05-11 22:55:59',NULL),(140,38,151,'1',NULL,NULL,'2020-05-11 22:55:59','2020-05-11 22:55:59',NULL),(141,38,152,'1',NULL,NULL,'2020-05-11 22:55:59','2020-05-11 22:55:59',NULL),(142,38,153,'1',NULL,NULL,'2020-05-11 22:55:59','2020-05-11 22:55:59',NULL),(143,38,154,'1',NULL,NULL,'2020-05-11 22:55:59','2020-05-11 22:55:59',NULL),(144,38,155,'1',NULL,NULL,'2020-05-11 22:55:59','2020-05-11 22:55:59',NULL),(145,38,156,'1',NULL,NULL,'2020-05-11 22:55:59','2020-05-11 22:55:59',NULL),(146,38,157,'1',NULL,NULL,'2020-05-11 22:55:59','2020-05-11 22:55:59',NULL),(147,38,158,'1',NULL,NULL,'2020-05-11 22:55:59','2020-05-11 22:55:59',NULL),(148,38,159,'1',NULL,NULL,'2020-05-11 22:55:59','2020-05-11 22:55:59',NULL),(149,38,160,'1',NULL,NULL,'2020-05-11 22:55:59','2020-05-11 22:55:59',NULL),(151,38,162,'1',NULL,NULL,'2020-05-11 22:55:59','2020-05-11 22:55:59',NULL),(152,38,163,'1',NULL,NULL,'2020-05-11 22:55:59','2020-05-11 22:55:59',NULL),(153,38,164,'1',NULL,NULL,'2020-05-11 22:55:59','2020-05-11 22:55:59',NULL),(154,38,165,'1',NULL,NULL,'2020-05-11 22:55:59','2020-05-11 22:55:59',NULL),(157,38,167,'1',NULL,NULL,'2020-05-12 11:12:14','2020-05-12 11:12:14',NULL),(158,38,147,'1',NULL,NULL,'2020-05-13 01:31:14','2020-05-13 01:31:14',NULL),(159,38,161,'1',NULL,NULL,'2020-05-15 13:04:21','2020-05-15 13:04:21',NULL),(163,38,150,'1',NULL,NULL,'2020-05-25 22:42:11','2020-05-25 22:42:11',NULL),(165,41,182,'1',NULL,NULL,'2020-06-05 04:48:52','2020-06-05 04:48:52',NULL),(169,42,184,'1',NULL,NULL,'2020-06-05 04:53:03','2020-06-05 04:53:03',NULL),(173,43,185,'1',NULL,NULL,'2020-06-05 04:55:30','2020-06-05 04:55:30',NULL),(174,41,185,'1',NULL,NULL,'2020-06-05 04:55:30','2020-06-05 04:55:30',NULL),(175,42,185,'1',NULL,NULL,'2020-06-05 04:55:30','2020-06-05 04:55:30',NULL),(178,43,186,'1',NULL,NULL,'2020-06-05 04:57:17','2020-06-05 04:57:17',NULL),(179,41,186,'1',NULL,NULL,'2020-06-05 04:57:17','2020-06-05 04:57:17',NULL),(181,39,187,'1',NULL,NULL,'2020-06-15 13:47:59','2020-06-15 13:47:59',NULL),(183,39,188,'1',NULL,NULL,'2020-06-15 13:51:07','2020-06-15 13:51:07',NULL),(185,39,189,'1',NULL,NULL,'2020-06-15 14:03:54','2020-06-15 14:03:54',NULL),(187,40,190,'1',NULL,NULL,'2020-06-23 17:58:28','2020-06-23 17:58:28',NULL),(188,40,174,'1',NULL,NULL,'2020-06-29 12:15:31','2020-06-29 12:15:31',NULL),(191,43,183,'1',NULL,NULL,'2020-07-08 20:20:48','2020-07-08 20:20:48',NULL),(192,45,198,'1',NULL,NULL,'2020-07-26 21:11:54','2020-07-26 21:11:54',NULL),(193,45,199,'1',NULL,NULL,'2020-07-26 21:13:14','2020-07-26 21:13:14',NULL),(194,39,175,'1',NULL,NULL,'2020-07-28 13:54:05','2020-07-28 13:54:05',NULL),(195,40,175,'1',NULL,NULL,'2020-07-28 13:54:05','2020-07-28 13:54:05',NULL),(200,44,200,'1',NULL,NULL,'2020-07-31 14:20:42','2020-07-31 14:20:42',NULL),(201,44,201,'1',NULL,NULL,'2020-07-31 14:21:12','2020-07-31 14:21:12',NULL),(202,44,202,'1',NULL,NULL,'2020-07-31 14:21:32','2020-07-31 14:21:32',NULL),(203,44,203,'1',NULL,NULL,'2020-07-31 14:21:55','2020-07-31 14:21:55',NULL),(205,44,204,'1',NULL,NULL,'2020-07-31 14:35:05','2020-07-31 14:35:05',NULL),(207,44,206,'1',NULL,NULL,'2020-08-03 01:08:07','2020-08-03 01:08:07',NULL),(208,44,207,'1',NULL,NULL,'2020-08-03 01:09:37','2020-08-03 01:09:37',NULL),(209,44,208,'1',NULL,NULL,'2020-08-03 01:10:45','2020-08-03 01:10:45',NULL),(210,44,209,'1',NULL,NULL,'2020-08-03 01:11:53','2020-08-03 01:11:53',NULL),(211,44,210,'1',NULL,NULL,'2020-08-03 01:12:53','2020-08-03 01:12:53',NULL),(212,44,211,'1',NULL,NULL,'2020-08-03 01:17:40','2020-08-03 01:17:40',NULL),(213,44,212,'1',NULL,NULL,'2020-08-03 01:19:04','2020-08-03 01:19:04',NULL),(214,44,213,'1',NULL,NULL,'2020-08-03 01:20:26','2020-08-03 01:20:26',NULL),(215,44,214,'1',NULL,NULL,'2020-08-03 01:21:33','2020-08-03 01:21:33',NULL),(216,44,215,'1',NULL,NULL,'2020-08-03 01:23:11','2020-08-03 01:23:11',NULL),(217,44,216,'1',NULL,NULL,'2020-08-03 01:24:22','2020-08-03 01:24:22',NULL),(218,44,217,'1',NULL,NULL,'2020-08-03 01:25:18','2020-08-03 01:25:18',NULL),(219,44,218,'1',NULL,NULL,'2020-08-03 01:26:18','2020-08-03 01:26:18',NULL),(220,44,219,'1',NULL,NULL,'2020-08-03 01:27:15','2020-08-03 01:27:15',NULL),(221,44,220,'1',NULL,NULL,'2020-08-03 01:28:25','2020-08-03 01:28:25',NULL),(222,44,221,'1',NULL,NULL,'2020-08-03 01:29:19','2020-08-03 01:29:19',NULL),(223,44,222,'1',NULL,NULL,'2020-08-03 01:30:50','2020-08-03 01:30:50',NULL),(224,44,223,'1',NULL,NULL,'2020-08-03 01:32:12','2020-08-03 01:32:12',NULL),(225,44,224,'1',NULL,NULL,'2020-08-03 01:33:16','2020-08-03 01:33:16',NULL),(226,44,225,'1',NULL,NULL,'2020-08-03 01:36:13','2020-08-03 01:36:13',NULL),(227,44,226,'1',NULL,NULL,'2020-08-03 01:37:25','2020-08-03 01:37:25',NULL),(228,44,227,'1',NULL,NULL,'2020-08-03 01:39:25','2020-08-03 01:39:25',NULL),(229,44,228,'1',NULL,NULL,'2020-08-03 01:40:24','2020-08-03 01:40:24',NULL),(230,44,229,'1',NULL,NULL,'2020-08-03 01:41:20','2020-08-03 01:41:20',NULL),(231,44,230,'1',NULL,NULL,'2020-08-03 01:42:25','2020-08-03 01:42:25',NULL),(232,44,231,'1',NULL,NULL,'2020-08-03 01:43:30','2020-08-03 01:43:30',NULL),(233,44,232,'1',NULL,NULL,'2020-08-03 01:44:23','2020-08-03 01:44:23',NULL),(234,44,233,'1',NULL,NULL,'2020-08-03 01:45:21','2020-08-03 01:45:21',NULL),(235,44,234,'1',NULL,NULL,'2020-08-03 01:46:16','2020-08-03 01:46:16',NULL),(236,44,235,'1',NULL,NULL,'2020-08-03 01:47:12','2020-08-03 01:47:12',NULL),(237,44,236,'1',NULL,NULL,'2020-08-03 01:48:09','2020-08-03 01:48:09',NULL),(238,44,237,'1',NULL,NULL,'2020-08-03 01:49:10','2020-08-03 01:49:10',NULL),(239,44,238,'1',NULL,NULL,'2020-08-03 01:50:06','2020-08-03 01:50:06',NULL),(240,44,239,'1',NULL,NULL,'2020-08-03 01:51:08','2020-08-03 01:51:08',NULL),(241,44,240,'1',NULL,NULL,'2020-08-03 01:52:03','2020-08-03 01:52:03',NULL),(242,44,241,'1',NULL,NULL,'2020-08-03 01:52:57','2020-08-03 01:52:57',NULL),(243,44,242,'1',NULL,NULL,'2020-08-03 01:54:03','2020-08-03 01:54:03',NULL),(244,44,243,'1',NULL,NULL,'2020-08-03 01:55:00','2020-08-03 01:55:00',NULL),(245,44,244,'1',NULL,NULL,'2020-08-03 01:56:04','2020-08-03 01:56:04',NULL),(246,44,245,'1',NULL,NULL,'2020-08-03 01:59:13','2020-08-03 01:59:13',NULL),(247,44,246,'1',NULL,NULL,'2020-08-03 02:00:14','2020-08-03 02:00:14',NULL),(248,44,247,'1',NULL,NULL,'2020-08-03 02:01:23','2020-08-03 02:01:23',NULL),(249,44,248,'1',NULL,NULL,'2020-08-03 02:02:13','2020-08-03 02:02:13',NULL),(250,44,205,'1',NULL,NULL,'2020-08-03 13:12:44','2020-08-03 13:12:44',NULL);
/*!40000 ALTER TABLE `program_participant` ENABLE KEYS */;
UNLOCK TABLES;

--
-- Table structure for table `program_provider`
--

DROP TABLE IF EXISTS `program_provider`;
/*!40101 SET @saved_cs_client     = @@character_set_client */;
/*!40101 SET character_set_client = utf8 */;
CREATE TABLE `program_provider` (
  `id` bigint(20) unsigned NOT NULL AUTO_INCREMENT,
  `program_id` bigint(20) unsigned DEFAULT NULL,
  `provider_id` bigint(20) unsigned DEFAULT NULL,
  `created_by` bigint(20) unsigned DEFAULT NULL,
  `last_modified_by` bigint(20) unsigned DEFAULT NULL,
  `created_at` timestamp NULL DEFAULT NULL,
  `updated_at` timestamp NULL DEFAULT NULL,
  `deleted_at` timestamp NULL DEFAULT NULL,
  PRIMARY KEY (`id`) USING BTREE,
  KEY `program_provider_program_id_foreign` (`program_id`) USING BTREE,
  KEY `program_provider_provider_id_foreign` (`provider_id`) USING BTREE,
  KEY `program_provider_created_by_foreign` (`created_by`) USING BTREE,
  KEY `program_provider_last_modified_by_foreign` (`last_modified_by`) USING BTREE,
  CONSTRAINT `program_provider_created_by_foreign` FOREIGN KEY (`created_by`) REFERENCES `users` (`id`) ON DELETE NO ACTION ON UPDATE NO ACTION,
  CONSTRAINT `program_provider_last_modified_by_foreign` FOREIGN KEY (`last_modified_by`) REFERENCES `users` (`id`) ON DELETE NO ACTION ON UPDATE NO ACTION,
  CONSTRAINT `program_provider_program_id_foreign` FOREIGN KEY (`program_id`) REFERENCES `programs` (`id`) ON DELETE CASCADE ON UPDATE NO ACTION,
  CONSTRAINT `program_provider_provider_id_foreign` FOREIGN KEY (`provider_id`) REFERENCES `users` (`id`) ON DELETE CASCADE ON UPDATE NO ACTION
) ENGINE=InnoDB AUTO_INCREMENT=63 DEFAULT CHARSET=utf8mb4 COLLATE=utf8mb4_unicode_ci ROW_FORMAT=COMPACT;
/*!40101 SET character_set_client = @saved_cs_client */;

--
-- Dumping data for table `program_provider`
--

LOCK TABLES `program_provider` WRITE;
/*!40000 ALTER TABLE `program_provider` DISABLE KEYS */;
INSERT INTO `program_provider` VALUES (43,39,172,NULL,2,'2020-05-22 16:57:49','2020-05-22 16:57:49',NULL),(45,38,141,NULL,1,'2020-05-22 17:45:04','2020-05-22 17:45:04',NULL),(46,40,170,NULL,2,'2020-05-22 17:50:39','2020-05-22 17:50:39',NULL),(49,41,179,NULL,4,'2020-06-05 04:39:03','2020-06-05 04:39:03',NULL),(52,43,181,NULL,4,'2020-06-05 04:43:24','2020-06-05 04:43:24',NULL),(53,42,180,NULL,4,'2020-06-05 04:43:49','2020-06-05 04:43:49',NULL),(55,39,173,NULL,2,'2020-06-15 14:06:48','2020-06-15 14:06:48',NULL),(57,40,171,NULL,168,'2020-06-29 12:15:00','2020-06-29 12:15:00',NULL),(59,44,194,NULL,2,'2020-07-20 22:44:18','2020-07-20 22:44:18',NULL),(60,45,196,4,NULL,'2020-07-26 21:09:16','2020-07-26 21:09:16',NULL),(61,45,197,4,NULL,'2020-07-26 21:10:21','2020-07-26 21:10:21',NULL),(62,39,191,NULL,168,'2020-07-30 17:21:41','2020-07-30 17:21:41',NULL);
/*!40000 ALTER TABLE `program_provider` ENABLE KEYS */;
UNLOCK TABLES;

--
-- Table structure for table `program_supervisor`
--

DROP TABLE IF EXISTS `program_supervisor`;
/*!40101 SET @saved_cs_client     = @@character_set_client */;
/*!40101 SET character_set_client = utf8 */;
CREATE TABLE `program_supervisor` (
  `id` bigint(20) unsigned NOT NULL AUTO_INCREMENT,
  `program_id` bigint(20) unsigned DEFAULT NULL,
  `supervisor_id` bigint(20) unsigned DEFAULT NULL,
  `is_active` enum('0','1') COLLATE utf8mb4_unicode_ci NOT NULL DEFAULT '1' COMMENT '0=>Blocked, 1=>Active',
  `created_by` bigint(20) unsigned DEFAULT NULL,
  `last_modified_by` bigint(20) unsigned DEFAULT NULL,
  `created_at` timestamp NULL DEFAULT NULL,
  `updated_at` timestamp NULL DEFAULT NULL,
  `deleted_at` timestamp NULL DEFAULT NULL,
  PRIMARY KEY (`id`) USING BTREE,
  KEY `program_supervisor_program_id_foreign` (`program_id`) USING BTREE,
  KEY `program_supervisor_supervisor_id_foreign` (`supervisor_id`) USING BTREE,
  KEY `program_supervisor_created_by_foreign` (`created_by`) USING BTREE,
  KEY `program_supervisor_last_modified_by_foreign` (`last_modified_by`) USING BTREE,
  CONSTRAINT `program_supervisor_created_by_foreign` FOREIGN KEY (`created_by`) REFERENCES `users` (`id`) ON DELETE CASCADE ON UPDATE NO ACTION,
  CONSTRAINT `program_supervisor_last_modified_by_foreign` FOREIGN KEY (`last_modified_by`) REFERENCES `users` (`id`) ON DELETE CASCADE ON UPDATE NO ACTION,
  CONSTRAINT `program_supervisor_program_id_foreign` FOREIGN KEY (`program_id`) REFERENCES `programs` (`id`) ON DELETE CASCADE ON UPDATE NO ACTION,
  CONSTRAINT `program_supervisor_supervisor_id_foreign` FOREIGN KEY (`supervisor_id`) REFERENCES `users` (`id`) ON DELETE CASCADE ON UPDATE NO ACTION
) ENGINE=InnoDB AUTO_INCREMENT=76 DEFAULT CHARSET=utf8mb4 COLLATE=utf8mb4_unicode_ci ROW_FORMAT=COMPACT;
/*!40101 SET character_set_client = @saved_cs_client */;

--
-- Dumping data for table `program_supervisor`
--

LOCK TABLES `program_supervisor` WRITE;
/*!40000 ALTER TABLE `program_supervisor` DISABLE KEYS */;
INSERT INTO `program_supervisor` VALUES (59,38,140,'1',NULL,NULL,'2020-05-11 22:14:19','2020-05-11 22:14:19',NULL),(63,41,177,'1',NULL,NULL,'2020-06-05 04:23:23','2020-06-05 04:23:23',NULL),(66,43,178,'1',NULL,NULL,'2020-06-05 04:24:44','2020-06-05 04:24:44',NULL),(67,42,178,'1',NULL,NULL,'2020-06-05 04:24:44','2020-06-05 04:24:44',NULL),(68,39,169,'1',NULL,NULL,'2020-06-11 20:40:01','2020-06-11 20:40:01',NULL),(69,40,169,'1',NULL,NULL,'2020-06-11 20:40:01','2020-06-11 20:40:01',NULL),(73,44,193,'1',NULL,NULL,'2020-07-20 22:42:08','2020-07-20 22:42:08',NULL),(74,39,192,'1',NULL,NULL,'2020-07-23 20:44:56','2020-07-23 20:44:56',NULL),(75,45,195,'1',NULL,NULL,'2020-07-26 21:05:53','2020-07-26 21:05:53',NULL);
/*!40000 ALTER TABLE `program_supervisor` ENABLE KEYS */;
UNLOCK TABLES;

--
-- Table structure for table `programs`
--

DROP TABLE IF EXISTS `programs`;
/*!40101 SET @saved_cs_client     = @@character_set_client */;
/*!40101 SET character_set_client = utf8 */;
CREATE TABLE `programs` (
  `id` bigint(20) unsigned NOT NULL AUTO_INCREMENT,
  `image` varchar(255) COLLATE utf8mb4_unicode_ci DEFAULT NULL,
  `name` varchar(255) COLLATE utf8mb4_unicode_ci NOT NULL,
  `organization_id` bigint(20) unsigned NOT NULL,
  `contact_email` varchar(255) COLLATE utf8mb4_unicode_ci DEFAULT NULL,
  `contact_phone` varchar(255) COLLATE utf8mb4_unicode_ci DEFAULT NULL,
  `address` varchar(255) COLLATE utf8mb4_unicode_ci DEFAULT NULL,
  `city` varchar(255) COLLATE utf8mb4_unicode_ci DEFAULT NULL,
  `state_id` bigint(20) unsigned DEFAULT NULL,
  `zip` varchar(255) COLLATE utf8mb4_unicode_ci DEFAULT NULL,
  `country_id` bigint(20) unsigned DEFAULT NULL,
  `notes` longtext COLLATE utf8mb4_unicode_ci,
  `date_added` datetime DEFAULT NULL,
  `record_num` varchar(255) COLLATE utf8mb4_unicode_ci DEFAULT NULL,
  `is_active` enum('0','1') COLLATE utf8mb4_unicode_ci NOT NULL DEFAULT '1' COMMENT '0=>Blocked, 1=>Active',
  `created_by` bigint(20) unsigned DEFAULT NULL,
  `last_modified_by` bigint(20) unsigned DEFAULT NULL,
  `created_at` timestamp NULL DEFAULT NULL,
  `updated_at` timestamp NULL DEFAULT NULL,
  `deleted_at` timestamp NULL DEFAULT NULL,
  PRIMARY KEY (`id`) USING BTREE,
  KEY `programs_country_id_foreign` (`country_id`) USING BTREE,
  KEY `programs_state_id_foreign` (`state_id`) USING BTREE,
  KEY `programs_date_added_index` (`date_added`) USING BTREE,
  KEY `programs_created_by_foreign` (`created_by`) USING BTREE,
  KEY `programs_last_modified_by_foreign` (`last_modified_by`) USING BTREE,
  KEY `programs_organization_id_foreign` (`organization_id`) USING BTREE,
  KEY `programs_name_index` (`name`(191)) USING BTREE,
  KEY `programs_contact_email_index` (`contact_email`(191)) USING BTREE,
  KEY `programs_contact_phone_index` (`contact_phone`(191)) USING BTREE,
  KEY `programs_address_index` (`address`(191)) USING BTREE,
  KEY `programs_city_index` (`city`(191)) USING BTREE,
  KEY `programs_zip_index` (`zip`(191)) USING BTREE,
  KEY `programs_image_index` (`image`(191)) USING BTREE,
  KEY `programs_record_num_index` (`record_num`(191)) USING BTREE,
  CONSTRAINT `programs_country_id_foreign` FOREIGN KEY (`country_id`) REFERENCES `countries` (`id`) ON DELETE NO ACTION ON UPDATE NO ACTION,
  CONSTRAINT `programs_created_by_foreign` FOREIGN KEY (`created_by`) REFERENCES `users` (`id`) ON DELETE CASCADE ON UPDATE CASCADE,
  CONSTRAINT `programs_last_modified_by_foreign` FOREIGN KEY (`last_modified_by`) REFERENCES `users` (`id`) ON DELETE CASCADE ON UPDATE CASCADE,
  CONSTRAINT `programs_organization_id_foreign` FOREIGN KEY (`organization_id`) REFERENCES `organizations` (`id`) ON DELETE CASCADE ON UPDATE CASCADE,
  CONSTRAINT `programs_state_id_foreign` FOREIGN KEY (`state_id`) REFERENCES `states` (`id`) ON DELETE NO ACTION ON UPDATE NO ACTION
) ENGINE=InnoDB AUTO_INCREMENT=46 DEFAULT CHARSET=utf8mb4 COLLATE=utf8mb4_unicode_ci ROW_FORMAT=COMPACT;
/*!40101 SET character_set_client = @saved_cs_client */;

--
-- Dumping data for table `programs`
--

LOCK TABLES `programs` WRITE;
/*!40000 ALTER TABLE `programs` DISABLE KEYS */;
INSERT INTO `programs` VALUES (38,'noImg.jpg','OT 6860 - 2020 Summer I',23,NULL,NULL,NULL,NULL,NULL,NULL,1,NULL,'2020-05-11 00:00:00',NULL,'0',NULL,1,'2020-05-11 22:12:10','2020-05-11 22:12:10',NULL),(39,'noImg.jpg','Goal Scaling - Education TEST',24,NULL,NULL,NULL,NULL,NULL,NULL,1,NULL,'2020-05-22 00:00:00',NULL,'0',NULL,2,'2020-05-22 16:46:21','2020-05-22 16:46:21',NULL),(40,'noImg.jpg','Goal Scaling - Health and Wellness Test',24,NULL,NULL,NULL,NULL,NULL,NULL,1,NULL,'2020-05-22 00:00:00',NULL,'0',NULL,2,'2020-05-22 16:47:01','2020-05-22 16:47:01',NULL),(41,'noImg.jpg','Professional Development Program',25,NULL,NULL,NULL,NULL,NULL,NULL,1,NULL,'2020-06-05 00:00:00',NULL,'0',NULL,4,'2020-06-05 04:14:42','2020-06-05 04:14:42',NULL),(42,'noImg.jpg','We Care',25,NULL,NULL,NULL,NULL,NULL,NULL,1,NULL,'2020-06-05 00:00:00',NULL,'0',NULL,4,'2020-06-05 04:15:35','2020-06-05 04:15:35',NULL),(43,'noImg.jpg','Employee Self Directed',25,NULL,NULL,NULL,NULL,NULL,NULL,1,NULL,'2020-06-05 00:00:00',NULL,'0',NULL,4,'2020-06-05 04:15:58','2020-06-05 04:15:58',NULL),(44,'1595284839_ot stack gold black.png','Occupational Therapy Doctorate',23,NULL,NULL,NULL,NULL,NULL,NULL,1,NULL,'2020-07-20 00:00:00',NULL,'0',NULL,4,'2020-07-20 22:40:39','2020-07-31 13:23:05',NULL),(45,'noImg.jpg','Asante\'s and Ashani\'s Excellent Adventure',26,NULL,NULL,NULL,NULL,NULL,NULL,1,NULL,'2020-07-26 00:00:00',NULL,'0',NULL,4,'2020-07-26 21:03:36','2020-07-26 21:03:36',NULL);
/*!40000 ALTER TABLE `programs` ENABLE KEYS */;
UNLOCK TABLES;

--
-- Table structure for table `provider_supervisors`
--

DROP TABLE IF EXISTS `provider_supervisors`;
/*!40101 SET @saved_cs_client     = @@character_set_client */;
/*!40101 SET character_set_client = utf8 */;
CREATE TABLE `provider_supervisors` (
  `id` bigint(20) unsigned NOT NULL AUTO_INCREMENT,
  `provider_id` bigint(20) unsigned DEFAULT NULL,
  `supervisor_id` bigint(20) unsigned DEFAULT NULL,
  `is_active` enum('0','1') COLLATE utf8mb4_unicode_ci NOT NULL DEFAULT '1' COMMENT '0=>Blocked, 1=>Active',
  `created_by` bigint(20) unsigned DEFAULT NULL,
  `last_modified_by` bigint(20) unsigned DEFAULT NULL,
  `created_at` timestamp NULL DEFAULT NULL,
  `updated_at` timestamp NULL DEFAULT NULL,
  `deleted_at` timestamp NULL DEFAULT NULL,
  PRIMARY KEY (`id`) USING BTREE,
  KEY `provider_supervisors_created_by_foreign` (`created_by`) USING BTREE,
  KEY `provider_supervisors_last_modified_by_foreign` (`last_modified_by`) USING BTREE,
  KEY `provider_supervisors_provider_id_foreign` (`provider_id`) USING BTREE,
  KEY `provider_supervisors_supervisor_id_foreign` (`supervisor_id`) USING BTREE,
  CONSTRAINT `provider_supervisors_created_by_foreign` FOREIGN KEY (`created_by`) REFERENCES `users` (`id`) ON DELETE CASCADE ON UPDATE NO ACTION,
  CONSTRAINT `provider_supervisors_last_modified_by_foreign` FOREIGN KEY (`last_modified_by`) REFERENCES `users` (`id`) ON DELETE CASCADE ON UPDATE NO ACTION,
  CONSTRAINT `provider_supervisors_provider_id_foreign` FOREIGN KEY (`provider_id`) REFERENCES `users` (`id`) ON DELETE CASCADE ON UPDATE NO ACTION,
  CONSTRAINT `provider_supervisors_supervisor_id_foreign` FOREIGN KEY (`supervisor_id`) REFERENCES `users` (`id`) ON DELETE CASCADE ON UPDATE NO ACTION
) ENGINE=InnoDB AUTO_INCREMENT=93 DEFAULT CHARSET=utf8mb4 COLLATE=utf8mb4_unicode_ci ROW_FORMAT=COMPACT;
/*!40101 SET character_set_client = @saved_cs_client */;

--
-- Dumping data for table `provider_supervisors`
--

LOCK TABLES `provider_supervisors` WRITE;
/*!40000 ALTER TABLE `provider_supervisors` DISABLE KEYS */;
INSERT INTO `provider_supervisors` VALUES (73,172,169,'1',NULL,2,'2020-05-22 16:57:49','2020-05-22 16:57:49',NULL),(75,141,140,'1',NULL,1,'2020-05-22 17:45:04','2020-05-22 17:45:04',NULL),(76,170,169,'1',NULL,2,'2020-05-22 17:50:39','2020-05-22 17:50:39',NULL),(79,179,177,'1',NULL,4,'2020-06-05 04:39:03','2020-06-05 04:39:03',NULL),(82,181,178,'1',NULL,4,'2020-06-05 04:43:24','2020-06-05 04:43:24',NULL),(83,180,178,'1',NULL,4,'2020-06-05 04:43:49','2020-06-05 04:43:49',NULL),(85,173,169,'1',NULL,2,'2020-06-15 14:06:48','2020-06-15 14:06:48',NULL),(87,171,169,'1',NULL,168,'2020-06-29 12:15:00','2020-06-29 12:15:00',NULL),(89,194,193,'1',NULL,2,'2020-07-20 22:44:18','2020-07-20 22:44:18',NULL),(90,196,195,'1',4,NULL,'2020-07-26 21:09:16','2020-07-26 21:09:16',NULL),(91,197,195,'1',4,NULL,'2020-07-26 21:10:21','2020-07-26 21:10:21',NULL),(92,191,169,'1',NULL,168,'2020-07-30 17:21:41','2020-07-30 17:21:41',NULL);
/*!40000 ALTER TABLE `provider_supervisors` ENABLE KEYS */;
UNLOCK TABLES;

--
-- Table structure for table `provider_types`
--

DROP TABLE IF EXISTS `provider_types`;
/*!40101 SET @saved_cs_client     = @@character_set_client */;
/*!40101 SET character_set_client = utf8 */;
CREATE TABLE `provider_types` (
  `id` bigint(20) unsigned NOT NULL AUTO_INCREMENT,
  `org_type_id` bigint(20) unsigned DEFAULT NULL,
  `name` varchar(255) COLLATE utf8mb4_unicode_ci NOT NULL,
  `is_active` enum('0','1') COLLATE utf8mb4_unicode_ci NOT NULL DEFAULT '1' COMMENT '0=>Blocked, 1=>Active',
  `created_by` bigint(20) unsigned DEFAULT NULL,
  `last_modified_by` bigint(20) unsigned DEFAULT NULL,
  `created_at` timestamp NULL DEFAULT NULL,
  `updated_at` timestamp NULL DEFAULT NULL,
  `deleted_at` timestamp NULL DEFAULT NULL,
  PRIMARY KEY (`id`) USING BTREE,
  KEY `provider_types_created_by_foreign` (`created_by`) USING BTREE,
  KEY `provider_types_last_modified_by_foreign` (`last_modified_by`) USING BTREE,
  KEY `provider_types_org_type_id_foreign` (`org_type_id`) USING BTREE,
  KEY `provider_types_name_index` (`name`(191)) USING BTREE,
  CONSTRAINT `provider_types_created_by_foreign` FOREIGN KEY (`created_by`) REFERENCES `users` (`id`) ON DELETE CASCADE ON UPDATE NO ACTION,
  CONSTRAINT `provider_types_last_modified_by_foreign` FOREIGN KEY (`last_modified_by`) REFERENCES `users` (`id`) ON DELETE CASCADE ON UPDATE NO ACTION,
  CONSTRAINT `provider_types_org_type_id_foreign` FOREIGN KEY (`org_type_id`) REFERENCES `org_types` (`id`) ON DELETE CASCADE ON UPDATE NO ACTION
) ENGINE=InnoDB AUTO_INCREMENT=64 DEFAULT CHARSET=utf8mb4 COLLATE=utf8mb4_unicode_ci ROW_FORMAT=COMPACT;
/*!40101 SET character_set_client = @saved_cs_client */;

--
-- Dumping data for table `provider_types`
--

LOCK TABLES `provider_types` WRITE;
/*!40000 ALTER TABLE `provider_types` DISABLE KEYS */;
INSERT INTO `provider_types` VALUES (1,1,'Nurse','1',NULL,1,'2020-04-20 16:26:54','2020-04-20 16:26:54',NULL),(2,1,'Occupational Therapist','1',NULL,1,'2020-04-20 16:26:54','2020-04-20 16:26:54',NULL),(3,1,'Social Worker','1',NULL,1,'2020-04-20 16:26:54','2020-04-20 16:26:54',NULL),(4,1,'Physical Therapist','1',NULL,1,'2020-04-20 16:26:54','2020-04-20 16:26:54',NULL),(5,1,'Physician','1',NULL,1,'2020-04-20 16:26:54','2020-04-20 16:26:54',NULL),(6,1,'Physician’s Assistant','1',NULL,1,'2020-04-20 16:26:54','2020-04-20 16:26:54',NULL),(7,1,'Speech and Language Pathologist','1',NULL,1,'2020-04-20 16:26:54','2020-04-20 16:26:54',NULL),(8,1,'Peer Specialist/Recovery Coach','1',NULL,1,'2020-04-20 16:26:54','2020-04-20 16:26:54',NULL),(9,1,'Nurse’s Aid','1',NULL,1,'2020-04-20 16:26:54','2020-04-20 16:26:54',NULL),(10,1,'Nurse Practitioner','1',NULL,1,'2020-04-20 16:26:54','2020-04-20 16:26:54',NULL),(11,1,'Audiologist','1',NULL,1,'2020-04-20 16:26:54','2020-04-20 16:26:54',NULL),(12,1,'Dietician','1',NULL,1,'2020-04-20 16:26:54','2020-04-20 16:26:54',NULL),(13,1,'Respiratory Therapist','1',NULL,1,'2020-04-20 16:26:54','2020-04-20 16:26:54',NULL),(14,1,'Human Resources Manager','1',NULL,1,'2020-04-20 16:26:54','2020-04-20 16:26:54',NULL),(15,1,'Rehabilitation Therapist','1',NULL,1,'2020-04-20 16:26:54','2020-04-20 16:26:54',NULL),(16,1,'Exercise Physiologist','1',NULL,1,'2020-04-20 16:26:54','2020-04-20 16:26:54',NULL),(17,1,'Psychologist','1',NULL,1,'2020-04-20 16:26:54','2020-04-20 16:26:54',NULL),(18,1,'Counselor','1',NULL,1,'2020-04-20 16:26:54','2020-04-20 16:26:54',NULL),(19,1,'Fitness Instructor','1',NULL,1,'2020-04-20 16:26:54','2020-04-20 16:26:54',NULL),(20,2,'Professor','1',NULL,1,'2020-04-20 16:26:54','2020-04-20 16:26:54',NULL),(21,2,'Field Coordinator','1',NULL,1,'2020-04-20 16:26:54','2020-04-20 16:26:54',NULL),(22,2,'Teacher','1',NULL,1,'2020-04-20 16:26:54','2020-04-20 16:26:54',NULL),(23,2,'Special Education Teacher','1',NULL,1,'2020-04-20 16:26:54','2020-04-20 16:26:54',NULL),(24,2,'Paraprofessional','1',NULL,1,'2020-04-20 16:26:54','2020-04-20 16:26:54',NULL),(25,2,'Nurse','1',NULL,1,'2020-04-20 16:26:54','2020-04-20 16:26:54',NULL),(26,2,'Occupational Therapist','1',NULL,1,'2020-04-20 16:26:54','2020-04-20 16:26:54',NULL),(27,2,'Psychologist','1',NULL,1,'2020-04-20 16:26:54','2020-04-20 16:26:54',NULL),(28,2,'Social Worker','1',NULL,1,'2020-04-20 16:26:54','2020-04-20 16:26:54',NULL),(29,2,'Physical Therapist','1',NULL,1,'2020-04-20 16:26:54','2020-04-20 16:26:54',NULL),(30,2,'Speech and Language Pathologist','1',NULL,1,'2020-04-20 16:26:54','2020-04-20 16:26:54',NULL),(31,2,'Audiologist','1',NULL,1,'2020-04-20 16:26:54','2020-04-20 16:26:54',NULL),(32,2,'Autism/Behavior Specialist','1',NULL,1,'2020-04-20 16:26:54','2020-04-20 16:26:54',NULL),(33,2,'Athletic Coach','1',NULL,1,'2020-04-20 16:26:54','2020-04-20 16:26:54',NULL),(34,2,'Advisor','1',NULL,1,'2020-04-20 16:26:54','2020-04-20 16:26:54',NULL),(35,2,'School Nurse','1',NULL,1,'2020-04-20 16:26:54','2020-04-20 16:26:54',NULL),(36,2,'Librarian','1',NULL,1,'2020-04-20 16:26:54','2020-04-20 16:26:54',NULL),(37,2,'Guidance Counselor','1',NULL,1,'2020-04-20 16:26:54','2020-04-20 16:26:54',NULL),(38,2,'Principal / Assistant / Vice','1',NULL,1,'2020-04-20 16:26:54','2020-04-20 16:26:54',NULL),(39,2,'Special Ed Coordinator','1',NULL,1,'2020-04-20 16:26:54','2020-04-20 16:26:54',NULL),(40,3,'Athletic Trainer','1',NULL,1,'2020-04-20 16:26:54','2020-04-20 16:26:54',NULL),(41,3,'Coach / Assistant Coach','1',NULL,1,'2020-04-20 16:26:54','2020-04-20 16:26:54',NULL),(42,3,'Personal Trainer','1',NULL,1,'2020-04-20 16:26:54','2020-04-20 16:26:54',NULL),(43,3,'Strength & Conditioning Coach','1',NULL,1,'2020-04-20 16:26:54','2020-04-20 16:26:54',NULL),(44,3,'Sports Medicine Doctor','1',NULL,1,'2020-04-20 16:26:54','2020-04-20 16:26:54',NULL),(45,3,'Athletic Director / Assistant AD','1',NULL,1,'2020-04-20 16:26:54','2020-04-20 16:26:54',NULL),(46,3,'Instructor - for any sport','1',NULL,1,'2020-04-20 16:26:54','2020-04-20 16:26:54',NULL),(47,3,'Sports Professional','1',NULL,1,'2020-04-20 16:26:54','2020-04-20 16:26:54',NULL),(48,3,'Compliance Coordinator','1',NULL,1,'2020-04-20 16:26:54','2020-04-20 16:26:54',NULL),(49,3,'Performance Coach','1',NULL,1,'2020-04-20 16:26:54','2020-04-20 16:26:54',NULL),(50,4,'Executive','1',NULL,1,'2020-04-20 16:26:54','2020-04-20 16:26:54',NULL),(51,4,'Vice President','1',NULL,1,'2020-04-20 16:26:54','2020-04-20 16:26:54',NULL),(52,4,'Manager','1',NULL,1,'2020-04-20 16:26:54','2020-04-20 16:26:54',NULL),(53,4,'Information Technology','1',NULL,1,'2020-04-20 16:26:55','2020-04-20 16:26:55',NULL),(54,4,'Finance/Accounting','1',NULL,1,'2020-04-20 16:26:55','2020-04-20 16:26:55',NULL),(55,4,'Development/Advancement','1',NULL,1,'2020-04-20 16:26:55','2020-04-20 16:26:55',NULL),(56,4,'Human Resources','1',NULL,1,'2020-04-20 16:26:55','2020-04-20 16:26:55',NULL),(57,4,'Support Staff','1',NULL,1,'2020-04-20 16:26:55','2020-04-20 16:26:55',NULL),(58,4,'Wellness Program Coordinator','1',NULL,1,'2020-04-20 16:26:55','2020-04-20 16:26:55',NULL),(59,4,'Wellness Program Staff','1',NULL,1,'2020-04-20 16:26:55','2020-04-20 16:26:55',NULL),(60,4,'Operations','1',NULL,1,'2020-04-20 16:26:55','2020-04-20 16:26:55',NULL),(61,4,'Sales','1',NULL,1,'2020-04-20 16:26:55','2020-04-20 16:26:55',NULL),(62,4,'Marketing','1',NULL,1,'2020-04-20 16:26:55','2020-04-20 16:26:55',NULL),(63,4,'Quality / Compliance','1',NULL,1,'2020-04-20 16:26:55','2020-04-20 16:26:55',NULL);
/*!40000 ALTER TABLE `provider_types` ENABLE KEYS */;
UNLOCK TABLES;

--
-- Table structure for table `site_content`
--

DROP TABLE IF EXISTS `site_content`;
/*!40101 SET @saved_cs_client     = @@character_set_client */;
/*!40101 SET character_set_client = utf8 */;
CREATE TABLE `site_content` (
  `id` bigint(20) unsigned NOT NULL AUTO_INCREMENT,
  `reference_key` varchar(191) COLLATE utf8mb4_unicode_ci NOT NULL,
  `content` text COLLATE utf8mb4_unicode_ci NOT NULL,
  `is_active` enum('0','1') COLLATE utf8mb4_unicode_ci NOT NULL DEFAULT '1' COMMENT '0=>Blocked, 1=>Active',
  `created_by` bigint(20) unsigned DEFAULT NULL,
  `last_modified_by` bigint(20) unsigned DEFAULT NULL,
  `created_at` timestamp NULL DEFAULT NULL,
  `updated_at` timestamp NULL DEFAULT NULL,
  `deleted_at` timestamp NULL DEFAULT NULL,
  PRIMARY KEY (`id`) USING BTREE,
  KEY `site_content_created_by_foreign` (`created_by`) USING BTREE,
  KEY `site_content_last_modified_by_foreign` (`last_modified_by`) USING BTREE,
  KEY `site_content_reference_key_index` (`reference_key`) USING BTREE,
  FULLTEXT KEY `site_content_content_index` (`content`),
  CONSTRAINT `site_content_created_by_foreign` FOREIGN KEY (`created_by`) REFERENCES `users` (`id`) ON DELETE NO ACTION ON UPDATE NO ACTION,
  CONSTRAINT `site_content_last_modified_by_foreign` FOREIGN KEY (`last_modified_by`) REFERENCES `users` (`id`) ON DELETE NO ACTION ON UPDATE NO ACTION
) ENGINE=InnoDB AUTO_INCREMENT=7 DEFAULT CHARSET=utf8mb4 COLLATE=utf8mb4_unicode_ci ROW_FORMAT=COMPACT;
/*!40101 SET character_set_client = @saved_cs_client */;

--
-- Dumping data for table `site_content`
--

LOCK TABLES `site_content` WRITE;
/*!40000 ALTER TABLE `site_content` DISABLE KEYS */;
INSERT INTO `site_content` VALUES (1,'welcome_to_goal_attainment_scaling','GSS is a method of measuring goal attainment over time, using a five-point scale to capture all possible outcomes for a given goal. GSS is a unique approach to goal setting, one that promotes success along a continuum rather than the traditional all-or-nothing success vs. failure model.  This methodology, beginning with Goal Attainment Scaling (GAS), been used in healthcare and educational settings since 1968. Numerous studies have found GAS to be highly sensitive to change, unlike other measures that use a generic and broad evaluation, not specific to the needs of each individual. The ability to capture small but meaningful change over time makes it a preferred outcome measure among clinicians, researchers, teachers, and caregivers.','1',NULL,1,'2020-04-20 18:36:20','2020-06-15 13:40:08',NULL),(2,'welcome_heading','Welcome to Goal Scaling Solutions!','1',NULL,1,'2020-04-20 18:36:20','2020-06-15 13:40:08',NULL),(3,'about_us_content','Drs. Ann Chapleau, DHS, OTR/L and Jennifer Harrison, PhD, LMSW, CAADC, faculty colleagues at Western Michigan University, founded Goal Scaling Solutions (GSS) in 2015 to provide a more user-friendly digital tool for outcome measurement using goal attainment scaling methodology. Amy S. Courter, MBA joined our GSS team in 2020 as CEO to guide our technology development and commercialization process. We provide these tools and services for health and wellness, education and athletics, and business and organizations. Our work has been funded through the Health Resources and Services Administration, the Sammons Center for Innovation, and the WMU Technology Development Fund.','1',NULL,1,'2020-04-20 18:36:36','2020-05-05 22:44:24',NULL),(4,'about_us_heading','About Us','1',NULL,1,'2020-04-20 18:36:36','2020-04-20 18:36:41',NULL),(5,'about_us_image_content','Ann Chapleau & Jennifer Harrison','1',NULL,1,'2020-04-20 18:36:36','2020-04-20 18:36:56',NULL),(6,'about_us_image','1588639445_Chapleau Ann Harrison Jennifer.jpg','1',NULL,1,'2020-04-20 18:37:11','2020-05-05 04:44:05',NULL);
/*!40000 ALTER TABLE `site_content` ENABLE KEYS */;
UNLOCK TABLES;

--
-- Table structure for table `states`
--

DROP TABLE IF EXISTS `states`;
/*!40101 SET @saved_cs_client     = @@character_set_client */;
/*!40101 SET character_set_client = utf8 */;
CREATE TABLE `states` (
  `id` bigint(20) unsigned NOT NULL AUTO_INCREMENT,
  `country_id` bigint(20) unsigned NOT NULL,
  `state_code` varchar(191) COLLATE utf8mb4_unicode_ci NOT NULL,
  `name` varchar(191) COLLATE utf8mb4_unicode_ci NOT NULL,
  `is_active` enum('0','1') COLLATE utf8mb4_unicode_ci NOT NULL DEFAULT '1' COMMENT '0=>Blocked, 1=>Active',
  `created_by` bigint(20) unsigned DEFAULT NULL,
  `last_modified_by` bigint(20) unsigned DEFAULT NULL,
  `created_at` timestamp NULL DEFAULT NULL,
  `updated_at` timestamp NULL DEFAULT NULL,
  `deleted_at` timestamp NULL DEFAULT NULL,
  PRIMARY KEY (`id`) USING BTREE,
  KEY `states_country_id_foreign` (`country_id`) USING BTREE,
  KEY `states_state_code_index` (`state_code`) USING BTREE,
  KEY `states_name_index` (`name`) USING BTREE,
  CONSTRAINT `states_country_id_foreign` FOREIGN KEY (`country_id`) REFERENCES `countries` (`id`) ON DELETE CASCADE ON UPDATE NO ACTION
) ENGINE=InnoDB AUTO_INCREMENT=55 DEFAULT CHARSET=utf8mb4 COLLATE=utf8mb4_unicode_ci ROW_FORMAT=COMPACT;
/*!40101 SET character_set_client = @saved_cs_client */;

--
-- Dumping data for table `states`
--

LOCK TABLES `states` WRITE;
/*!40000 ALTER TABLE `states` DISABLE KEYS */;
INSERT INTO `states` VALUES (1,1,'','Alabama','1',NULL,1,NULL,NULL,NULL),(2,1,'','Alaska','1',NULL,1,'2020-04-01 09:01:00','2020-04-01 09:01:00',NULL),(3,1,'','Arizona','1',NULL,1,'2020-04-01 09:01:00','2020-04-01 09:01:00',NULL),(4,1,'','Arkansas','1',NULL,1,'2020-04-01 09:01:00','2020-04-01 09:01:00',NULL),(5,1,'','California','1',NULL,1,'2020-04-01 09:01:00','2020-04-01 09:01:00',NULL),(6,1,'','Colorado','1',NULL,1,'2020-04-01 09:01:00','2020-04-01 09:01:00',NULL),(7,1,'','Connecticut','1',NULL,1,'2020-04-01 09:01:00','2020-04-01 09:01:00',NULL),(8,1,'','Delaware','1',NULL,1,'2020-04-01 09:01:00','2020-04-01 09:01:00',NULL),(9,1,'','Florida','1',NULL,1,'2020-04-01 09:01:00','2020-04-01 09:01:00',NULL),(10,1,'','Georgia','1',NULL,1,'2020-04-01 09:01:00','2020-04-01 09:01:00',NULL),(11,1,'','Hawaii','1',NULL,1,'2020-04-01 09:01:00','2020-04-01 09:01:00',NULL),(12,1,'','Idaho','1',NULL,1,'2020-04-01 09:01:00','2020-04-01 09:01:00',NULL),(13,1,'','Illinois','1',NULL,1,'2020-04-01 09:01:00','2020-04-01 09:01:00',NULL),(14,1,'','Indiana','1',NULL,1,'2020-04-01 09:01:00','2020-04-01 09:01:00',NULL),(15,1,'','Iowa','1',NULL,1,'2020-04-01 09:01:00','2020-04-01 09:01:00',NULL),(16,1,'','Kansas','1',NULL,1,'2020-04-01 09:01:00','2020-04-01 09:01:00',NULL),(17,1,'','Kentucky','1',NULL,1,'2020-04-01 09:01:00','2020-04-01 09:01:00',NULL),(18,1,'','Louisiana','1',NULL,1,'2020-04-01 09:01:00','2020-04-01 09:01:00',NULL),(19,1,'','Maine','1',NULL,1,'2020-04-01 09:01:00','2020-04-01 09:01:00',NULL),(20,1,'','Maryland','1',NULL,1,'2020-04-01 09:01:00','2020-04-01 09:01:00',NULL),(21,1,'','Massachusetts','1',NULL,1,'2020-04-01 09:01:00','2020-04-01 09:01:00',NULL),(22,1,'','Michigan','1',NULL,1,'2020-04-01 09:01:00','2020-04-01 09:01:00',NULL),(23,1,'','Minnesota','1',NULL,1,'2020-04-01 09:01:00','2020-04-01 09:01:00',NULL),(24,1,'','Mississippi','1',NULL,1,'2020-04-01 09:01:00','2020-04-01 09:01:00',NULL),(25,1,'','Missouri','1',NULL,1,'2020-04-01 09:01:00','2020-04-01 09:01:00',NULL),(26,1,'','Montana','1',NULL,1,'2020-04-01 09:01:00','2020-04-01 09:01:00',NULL),(27,1,'','Nebraska','1',NULL,1,'2020-04-01 09:01:00','2020-04-01 09:01:00',NULL),(28,1,'','Nevada','1',NULL,1,'2020-04-01 09:01:00','2020-04-01 09:01:00',NULL),(29,1,'','New Hampshire','1',NULL,1,'2020-04-01 09:01:00','2020-04-01 09:01:00',NULL),(30,1,'','New Jersey','1',NULL,1,'2020-04-01 09:01:00','2020-04-01 09:01:00',NULL),(31,1,'','New Mexico','1',NULL,1,'2020-04-01 09:01:00','2020-04-01 09:01:00',NULL),(32,1,'','New York','1',NULL,1,'2020-04-01 09:01:00','2020-04-01 09:01:00',NULL),(33,1,'','North Carolina','1',NULL,1,'2020-04-01 09:01:00','2020-04-01 09:01:00',NULL),(34,1,'','Ohio','1',NULL,1,'2020-04-01 09:01:00','2020-04-01 09:01:00',NULL),(35,1,'','Oklahoma','1',NULL,1,'2020-04-01 09:01:00','2020-04-01 09:01:00',NULL),(36,1,'','Oregon','1',NULL,1,'2020-04-01 09:01:00','2020-04-01 09:01:00',NULL),(37,1,'','Pennsylvania','1',NULL,1,'2020-04-01 09:01:00','2020-04-01 09:01:00',NULL),(38,1,'','Rhode Island','1',NULL,1,'2020-04-01 09:01:00','2020-04-01 09:01:00',NULL),(39,1,'','South Carolina','1',NULL,1,'2020-04-01 09:01:00','2020-04-01 09:01:00',NULL),(40,1,'','South Dakota','1',NULL,1,'2020-04-01 09:01:00','2020-04-01 09:01:00',NULL),(41,1,'','Tennessee','1',NULL,1,'2020-04-01 09:01:00','2020-04-01 09:01:00',NULL),(42,1,'','Texas','1',NULL,1,'2020-04-01 09:01:00','2020-04-01 09:01:00',NULL),(43,1,'','Utah','1',NULL,1,'2020-04-01 09:01:00','2020-04-01 09:01:00',NULL),(44,1,'','Vermont','1',NULL,1,'2020-04-01 09:01:00','2020-04-01 09:01:00',NULL),(45,1,'','Virginia','1',NULL,1,'2020-04-01 09:01:00','2020-04-01 09:01:00',NULL),(46,1,'','Washington','1',NULL,1,'2020-04-01 09:01:00','2020-04-01 09:01:00',NULL),(47,1,'','West Virginia','1',NULL,1,'2020-04-01 09:01:00','2020-04-01 09:01:00',NULL),(48,1,'','Wisconsin','1',NULL,1,'2020-04-01 09:01:00','2020-04-01 09:01:00',NULL),(49,1,'','Wyoming','1',NULL,1,'2020-04-01 09:01:00','2020-04-01 09:01:00',NULL),(50,1,'','Washington DC','1',NULL,1,'2020-04-01 09:01:00','2020-04-01 09:01:00',NULL),(51,1,'','Armed Forces Americas','1',NULL,1,'2020-04-01 09:01:00','2020-04-01 09:01:00',NULL),(52,1,'','Armed Forces Europe','1',NULL,1,'2020-04-01 09:01:00','2020-04-01 09:01:00',NULL),(53,1,'','Armed Forces Pacific','1',NULL,1,'2020-04-01 09:01:00','2020-04-01 09:01:00',NULL),(54,2,'','Ontario','1',NULL,NULL,NULL,NULL,NULL);
/*!40000 ALTER TABLE `states` ENABLE KEYS */;
UNLOCK TABLES;

--
-- Table structure for table `tag_groups`
--

DROP TABLE IF EXISTS `tag_groups`;
/*!40101 SET @saved_cs_client     = @@character_set_client */;
/*!40101 SET character_set_client = utf8 */;
CREATE TABLE `tag_groups` (
  `id` bigint(20) unsigned NOT NULL AUTO_INCREMENT,
  `name` varchar(191) COLLATE utf8mb4_unicode_ci DEFAULT NULL,
  `org_type_id` bigint(20) unsigned DEFAULT NULL,
  `is_active` enum('0','1') COLLATE utf8mb4_unicode_ci NOT NULL DEFAULT '1' COMMENT '0 => Inactive, 1 => Active',
  `created_by` bigint(20) unsigned DEFAULT NULL,
  `last_modified_by` bigint(20) unsigned DEFAULT NULL,
  `created_at` timestamp NULL DEFAULT NULL,
  `updated_at` timestamp NULL DEFAULT NULL,
  `deleted_at` timestamp NULL DEFAULT NULL,
  PRIMARY KEY (`id`) USING BTREE,
  KEY `tag_groups_org_type_id_foreign` (`org_type_id`) USING BTREE,
  KEY `tag_groups_created_by_foreign` (`created_by`) USING BTREE,
  KEY `tag_groups_last_modified_by_foreign` (`last_modified_by`) USING BTREE,
  KEY `tag_groups_name_index` (`name`) USING BTREE,
  CONSTRAINT `tag_groups_created_by_foreign` FOREIGN KEY (`created_by`) REFERENCES `users` (`id`) ON DELETE NO ACTION ON UPDATE NO ACTION,
  CONSTRAINT `tag_groups_last_modified_by_foreign` FOREIGN KEY (`last_modified_by`) REFERENCES `users` (`id`) ON DELETE NO ACTION ON UPDATE NO ACTION,
  CONSTRAINT `tag_groups_org_type_id_foreign` FOREIGN KEY (`org_type_id`) REFERENCES `org_types` (`id`) ON DELETE CASCADE ON UPDATE NO ACTION
) ENGINE=InnoDB AUTO_INCREMENT=5 DEFAULT CHARSET=utf8mb4 COLLATE=utf8mb4_unicode_ci ROW_FORMAT=COMPACT;
/*!40101 SET character_set_client = @saved_cs_client */;

--
-- Dumping data for table `tag_groups`
--

LOCK TABLES `tag_groups` WRITE;
/*!40000 ALTER TABLE `tag_groups` DISABLE KEYS */;
INSERT INTO `tag_groups` VALUES (1,'Mental Health',1,'1',NULL,NULL,'2020-04-21 23:46:58',NULL,NULL),(2,'Substance Use',1,'1',NULL,NULL,'2020-04-21 23:47:16',NULL,NULL),(3,'Physical Health',1,'1',NULL,NULL,'2020-04-21 23:47:36',NULL,NULL),(4,'Learning Disabilities',3,'1',NULL,NULL,'2020-04-21 23:48:12',NULL,NULL);
/*!40000 ALTER TABLE `tag_groups` ENABLE KEYS */;
UNLOCK TABLES;

--
-- Table structure for table `tag_types`
--

DROP TABLE IF EXISTS `tag_types`;
/*!40101 SET @saved_cs_client     = @@character_set_client */;
/*!40101 SET character_set_client = utf8 */;
CREATE TABLE `tag_types` (
  `id` bigint(20) unsigned NOT NULL AUTO_INCREMENT,
  `type` varchar(191) COLLATE utf8mb4_unicode_ci DEFAULT NULL,
  `is_active` enum('0','1') COLLATE utf8mb4_unicode_ci NOT NULL DEFAULT '1' COMMENT '0 => Inactive, 1 => Active',
  `created_by` bigint(20) unsigned DEFAULT NULL,
  `last_modified_by` bigint(20) unsigned DEFAULT NULL,
  `created_at` timestamp NULL DEFAULT NULL,
  `updated_at` timestamp NULL DEFAULT NULL,
  `deleted_at` timestamp NULL DEFAULT NULL,
  PRIMARY KEY (`id`) USING BTREE,
  KEY `tag_types_created_by_foreign` (`created_by`) USING BTREE,
  KEY `tag_types_last_modified_by_foreign` (`last_modified_by`) USING BTREE,
  KEY `tag_types_type_index` (`type`) USING BTREE,
  CONSTRAINT `tag_types_created_by_foreign` FOREIGN KEY (`created_by`) REFERENCES `users` (`id`) ON DELETE NO ACTION ON UPDATE NO ACTION,
  CONSTRAINT `tag_types_last_modified_by_foreign` FOREIGN KEY (`last_modified_by`) REFERENCES `users` (`id`) ON DELETE NO ACTION ON UPDATE NO ACTION
) ENGINE=InnoDB AUTO_INCREMENT=4 DEFAULT CHARSET=utf8mb4 COLLATE=utf8mb4_unicode_ci ROW_FORMAT=COMPACT;
/*!40101 SET character_set_client = @saved_cs_client */;

--
-- Dumping data for table `tag_types`
--

LOCK TABLES `tag_types` WRITE;
/*!40000 ALTER TABLE `tag_types` DISABLE KEYS */;
INSERT INTO `tag_types` VALUES (1,'Presenting Challenge','1',NULL,NULL,'2020-04-21 23:43:59',NULL,NULL),(2,'Goal Topic','1',NULL,NULL,'2020-04-21 23:44:13',NULL,NULL),(3,'Specialized Intervention','1',NULL,NULL,'2020-04-21 23:44:27',NULL,NULL);
/*!40000 ALTER TABLE `tag_types` ENABLE KEYS */;
UNLOCK TABLES;

--
-- Table structure for table `tags`
--

DROP TABLE IF EXISTS `tags`;
/*!40101 SET @saved_cs_client     = @@character_set_client */;
/*!40101 SET character_set_client = utf8 */;
CREATE TABLE `tags` (
  `id` bigint(20) unsigned NOT NULL AUTO_INCREMENT,
  `tag` varchar(191) COLLATE utf8mb4_unicode_ci DEFAULT NULL,
  `tag_type_id` bigint(20) unsigned DEFAULT NULL,
  `tag_group_id` bigint(20) unsigned DEFAULT NULL,
  `org_type_id` bigint(20) unsigned DEFAULT NULL,
  `is_active` enum('0','1') COLLATE utf8mb4_unicode_ci NOT NULL DEFAULT '1' COMMENT '0 => Inactive, 1 => Active',
  `created_by` bigint(20) unsigned DEFAULT NULL,
  `last_modified_by` bigint(20) unsigned DEFAULT NULL,
  `created_at` timestamp NULL DEFAULT NULL,
  `updated_at` timestamp NULL DEFAULT NULL,
  `deleted_at` timestamp NULL DEFAULT NULL,
  PRIMARY KEY (`id`) USING BTREE,
  KEY `tags_tag_type_id_foreign` (`tag_type_id`) USING BTREE,
  KEY `tags_tag_group_id_foreign` (`tag_group_id`) USING BTREE,
  KEY `tags_org_type_id_foreign` (`org_type_id`) USING BTREE,
  KEY `tags_created_by_foreign` (`created_by`) USING BTREE,
  KEY `tags_last_modified_by_foreign` (`last_modified_by`) USING BTREE,
  KEY `tags_tag_index` (`tag`) USING BTREE,
  CONSTRAINT `tags_created_by_foreign` FOREIGN KEY (`created_by`) REFERENCES `users` (`id`) ON DELETE NO ACTION ON UPDATE NO ACTION,
  CONSTRAINT `tags_last_modified_by_foreign` FOREIGN KEY (`last_modified_by`) REFERENCES `users` (`id`) ON DELETE NO ACTION ON UPDATE NO ACTION,
  CONSTRAINT `tags_org_type_id_foreign` FOREIGN KEY (`org_type_id`) REFERENCES `org_types` (`id`) ON DELETE CASCADE ON UPDATE NO ACTION,
  CONSTRAINT `tags_tag_group_id_foreign` FOREIGN KEY (`tag_group_id`) REFERENCES `tag_groups` (`id`) ON DELETE CASCADE ON UPDATE NO ACTION,
  CONSTRAINT `tags_tag_type_id_foreign` FOREIGN KEY (`tag_type_id`) REFERENCES `tag_types` (`id`) ON DELETE CASCADE ON UPDATE NO ACTION
) ENGINE=InnoDB AUTO_INCREMENT=208 DEFAULT CHARSET=utf8mb4 COLLATE=utf8mb4_unicode_ci ROW_FORMAT=COMPACT;
/*!40101 SET character_set_client = @saved_cs_client */;

--
-- Dumping data for table `tags`
--

LOCK TABLES `tags` WRITE;
/*!40000 ALTER TABLE `tags` DISABLE KEYS */;
INSERT INTO `tags` VALUES (1,'Depression',1,1,1,'1',NULL,NULL,'2020-04-22 10:50:19','2020-04-22 10:50:19',NULL),(2,'Anxiety',1,1,1,'1',NULL,NULL,'2020-04-22 10:50:19','2020-04-22 10:50:19',NULL),(3,'Psychosis',1,1,1,'1',NULL,NULL,'2020-04-22 10:50:19','2020-04-22 10:50:19',NULL),(4,'Post-Traumatic Stress Disorder (PTSD)',1,1,1,'1',NULL,NULL,'2020-04-22 10:50:19','2020-04-22 10:50:19',NULL),(5,'Attention Deficit Hyperactive Disorder (ADHD)',1,1,1,'1',NULL,NULL,'2020-04-22 10:50:19','2020-04-22 10:50:19',NULL),(6,'Obsessive Compulsive Disorder (OCD)',1,1,1,'1',NULL,NULL,'2020-04-22 10:50:19','2020-04-22 10:50:19',NULL),(7,'Eating disorder',1,1,1,'1',NULL,NULL,'2020-04-22 10:50:20','2020-04-22 10:50:20',NULL),(8,'Sexual disorder',1,1,1,'1',NULL,NULL,'2020-04-22 10:50:20','2020-04-22 10:50:20',NULL),(9,'Developmental disorder',1,1,1,'1',NULL,NULL,'2020-04-22 10:50:20','2020-04-22 10:50:20',NULL),(10,'Factitious disorder',1,1,1,'1',NULL,NULL,'2020-04-22 10:50:20','2020-04-22 10:50:20',NULL),(11,'Financial Wellness',1,1,1,'1',NULL,NULL,'2020-04-22 10:50:20','2020-04-22 10:50:20',NULL),(12,'Alcohol',1,2,1,'1',NULL,NULL,'2020-04-22 10:53:38','2020-04-22 10:53:38',NULL),(13,'Cocaine',1,2,1,'1',NULL,NULL,'2020-04-22 10:53:38','2020-04-22 10:53:38',NULL),(14,'Nicotine',1,2,1,'1',NULL,NULL,'2020-04-22 10:53:38','2020-04-22 10:53:38',NULL),(15,'Amphetamine',1,2,1,'1',NULL,NULL,'2020-04-22 10:53:38','2020-04-22 10:53:38',NULL),(16,'Opioid',1,2,1,'1',NULL,NULL,'2020-04-22 10:53:38','2020-04-22 10:53:38',NULL),(17,'Cannabis',1,2,1,'1',NULL,NULL,'2020-04-22 10:53:38','2020-04-22 10:53:38',NULL),(18,'Prescription medication',1,2,1,'1',NULL,NULL,'2020-04-22 10:53:38','2020-04-22 10:53:38',NULL),(19,'Hallucinogens',1,2,1,'1',NULL,NULL,'2020-04-22 10:53:38','2020-04-22 10:53:38',NULL),(20,'Diabetes',1,3,1,'1',NULL,NULL,'2020-04-22 10:53:54','2020-04-22 10:53:54',NULL),(21,'Cardiac',1,3,1,'1',NULL,NULL,'2020-04-22 10:53:54','2020-04-22 10:53:54',NULL),(22,'Seizure',1,3,1,'1',NULL,NULL,'2020-04-22 10:53:54','2020-04-22 10:53:54',NULL),(23,'Orthopedic',1,3,1,'1',NULL,NULL,'2020-04-22 10:53:54','2020-04-22 10:53:54',NULL),(24,'Developmental',1,3,1,'1',NULL,NULL,'2020-04-22 10:53:54','2020-04-22 10:53:54',NULL),(25,'Cancer',1,3,1,'1',NULL,NULL,'2020-04-22 10:53:54','2020-04-22 10:53:54',NULL),(26,'Respiratory',1,3,1,'1',NULL,NULL,'2020-04-22 10:53:54','2020-04-22 10:53:54',NULL),(28,'Learning Disability - General',1,4,2,'1',NULL,NULL,'2020-04-22 10:54:54','2020-04-22 10:54:54',NULL),(29,'Learning Disability - Auditory Processing',1,4,2,'1',NULL,NULL,'2020-04-22 10:54:54','2020-04-22 10:54:54',NULL),(30,'Learning Disability - Dyscalculia',1,4,2,'1',NULL,NULL,'2020-04-22 10:54:54','2020-04-22 10:54:54',NULL),(31,'Learning Disability - Dysgraphia',1,4,2,'1',NULL,NULL,'2020-04-22 10:54:54','2020-04-22 10:54:54',NULL),(32,'Learning Disability - Language Processing',1,4,2,'1',NULL,NULL,'2020-04-22 10:54:54','2020-04-22 10:54:54',NULL),(33,'Learning Disability - Non-verbal Disorder',1,4,2,'1',NULL,NULL,'2020-04-22 10:54:54','2020-04-22 10:54:54',NULL),(34,'Learning Disability - Visual Perceptual',1,4,2,'1',NULL,NULL,'2020-04-22 10:54:54','2020-04-22 10:54:54',NULL),(35,'Learning Disability - Dyspraxia',1,4,2,'1',NULL,NULL,'2020-04-22 10:54:54','2020-04-22 10:54:54',NULL),(36,'Learning Disability - Executive Function',1,4,2,'1',NULL,NULL,'2020-04-22 10:54:54','2020-04-22 10:54:54',NULL),(37,'Learning Disability - Dyslexia',1,4,2,'1',NULL,NULL,'2020-04-22 10:54:54','2020-04-22 10:54:54',NULL),(38,'Autistic Spectrum Disorder',1,NULL,2,'1',NULL,NULL,'2020-04-22 10:54:54','2020-04-22 10:54:54',NULL),(39,'Fine Motor Skills / Handwriting',1,NULL,2,'1',NULL,NULL,'2020-04-22 10:54:54','2020-04-22 10:54:54',NULL),(40,'Speech',1,NULL,2,'1',NULL,NULL,'2020-04-22 10:54:54','2020-04-22 10:54:54',NULL),(41,'Social Skills',1,NULL,2,'1',NULL,NULL,'2020-04-22 10:54:54','2020-04-22 10:54:54',NULL),(42,'Emotional disorder',1,NULL,2,'1',NULL,NULL,'2020-04-22 10:54:54','2020-04-22 10:54:54',NULL),(43,'Remote Learning Environment',1,NULL,2,'1',NULL,NULL,'2020-04-22 10:54:54','2020-04-22 10:54:54',NULL),(44,'Aphasia',1,NULL,2,'1',NULL,NULL,'2020-04-22 10:54:54','2020-04-22 10:54:54',NULL),(45,'Spelling',1,NULL,2,'1',NULL,NULL,'2020-04-22 10:54:54','2020-04-22 10:54:54',NULL),(46,'Classroom Accessibility',1,NULL,2,'1',NULL,NULL,'2020-04-22 10:54:54','2020-04-22 10:54:54',NULL),(47,'Communication Skills',1,NULL,2,'1',NULL,NULL,'2020-04-22 10:54:54','2020-04-22 10:54:54',NULL),(48,'Collegiate',1,NULL,3,'1',NULL,NULL,'2020-04-22 10:57:26','2020-04-22 10:57:26',NULL),(49,'High School',1,NULL,3,'1',NULL,NULL,'2020-04-22 10:57:26','2020-04-22 10:57:26',NULL),(50,'Community',1,NULL,3,'1',NULL,NULL,'2020-04-22 10:57:26','2020-04-22 10:57:26',NULL),(51,'Injury',1,NULL,3,'1',NULL,NULL,'2020-04-22 10:57:26','2020-04-22 10:57:26',NULL),(52,'Strength Deficit',1,NULL,3,'1',NULL,NULL,'2020-04-22 10:57:26','2020-04-22 10:57:26',NULL),(53,'Flexibility Deficit',1,NULL,3,'1',NULL,NULL,'2020-04-22 10:57:26','2020-04-22 10:57:26',NULL),(54,'Academic Challenge',1,NULL,3,'1',NULL,NULL,'2020-04-22 10:57:26','2020-04-22 10:57:26',NULL),(55,'Eligibility',1,NULL,3,'1',NULL,NULL,'2020-04-22 10:57:26','2020-04-22 10:57:26',NULL),(56,'Nutritional Deficit',1,NULL,3,'1',NULL,NULL,'2020-04-22 10:57:26','2020-04-22 10:57:26',NULL),(57,'Injury Rehabilitation',1,NULL,3,'1',NULL,NULL,'2020-04-22 10:57:26','2020-04-22 10:57:26',NULL),(58,'Injury Return to Sport',1,NULL,3,'1',NULL,NULL,'2020-04-22 10:57:26','2020-04-22 10:57:26',NULL),(59,'Employee Review',1,NULL,4,'1',NULL,NULL,'2020-04-22 10:59:03','2020-04-22 10:59:03',NULL),(60,'Improvement plan (PIP)',1,NULL,4,'1',NULL,NULL,'2020-04-22 10:59:03','2020-04-22 10:59:03',NULL),(61,'Promotion Preparation',1,NULL,4,'1',NULL,NULL,'2020-04-22 10:59:03','2020-04-22 10:59:03',NULL),(62,'Onboarding Remediation',1,NULL,4,'1',NULL,NULL,'2020-04-22 10:59:03','2020-04-22 10:59:03',NULL),(63,'Onboarding',1,NULL,4,'1',NULL,NULL,'2020-04-22 10:59:03','2020-04-22 10:59:03',NULL),(64,'Skill Acquisition',1,NULL,4,'1',NULL,NULL,'2020-04-22 10:59:03','2020-04-22 10:59:03',NULL),(65,'Skill Enhancement',1,NULL,4,'1',NULL,NULL,'2020-04-22 10:59:03','2020-04-22 10:59:03',NULL),(66,'Fund-raising / Advancement',1,NULL,4,'1',NULL,NULL,'2020-04-22 10:59:03','2020-04-22 10:59:03',NULL),(67,'Time Management ',1,NULL,4,'1',NULL,NULL,'2020-04-22 10:59:03','2020-04-22 10:59:03',NULL),(68,'Emotional Intelligence',1,NULL,4,'1',NULL,NULL,'2020-04-22 10:59:03','2020-04-22 10:59:03',NULL),(69,'Business / Technical Writing',1,NULL,4,'1',NULL,NULL,'2020-04-22 10:59:03','2020-04-22 10:59:03',NULL),(70,'Active Listening / Business Communication',1,NULL,4,'1',NULL,NULL,'2020-04-22 10:59:03','2020-04-22 10:59:03',NULL),(71,'Public Speaking',1,NULL,4,'1',NULL,NULL,'2020-04-22 10:59:03','2020-04-22 10:59:03',NULL),(72,'Negotiation',1,NULL,4,'1',NULL,NULL,'2020-04-22 10:59:03','2020-04-22 10:59:03',NULL),(73,'Sales Prospecting',1,NULL,4,'1',NULL,NULL,'2020-04-22 10:59:03','2020-04-22 10:59:03',NULL),(74,'Sales Closing',1,NULL,4,'1',NULL,NULL,'2020-04-22 10:59:03','2020-04-22 10:59:03',NULL),(75,'Sales Qualification',1,NULL,4,'1',NULL,NULL,'2020-04-22 10:59:03','2020-04-22 10:59:03',NULL),(76,'Quality / Safety',1,NULL,4,'1',NULL,NULL,'2020-04-22 10:59:03','2020-04-22 10:59:03',NULL),(95,'Isolation',2,NULL,1,'1',NULL,NULL,'2020-04-22 11:07:13','2020-04-22 11:07:13',NULL),(96,'Mood',2,NULL,1,'1',NULL,NULL,'2020-04-22 11:07:13','2020-04-22 11:07:13',NULL),(97,'Sleep / Rest',2,NULL,1,'1',NULL,NULL,'2020-04-22 11:07:13','2020-04-22 11:07:13',NULL),(98,'Relationships',2,NULL,1,'1',NULL,NULL,'2020-04-22 11:07:13','2020-04-22 11:07:13',NULL),(99,'Nutrition',2,NULL,1,'1',NULL,NULL,'2020-04-22 11:07:13','2020-04-22 11:07:13',NULL),(100,'Family Engagement',2,NULL,1,'1',NULL,NULL,'2020-04-22 11:07:13','2020-04-22 11:07:13',NULL),(101,'Emotional Regulation',2,NULL,1,'1',NULL,NULL,'2020-04-22 11:07:13','2020-04-22 11:07:13',NULL),(102,'Distress Tolerance',2,NULL,1,'1',NULL,NULL,'2020-04-22 11:07:13','2020-04-22 11:07:13',NULL),(103,'Communication',2,NULL,1,'1',NULL,NULL,'2020-04-22 11:07:13','2020-04-22 11:07:13',NULL),(104,'Environmental Supports',2,NULL,1,'1',NULL,NULL,'2020-04-22 11:07:13','2020-04-22 11:07:13',NULL),(105,'Basic ADLs',2,NULL,1,'1',NULL,NULL,'2020-04-22 11:07:13','2020-04-22 11:07:13',NULL),(106,'Instrumental ADLs',2,NULL,1,'1',NULL,NULL,'2020-04-22 11:07:13','2020-04-22 11:07:13',NULL),(107,'Neurological Rehab',2,NULL,1,'1',NULL,NULL,'2020-04-22 11:07:13','2020-04-22 11:07:13',NULL),(108,'Orthopedic Rehab',2,NULL,1,'1',NULL,NULL,'2020-04-22 11:07:13','2020-04-22 11:07:13',NULL),(109,'Cardiac Rehab',2,NULL,1,'1',NULL,NULL,'2020-04-22 11:07:13','2020-04-22 11:07:13',NULL),(110,'Neonatal Rehab',2,NULL,1,'1',NULL,NULL,'2020-04-22 11:07:13','2020-04-22 11:07:13',NULL),(111,'Reflexes',2,NULL,1,'1',NULL,NULL,'2020-04-22 11:07:13','2020-04-22 11:07:13',NULL),(112,'Work / Productivity',2,NULL,1,'1',NULL,NULL,'2020-04-22 11:07:13','2020-04-22 11:07:13',NULL),(113,'Leisure / Play',2,NULL,1,'1',NULL,NULL,'2020-04-22 11:07:13','2020-04-22 11:07:13',NULL),(114,'Social Participation',2,NULL,1,'1',NULL,NULL,'2020-04-22 11:07:13','2020-04-22 11:07:13',NULL),(115,'Education',2,NULL,1,'1',NULL,NULL,'2020-04-22 11:07:13','2020-04-22 11:07:13',NULL),(116,'Sensory Motor',2,NULL,1,'1',NULL,NULL,'2020-04-22 11:07:13','2020-04-22 11:07:13',NULL),(117,'Socialization',2,NULL,1,'1',NULL,NULL,'2020-04-22 11:07:13','2020-04-22 11:07:13',NULL),(118,'Interpersonal Effectiveness',2,NULL,1,'1',NULL,NULL,'2020-04-22 11:07:13','2020-04-22 11:07:13',NULL),(119,'Reading',2,NULL,2,'1',NULL,NULL,'2020-04-22 11:08:58','2020-04-22 11:08:58',NULL),(120,'Math',2,NULL,2,'1',NULL,NULL,'2020-04-22 11:08:58','2020-04-22 11:08:58',NULL),(121,'Social sciences',2,NULL,2,'1',NULL,NULL,'2020-04-22 11:08:58','2020-04-22 11:08:58',NULL),(122,'Sciences',2,NULL,2,'1',NULL,NULL,'2020-04-22 11:08:58','2020-04-22 11:08:58',NULL),(123,'Career and technical education',2,NULL,2,'1',NULL,NULL,'2020-04-22 11:08:58','2020-04-22 11:08:58',NULL),(124,'Art',2,NULL,2,'1',NULL,NULL,'2020-04-22 11:08:58','2020-04-22 11:08:58',NULL),(125,'Music',2,NULL,2,'1',NULL,NULL,'2020-04-22 11:08:58','2020-04-22 11:08:58',NULL),(126,'Physical Education',2,NULL,2,'1',NULL,NULL,'2020-04-22 11:08:58','2020-04-22 11:08:58',NULL),(127,'Clinical Documentation',2,NULL,2,'1',NULL,NULL,'2020-04-22 11:08:58','2020-04-22 11:08:58',NULL),(128,'Organization',2,NULL,2,'1',NULL,NULL,'2020-04-22 11:08:58','2020-04-22 11:08:58',NULL),(129,'Distance Learning Adaptation',2,NULL,2,'1',NULL,NULL,'2020-04-22 11:08:58','2020-04-22 11:08:58',NULL),(130,'Assignment completion',2,NULL,2,'1',NULL,NULL,'2020-04-22 11:08:58','2020-04-22 11:08:58',NULL),(131,'Citizenship',2,NULL,2,'1',NULL,NULL,'2020-04-22 11:08:58','2020-04-22 11:08:58',NULL),(132,'Language - English',2,NULL,2,'1',NULL,NULL,'2020-04-22 11:08:58','2020-04-22 11:08:58',NULL),(133,'Weight loss',2,NULL,3,'1',NULL,NULL,'2020-04-22 11:10:28','2020-04-22 11:10:28',NULL),(134,'Weight gain',2,NULL,3,'1',NULL,NULL,'2020-04-22 11:10:28','2020-04-22 11:10:28',NULL),(135,'Muscle gain',2,NULL,3,'1',NULL,NULL,'2020-04-22 11:10:28','2020-04-22 11:10:28',NULL),(136,'Stamina',2,NULL,3,'1',NULL,NULL,'2020-04-22 11:10:28','2020-04-22 11:10:28',NULL),(137,'Resolving Injury',2,NULL,3,'1',NULL,NULL,'2020-04-22 11:10:28','2020-04-22 11:10:28',NULL),(139,'Decreasing Anxiety',2,NULL,3,'1',NULL,NULL,'2020-04-22 11:10:28','2020-04-22 11:10:28',NULL),(140,'Managing Depression',2,NULL,3,'1',NULL,NULL,'2020-04-22 11:10:28','2020-04-22 11:10:28',NULL),(141,'Educational Plan',2,NULL,3,'1',NULL,NULL,'2020-04-22 11:10:28','2020-04-22 11:10:28',NULL),(142,'Managing Substance Abuse',2,NULL,3,'1',NULL,NULL,'2020-04-22 11:10:28','2020-04-22 11:10:28',NULL),(143,'Specific Skill Acquisition',2,NULL,3,'1',NULL,NULL,'2020-04-22 11:10:28','2020-04-22 11:10:28',NULL),(144,'Fund-raising',2,NULL,4,'1',NULL,NULL,'2020-04-22 11:11:58','2020-04-22 11:11:58',NULL),(145,'Budget Management',2,NULL,4,'1',NULL,NULL,'2020-04-22 11:11:58','2020-04-22 11:11:58',NULL),(146,'Service Units',2,NULL,4,'1',NULL,NULL,'2020-04-22 11:11:58','2020-04-22 11:11:58',NULL),(147,'Sales',2,NULL,4,'1',NULL,NULL,'2020-04-22 11:11:58','2020-04-22 11:11:58',NULL),(148,'Work-life Integration',2,NULL,4,'1',NULL,NULL,'2020-04-22 11:11:58','2020-04-22 11:11:58',NULL),(149,'Public Speaking',2,NULL,4,'1',NULL,NULL,'2020-04-22 11:11:58','2020-04-22 11:11:58',NULL),(151,'Quality Management',2,NULL,4,'1',NULL,NULL,'2020-04-22 11:11:58','2020-04-22 11:11:58',NULL),(152,'Character Development',2,NULL,4,'1',NULL,NULL,'2020-04-22 11:11:58','2020-04-22 11:11:58',NULL),(153,'Corporate Social Responsibility',2,NULL,4,'1',NULL,NULL,'2020-04-22 11:11:58','2020-04-22 11:11:58',NULL),(154,'Human Resources',2,NULL,4,'1',NULL,NULL,'2020-04-22 11:11:58','2020-04-22 11:11:58',NULL),(155,'Recruitment',2,NULL,4,'1',NULL,NULL,'2020-04-22 11:11:58','2020-04-22 11:11:58',NULL),(156,'Retention',2,NULL,4,'1',NULL,NULL,'2020-04-22 11:11:58','2020-04-22 11:11:58',NULL),(157,'Trauma-Focused Cognitive Behavioral Therapy (TF-CBT)',3,NULL,1,'1',NULL,NULL,'2020-04-22 11:13:39','2020-04-22 11:13:39',NULL),(158,'Eye Movement Rapid Desensitization (EMDR)',3,NULL,1,'1',NULL,NULL,'2020-04-22 11:13:39','2020-04-22 11:13:39',NULL),(159,'Integrated Dual Disorder Treatment (IDDT)',3,NULL,1,'1',NULL,NULL,'2020-04-22 11:13:39','2020-04-22 11:13:39',NULL),(160,'Assertive Community Treatment (ACT)',3,NULL,1,'1',NULL,NULL,'2020-04-22 11:13:39','2020-04-22 11:13:39',NULL),(161,'Individual Placement and Support (IPS)/Supported Employment',3,NULL,1,'1',NULL,NULL,'2020-04-22 11:13:39','2020-04-22 11:13:39',NULL),(162,'MATRIX Model',3,NULL,1,'1',NULL,NULL,'2020-04-22 11:13:39','2020-04-22 11:13:39',NULL),(163,'12-Step Program',3,NULL,1,'1',NULL,NULL,'2020-04-22 11:13:39','2020-04-22 11:13:39',NULL),(164,'Cognitive Behavioral Therapy (CBT)',3,NULL,1,'1',NULL,NULL,'2020-04-22 11:13:39','2020-04-22 11:13:39',NULL),(165,'Dave Ramsey (Financial Wellness Programs)',3,NULL,1,'1',NULL,NULL,'2020-04-22 11:13:39','2020-04-22 11:13:39',NULL),(166,'Fitness Tracker (Fitbit, Apple Health, etc.)',3,NULL,1,'1',NULL,NULL,'2020-04-22 11:13:39','2020-04-22 11:13:39',NULL),(167,'Diet - MyPlatePlan',3,NULL,1,'1',NULL,NULL,'2020-04-22 11:13:39','2020-04-22 11:13:39',NULL),(168,'Diet - South Beach',3,NULL,1,'1',NULL,NULL,'2020-04-22 11:13:39','2020-04-22 11:13:39',NULL),(169,'Diet - WW',3,NULL,1,'1',NULL,NULL,'2020-04-22 11:13:39','2020-04-22 11:13:39',NULL),(170,'Diet - Keto',3,NULL,1,'1',NULL,NULL,'2020-04-22 11:13:39','2020-04-22 11:13:39',NULL),(171,'Diet - Miscellaneous',3,NULL,1,'1',NULL,NULL,'2020-04-22 11:13:39','2020-04-22 11:13:39',NULL),(172,'ESDM',3,NULL,1,'1',NULL,NULL,'2020-04-22 11:13:39','2020-04-22 11:13:39',NULL),(173,'DIR',3,NULL,1,'1',NULL,NULL,'2020-04-22 11:13:39','2020-04-22 11:13:39',NULL),(174,'TBRI',3,NULL,1,'1',NULL,NULL,'2020-04-22 11:13:39','2020-04-22 11:13:39',NULL),(175,'Theraplay',3,NULL,1,'1',NULL,NULL,'2020-04-22 11:13:39','2020-04-22 11:13:39',NULL),(176,'Food Selectivity',3,NULL,1,'1',NULL,NULL,'2020-04-22 11:13:39','2020-04-22 11:13:39',NULL),(177,'OT-SI',3,NULL,1,'1',NULL,NULL,'2020-04-22 11:13:39','2020-04-22 11:13:39',NULL),(178,'Alert Program',3,NULL,1,'1',NULL,NULL,'2020-04-22 11:13:39','2020-04-22 11:13:39',NULL),(179,'Beckman',3,NULL,1,'1',NULL,NULL,'2020-04-22 11:13:39','2020-04-22 11:13:39',NULL),(180,'A Secret',3,NULL,1,'1',NULL,NULL,'2020-04-22 11:13:39','2020-04-22 11:13:39',NULL),(181,'Zones',3,NULL,1,'1',NULL,NULL,'2020-04-22 11:13:39','2020-04-22 11:13:39',NULL),(182,'Sensorimotor Affect & Relationship-based Therapy - SMART',3,NULL,1,'1',NULL,NULL,'2020-04-22 11:13:39','2020-04-22 11:13:39',NULL),(183,'STAR Institute',3,NULL,1,'1',NULL,NULL,'2020-04-22 11:13:40','2020-04-22 11:13:40',NULL),(184,'Hooked on Phonics',3,NULL,2,'1',NULL,NULL,'2020-04-22 11:15:12','2020-04-22 11:15:12',NULL),(185,'Zoophonics',3,NULL,2,'1',NULL,NULL,'2020-04-22 11:15:12','2020-04-22 11:15:12',NULL),(186,'Kahn Academy',3,NULL,2,'1',NULL,NULL,'2020-04-22 11:15:12','2020-04-22 11:15:12',NULL),(187,'Standardized Test Prep Programs',3,NULL,2,'1',NULL,NULL,'2020-04-22 11:15:12','2020-04-22 11:15:12',NULL),(188,'NIDRA Yoga',3,NULL,3,'1',NULL,NULL,'2020-04-22 11:18:22','2020-04-22 11:18:22',NULL),(189,'P90X',3,NULL,3,'1',NULL,NULL,'2020-04-22 11:18:22','2020-04-22 11:18:22',NULL),(190,'CrossFit',3,NULL,3,'1',NULL,NULL,'2020-04-22 11:18:22','2020-04-22 11:18:22',NULL),(191,'The McKenzie Method',3,NULL,3,'1',NULL,NULL,'2020-04-22 11:18:22','2020-04-22 11:18:22',NULL),(192,'The Athlete\'s Plate',3,NULL,3,'1',NULL,NULL,'2020-04-22 11:18:22','2020-04-22 11:18:22',NULL),(193,'Bootcamp',3,NULL,3,'1',NULL,NULL,'2020-04-22 11:18:22','2020-04-22 11:18:22',NULL),(194,'NSCA',3,NULL,3,'1',NULL,NULL,'2020-04-22 11:18:22','2020-04-22 11:18:22',NULL),(195,'EatingDisorderHope.com',3,NULL,3,'1',NULL,NULL,'2020-04-22 11:18:22','2020-04-22 11:18:22',NULL),(196,'ACE Fitness',3,NULL,3,'1',NULL,NULL,'2020-04-22 11:18:22','2020-04-22 11:18:22',NULL),(197,'Calm App',3,NULL,3,'1',NULL,NULL,'2020-04-22 11:18:22','2020-04-22 11:18:22',NULL),(198,'Fitness Tracker',3,NULL,3,'1',NULL,NULL,'2020-04-22 11:18:22','2020-04-22 11:18:22',NULL),(199,'Sleep Tracker',3,NULL,3,'1',NULL,NULL,'2020-04-22 11:18:22','2020-04-22 11:18:22',NULL),(200,'Pilates',3,NULL,3,'1',NULL,NULL,'2020-04-22 11:18:22','2020-04-22 11:18:22',NULL),(201,'Entrepeneurial Operating Systems',3,NULL,4,'1',NULL,NULL,'2020-04-22 11:19:58','2020-04-22 11:19:58',NULL),(202,'Sales Training Program',3,NULL,4,'1',NULL,NULL,'2020-04-22 11:19:58','2020-04-22 11:19:58',NULL),(203,'ISO 9000',3,NULL,4,'1',NULL,NULL,'2020-04-22 11:19:58','2020-04-22 11:19:58',NULL),(204,'ISO 9001',3,NULL,4,'1',NULL,NULL,'2020-04-22 11:19:58','2020-04-22 11:19:58',NULL),(205,'TQM - Total Quality Management',3,NULL,4,'1',NULL,NULL,'2020-04-22 11:19:58','2020-04-22 11:19:58',NULL),(206,'QMS - Quality Management Systems',3,NULL,4,'1',NULL,NULL,'2020-04-22 11:19:58','2020-04-22 11:19:58',NULL),(207,'Self Harm',1,1,1,'1',NULL,NULL,'2020-04-23 15:38:15','2020-04-23 15:38:17',NULL);
/*!40000 ALTER TABLE `tags` ENABLE KEYS */;
UNLOCK TABLES;

--
-- Table structure for table `user_details`
--

DROP TABLE IF EXISTS `user_details`;
/*!40101 SET @saved_cs_client     = @@character_set_client */;
/*!40101 SET character_set_client = utf8 */;
CREATE TABLE `user_details` (
  `id` bigint(20) unsigned NOT NULL AUTO_INCREMENT,
  `gender` enum('M','F','O') COLLATE utf8mb4_unicode_ci DEFAULT NULL COMMENT 'M => Male, F =>\n            Female, O => Other',
  `user_id` bigint(20) unsigned NOT NULL,
  `dob` datetime DEFAULT NULL,
  `program_id` bigint(20) unsigned DEFAULT NULL,
  `provider_id` bigint(20) unsigned DEFAULT NULL,
  `provider_type_id` bigint(20) unsigned DEFAULT NULL,
  `num_users` int(11) DEFAULT NULL,
  `num_providers` int(11) DEFAULT NULL,
  `num_goals` int(11) DEFAULT NULL,
  `num_users_goals` int(11) DEFAULT NULL,
  `avg_goal_change` float DEFAULT NULL,
  `created_by` bigint(20) unsigned DEFAULT NULL,
  `last_modified_by` bigint(20) unsigned DEFAULT NULL,
  `created_at` timestamp NULL DEFAULT NULL,
  `updated_at` timestamp NULL DEFAULT NULL,
  `deleted_at` timestamp NULL DEFAULT NULL,
  PRIMARY KEY (`id`) USING BTREE,
  KEY `user_details_dob_index` (`dob`) USING BTREE,
  KEY `user_details_avg_goal_change_index` (`avg_goal_change`) USING BTREE,
  KEY `user_details_num_goals_index` (`num_goals`) USING BTREE,
  KEY `user_details_num_users_goals_index` (`num_users_goals`) USING BTREE,
  KEY `user_details_num_users_index` (`num_users`) USING BTREE,
  KEY `user_details_created_by_foreign` (`created_by`) USING BTREE,
  KEY `user_details_last_modified_by_foreign` (`last_modified_by`) USING BTREE,
  KEY `user_details_program_id_foreign` (`program_id`) USING BTREE,
  KEY `user_details_provider_id_foreign` (`provider_id`) USING BTREE,
  KEY `user_details_provider_type_id_foreign` (`provider_type_id`) USING BTREE,
  KEY `user_details_user_id_foreign` (`user_id`) USING BTREE,
  CONSTRAINT `user_details_created_by_foreign` FOREIGN KEY (`created_by`) REFERENCES `users` (`id`) ON DELETE CASCADE ON UPDATE CASCADE,
  CONSTRAINT `user_details_last_modified_by_foreign` FOREIGN KEY (`last_modified_by`) REFERENCES `users` (`id`) ON DELETE CASCADE ON UPDATE CASCADE,
  CONSTRAINT `user_details_program_id_foreign` FOREIGN KEY (`program_id`) REFERENCES `programs` (`id`) ON DELETE CASCADE ON UPDATE CASCADE,
  CONSTRAINT `user_details_provider_id_foreign` FOREIGN KEY (`provider_id`) REFERENCES `users` (`id`) ON DELETE CASCADE ON UPDATE CASCADE,
  CONSTRAINT `user_details_provider_type_id_foreign` FOREIGN KEY (`provider_type_id`) REFERENCES `provider_types` (`id`) ON DELETE CASCADE ON UPDATE CASCADE,
  CONSTRAINT `user_details_user_id_foreign` FOREIGN KEY (`user_id`) REFERENCES `users` (`id`) ON DELETE CASCADE ON UPDATE CASCADE
) ENGINE=InnoDB AUTO_INCREMENT=249 DEFAULT CHARSET=utf8mb4 COLLATE=utf8mb4_unicode_ci ROW_FORMAT=COMPACT;
/*!40101 SET character_set_client = @saved_cs_client */;

--
-- Dumping data for table `user_details`
--

LOCK TABLES `user_details` WRITE;
/*!40000 ALTER TABLE `user_details` DISABLE KEYS */;
INSERT INTO `user_details` VALUES (139,NULL,139,NULL,NULL,NULL,NULL,NULL,NULL,NULL,NULL,NULL,1,1,'2020-05-11 22:13:23','2020-05-15 13:07:21',NULL),(140,NULL,140,NULL,NULL,NULL,NULL,25,1,NULL,123,2.62602,1,140,'2020-05-11 22:13:23','2020-06-19 18:23:27',NULL),(141,NULL,141,NULL,38,NULL,20,25,1,NULL,123,2.62602,1,1,'2020-05-11 22:14:19','2020-06-19 18:23:27',NULL),(142,NULL,142,NULL,NULL,NULL,41,NULL,NULL,NULL,NULL,3.2,1,NULL,'2020-05-11 22:15:43','2020-06-19 09:06:11',NULL),(143,'O',143,NULL,NULL,NULL,NULL,NULL,NULL,NULL,5,3,1,NULL,'2020-05-11 22:55:59','2020-06-18 15:34:32',NULL),(144,'M',144,'1994-05-12 00:00:00',NULL,NULL,NULL,NULL,NULL,NULL,5,2.6,1,144,'2020-05-11 22:55:59','2020-06-14 23:36:23',NULL),(145,'F',145,'1996-08-30 00:00:00',NULL,NULL,NULL,NULL,NULL,NULL,5,2.6,1,145,'2020-05-11 22:55:59','2020-06-18 01:54:14',NULL),(146,'O',146,NULL,NULL,NULL,NULL,NULL,NULL,NULL,5,3,1,NULL,'2020-05-11 22:55:59','2020-06-18 17:08:42',NULL),(147,'F',147,'1996-09-05 00:00:00',NULL,NULL,NULL,NULL,NULL,NULL,5,1.6,1,147,'2020-05-11 22:55:59','2020-06-18 15:25:52',NULL),(148,'O',148,'1996-03-01 00:00:00',NULL,NULL,NULL,NULL,NULL,NULL,5,2.6,1,148,'2020-05-11 22:55:59','2020-06-18 12:06:13',NULL),(149,'F',149,'1997-08-20 00:00:00',NULL,NULL,NULL,NULL,NULL,NULL,5,2.8,1,149,'2020-05-11 22:55:59','2020-06-17 00:26:19',NULL),(150,'F',150,'1997-01-29 00:00:00',NULL,NULL,NULL,NULL,NULL,NULL,5,3,1,141,'2020-05-11 22:55:59','2020-06-18 16:44:58',NULL),(151,'F',151,'1996-10-22 00:00:00',NULL,NULL,NULL,NULL,NULL,NULL,5,2.4,1,151,'2020-05-11 22:55:59','2020-06-18 12:16:04',NULL),(152,'F',152,'1989-09-05 00:00:00',NULL,NULL,NULL,NULL,NULL,NULL,5,2.8,1,152,'2020-05-11 22:55:59','2020-06-18 20:23:35',NULL),(153,'O',153,NULL,NULL,NULL,NULL,NULL,NULL,NULL,5,2.6,1,NULL,'2020-05-11 22:55:59','2020-06-15 01:19:20',NULL),(154,'O',154,NULL,NULL,NULL,NULL,NULL,NULL,NULL,5,3.8,1,NULL,'2020-05-11 22:55:59','2020-06-19 14:20:25',NULL),(155,'O',155,NULL,NULL,NULL,NULL,NULL,NULL,NULL,5,2.6,1,NULL,'2020-05-11 22:55:59','2020-06-18 16:00:31',NULL),(156,'O',156,NULL,NULL,NULL,NULL,NULL,NULL,NULL,5,3,1,NULL,'2020-05-11 22:55:59','2020-06-14 23:15:56',NULL),(157,'F',157,'1997-08-03 00:00:00',NULL,NULL,NULL,NULL,NULL,NULL,5,2.4,1,157,'2020-05-11 22:55:59','2020-06-15 00:51:18',NULL),(158,'F',158,'1997-08-05 00:00:00',NULL,NULL,NULL,NULL,NULL,NULL,5,2.2,1,158,'2020-05-11 22:55:59','2020-06-18 03:18:06',NULL),(159,'F',159,'1991-03-05 00:00:00',NULL,NULL,NULL,NULL,NULL,NULL,5,2.8,1,159,'2020-05-11 22:55:59','2020-06-11 22:11:07',NULL),(160,'F',160,'1995-05-10 00:00:00',NULL,NULL,NULL,NULL,NULL,NULL,5,1.4,1,160,'2020-05-11 22:55:59','2020-06-17 19:40:40',NULL),(161,'O',161,'2020-02-01 00:00:00',NULL,NULL,NULL,NULL,NULL,NULL,5,2.8,1,1,'2020-05-11 22:55:59','2020-06-18 22:26:39',NULL),(162,'F',162,'1997-05-09 00:00:00',NULL,NULL,NULL,NULL,NULL,NULL,5,3,1,162,'2020-05-11 22:55:59','2020-06-17 21:30:10',NULL),(163,'O',163,NULL,NULL,NULL,NULL,NULL,NULL,NULL,5,2,1,NULL,'2020-05-11 22:55:59','2020-06-18 22:36:47',NULL),(164,'O',164,NULL,NULL,NULL,NULL,NULL,NULL,NULL,5,2.6,1,NULL,'2020-05-11 22:55:59','2020-06-07 18:56:14',NULL),(165,'O',165,NULL,NULL,NULL,NULL,NULL,NULL,NULL,5,2.8,1,NULL,'2020-05-11 22:55:59','2020-06-18 11:41:57',NULL),(167,'M',167,'2008-10-31 00:00:00',NULL,NULL,NULL,NULL,NULL,NULL,3,1.66667,140,167,'2020-05-12 10:56:00','2020-06-17 12:46:54',NULL),(168,NULL,168,NULL,NULL,NULL,NULL,NULL,NULL,NULL,NULL,NULL,2,2,'2020-05-22 16:50:11','2020-06-15 22:59:41',NULL),(169,NULL,169,NULL,NULL,NULL,NULL,6,5,NULL,13,1.30769,2,2,'2020-05-22 16:51:43','2020-07-21 20:29:46',NULL),(170,NULL,170,NULL,NULL,NULL,3,1,NULL,NULL,4,0.75,2,2,'2020-05-22 16:54:44','2020-07-21 20:29:46',NULL),(171,NULL,171,NULL,NULL,NULL,2,2,NULL,NULL,3,1,2,168,'2020-05-22 16:56:26','2020-06-29 12:21:50',NULL),(172,NULL,172,NULL,NULL,NULL,34,0,NULL,NULL,NULL,NULL,2,2,'2020-05-22 16:57:39','2020-05-22 16:57:49',NULL),(173,NULL,173,NULL,NULL,NULL,20,4,NULL,NULL,6,1.83333,2,2,'2020-05-22 16:59:16','2020-07-28 13:54:05',NULL),(174,'F',174,'1990-02-06 00:00:00',NULL,NULL,NULL,NULL,NULL,NULL,2,1,2,168,'2020-05-22 17:06:56','2020-06-29 12:21:50',NULL),(175,'M',175,'1991-03-14 00:00:00',NULL,NULL,NULL,NULL,NULL,NULL,4,0.75,2,169,'2020-05-22 17:09:38','2020-07-28 13:54:05',NULL),(176,NULL,176,NULL,NULL,NULL,NULL,NULL,NULL,NULL,NULL,NULL,4,4,'2020-06-05 04:20:07','2020-06-05 04:21:14',NULL),(177,NULL,177,NULL,NULL,NULL,NULL,3,1,NULL,3,1.33333,4,4,'2020-06-05 04:23:00','2020-07-08 20:22:34',NULL),(178,NULL,178,NULL,NULL,NULL,NULL,4,2,NULL,4,0.5,4,4,'2020-06-05 04:24:21','2020-07-08 20:20:23',NULL),(179,NULL,179,NULL,NULL,NULL,63,3,NULL,NULL,3,1.33333,4,4,'2020-06-05 04:30:30','2020-07-08 20:22:34',NULL),(180,NULL,180,NULL,NULL,NULL,59,2,NULL,NULL,3,0.666667,4,4,'2020-06-05 04:41:13','2020-06-26 13:44:35',NULL),(181,NULL,181,NULL,NULL,NULL,58,3,NULL,NULL,1,0,4,4,'2020-06-05 04:42:53','2020-07-08 20:20:23',NULL),(182,'M',182,'2020-03-28 00:00:00',NULL,NULL,NULL,NULL,NULL,NULL,2,2,4,4,'2020-06-05 04:48:27','2020-07-08 20:22:34',NULL),(183,'M',183,'2013-05-28 00:00:00',NULL,NULL,NULL,NULL,NULL,NULL,0,0,4,2,'2020-06-05 04:50:30','2020-07-08 20:20:48',NULL),(184,'F',184,'2020-06-04 00:00:00',NULL,NULL,NULL,NULL,NULL,NULL,1,0,4,4,'2020-06-05 04:52:35','2020-06-11 20:29:51',NULL),(185,'F',185,'2016-06-28 00:00:00',NULL,NULL,NULL,NULL,NULL,NULL,4,0.5,4,4,'2020-06-05 04:55:03','2020-06-05 18:34:17',NULL),(186,'O',186,'2020-06-02 00:00:00',NULL,NULL,NULL,NULL,NULL,NULL,NULL,NULL,4,4,'2020-06-05 04:56:57','2020-06-05 04:57:17',NULL),(187,'M',187,'2011-03-03 00:00:00',NULL,NULL,NULL,NULL,NULL,NULL,2,1.5,2,2,'2020-06-15 13:46:56','2020-06-24 12:22:05',NULL),(188,'F',188,'2001-03-03 00:00:00',NULL,NULL,NULL,NULL,NULL,NULL,2,1.5,2,2,'2020-06-15 13:49:36','2020-06-15 22:46:41',NULL),(189,'M',189,'2011-03-03 00:00:00',NULL,NULL,NULL,NULL,NULL,NULL,2,2.5,2,2,'2020-06-15 14:03:36','2020-06-15 22:56:04',NULL),(190,'F',190,'1999-07-26 00:00:00',NULL,NULL,NULL,NULL,NULL,NULL,1,1,168,168,'2020-06-23 17:57:45','2020-06-29 12:17:13',NULL),(191,NULL,191,NULL,NULL,NULL,2,0,NULL,NULL,NULL,NULL,168,168,'2020-06-24 12:54:57','2020-07-30 17:21:41',NULL),(192,NULL,192,NULL,NULL,NULL,NULL,NULL,NULL,NULL,NULL,NULL,168,168,'2020-06-29 12:05:19','2020-07-23 20:44:56',NULL),(193,NULL,193,NULL,NULL,NULL,NULL,48,1,NULL,0,0,2,NULL,'2020-07-20 22:42:08','2020-08-03 13:12:44',NULL),(194,NULL,194,NULL,NULL,NULL,20,48,NULL,NULL,0,0,2,194,'2020-07-20 22:43:58','2020-08-03 17:55:03',NULL),(195,NULL,195,NULL,NULL,NULL,NULL,2,2,NULL,3,2,4,NULL,'2020-07-26 21:05:53','2020-07-30 20:59:58',NULL),(196,NULL,196,NULL,NULL,NULL,34,1,NULL,NULL,1,2,4,NULL,'2020-07-26 21:09:16','2020-07-28 02:46:32',NULL),(197,NULL,197,NULL,NULL,NULL,34,1,NULL,NULL,2,2,4,NULL,'2020-07-26 21:10:21','2020-07-30 20:59:58',NULL),(198,'F',198,'2020-07-26 00:00:00',NULL,NULL,NULL,NULL,NULL,NULL,1,2,4,198,'2020-07-26 21:11:54','2020-07-28 02:46:32',NULL),(199,'F',199,'2020-07-26 00:00:00',NULL,NULL,NULL,NULL,NULL,NULL,2,2,4,NULL,'2020-07-26 21:13:14','2020-07-30 20:59:58',NULL),(200,'O',200,'2020-07-31 00:00:00',NULL,NULL,NULL,NULL,NULL,NULL,NULL,NULL,4,4,'2020-07-31 13:22:39','2020-07-31 14:20:42',NULL),(201,'O',201,'2020-07-31 00:00:00',NULL,NULL,NULL,NULL,NULL,NULL,NULL,NULL,4,4,'2020-07-31 13:24:49','2020-07-31 14:21:12',NULL),(202,'O',202,'2020-07-31 00:00:00',NULL,NULL,NULL,NULL,NULL,NULL,NULL,NULL,4,4,'2020-07-31 13:55:06','2020-07-31 14:21:32',NULL),(203,'O',203,'2020-07-31 00:00:00',NULL,NULL,NULL,NULL,NULL,NULL,NULL,NULL,4,4,'2020-07-31 13:56:53','2020-07-31 14:21:55',NULL),(204,'O',204,'2020-07-31 00:00:00',NULL,NULL,NULL,NULL,NULL,NULL,NULL,NULL,4,4,'2020-07-31 14:34:33','2020-07-31 14:35:05',NULL),(205,'O',205,'2020-05-01 00:00:00',NULL,NULL,NULL,NULL,NULL,NULL,0,0,2,4,'2020-07-31 14:57:40','2020-08-03 13:12:44',NULL),(206,'O',206,'2020-07-31 00:00:00',NULL,NULL,NULL,NULL,NULL,NULL,NULL,NULL,4,NULL,'2020-08-03 01:08:07','2020-08-03 01:08:07',NULL),(207,'O',207,'2020-07-31 00:00:00',NULL,NULL,NULL,NULL,NULL,NULL,NULL,NULL,4,NULL,'2020-08-03 01:09:37','2020-08-03 01:09:37',NULL),(208,'O',208,'2020-07-31 00:00:00',NULL,NULL,NULL,NULL,NULL,NULL,NULL,NULL,4,NULL,'2020-08-03 01:10:45','2020-08-03 01:10:45',NULL),(209,'O',209,'2020-07-31 00:00:00',NULL,NULL,NULL,NULL,NULL,NULL,NULL,NULL,4,NULL,'2020-08-03 01:11:53','2020-08-03 01:11:53',NULL),(210,'O',210,'2020-07-31 00:00:00',NULL,NULL,NULL,NULL,NULL,NULL,NULL,NULL,4,NULL,'2020-08-03 01:12:53','2020-08-03 01:12:53',NULL),(211,'O',211,'2020-07-31 00:00:00',NULL,NULL,NULL,NULL,NULL,NULL,NULL,NULL,4,NULL,'2020-08-03 01:17:40','2020-08-03 01:17:40',NULL),(212,'O',212,'2020-07-31 00:00:00',NULL,NULL,NULL,NULL,NULL,NULL,NULL,NULL,4,NULL,'2020-08-03 01:19:04','2020-08-03 01:19:04',NULL),(213,'O',213,'2020-07-31 00:00:00',NULL,NULL,NULL,NULL,NULL,NULL,NULL,NULL,4,NULL,'2020-08-03 01:20:26','2020-08-03 01:20:26',NULL),(214,'O',214,'2020-07-31 00:00:00',NULL,NULL,NULL,NULL,NULL,NULL,NULL,NULL,4,NULL,'2020-08-03 01:21:32','2020-08-03 01:21:32',NULL),(215,'O',215,'2020-07-31 00:00:00',NULL,NULL,NULL,NULL,NULL,NULL,NULL,NULL,4,NULL,'2020-08-03 01:23:11','2020-08-03 01:23:11',NULL),(216,'O',216,'2020-07-31 00:00:00',NULL,NULL,NULL,NULL,NULL,NULL,NULL,NULL,4,NULL,'2020-08-03 01:24:22','2020-08-03 01:24:22',NULL),(217,'O',217,'2020-07-31 00:00:00',NULL,NULL,NULL,NULL,NULL,NULL,NULL,NULL,4,NULL,'2020-08-03 01:25:18','2020-08-03 01:25:18',NULL),(218,'F',218,'1997-04-12 00:00:00',NULL,NULL,NULL,NULL,NULL,NULL,0,0,4,218,'2020-08-03 01:26:18','2020-08-03 20:29:43',NULL),(219,'O',219,'2020-07-31 00:00:00',NULL,NULL,NULL,NULL,NULL,NULL,NULL,NULL,4,NULL,'2020-08-03 01:27:15','2020-08-03 01:27:15',NULL),(220,'O',220,'2020-07-31 00:00:00',NULL,NULL,NULL,NULL,NULL,NULL,NULL,NULL,4,NULL,'2020-08-03 01:28:25','2020-08-03 01:28:25',NULL),(221,'O',221,'2020-07-31 00:00:00',NULL,NULL,NULL,NULL,NULL,NULL,NULL,NULL,4,NULL,'2020-08-03 01:29:19','2020-08-03 01:29:19',NULL),(222,'O',222,'2020-07-31 00:00:00',NULL,NULL,NULL,NULL,NULL,NULL,NULL,NULL,4,NULL,'2020-08-03 01:30:50','2020-08-03 01:30:50',NULL),(223,'O',223,'2020-07-31 00:00:00',NULL,NULL,NULL,NULL,NULL,NULL,NULL,NULL,4,NULL,'2020-08-03 01:32:12','2020-08-03 01:32:12',NULL),(224,'O',224,'2020-07-31 00:00:00',NULL,NULL,NULL,NULL,NULL,NULL,NULL,NULL,4,NULL,'2020-08-03 01:33:16','2020-08-03 01:33:16',NULL),(225,'O',225,'2020-07-31 00:00:00',NULL,NULL,NULL,NULL,NULL,NULL,NULL,NULL,4,NULL,'2020-08-03 01:36:13','2020-08-03 01:36:13',NULL),(226,'O',226,'2020-07-31 00:00:00',NULL,NULL,NULL,NULL,NULL,NULL,NULL,NULL,4,NULL,'2020-08-03 01:37:25','2020-08-03 01:37:25',NULL),(227,'O',227,'2020-07-31 00:00:00',NULL,NULL,NULL,NULL,NULL,NULL,NULL,NULL,4,NULL,'2020-08-03 01:39:25','2020-08-03 01:39:25',NULL),(228,'O',228,'2020-07-31 00:00:00',NULL,NULL,NULL,NULL,NULL,NULL,NULL,NULL,4,NULL,'2020-08-03 01:40:24','2020-08-03 01:40:24',NULL),(229,'O',229,'2020-07-31 00:00:00',NULL,NULL,NULL,NULL,NULL,NULL,NULL,NULL,4,NULL,'2020-08-03 01:41:20','2020-08-03 01:41:20',NULL),(230,'O',230,'2020-07-31 00:00:00',NULL,NULL,NULL,NULL,NULL,NULL,NULL,NULL,4,NULL,'2020-08-03 01:42:25','2020-08-03 01:42:25',NULL),(231,'O',231,'2020-07-31 00:00:00',NULL,NULL,NULL,NULL,NULL,NULL,NULL,NULL,4,NULL,'2020-08-03 01:43:30','2020-08-03 01:43:30',NULL),(232,'O',232,'2020-07-31 00:00:00',NULL,NULL,NULL,NULL,NULL,NULL,NULL,NULL,4,NULL,'2020-08-03 01:44:23','2020-08-03 01:44:23',NULL),(233,'O',233,'2020-07-31 00:00:00',NULL,NULL,NULL,NULL,NULL,NULL,NULL,NULL,4,NULL,'2020-08-03 01:45:21','2020-08-03 01:45:21',NULL),(234,'O',234,'2020-07-31 00:00:00',NULL,NULL,NULL,NULL,NULL,NULL,NULL,NULL,4,NULL,'2020-08-03 01:46:16','2020-08-03 01:46:16',NULL),(235,'O',235,'2020-07-31 00:00:00',NULL,NULL,NULL,NULL,NULL,NULL,NULL,NULL,4,NULL,'2020-08-03 01:47:12','2020-08-03 01:47:12',NULL),(236,'O',236,'2020-07-31 00:00:00',NULL,NULL,NULL,NULL,NULL,NULL,NULL,NULL,4,NULL,'2020-08-03 01:48:09','2020-08-03 01:48:09',NULL),(237,'O',237,'2020-07-31 00:00:00',NULL,NULL,NULL,NULL,NULL,NULL,NULL,NULL,4,NULL,'2020-08-03 01:49:10','2020-08-03 01:49:10',NULL),(238,'O',238,'2020-07-31 00:00:00',NULL,NULL,NULL,NULL,NULL,NULL,NULL,NULL,4,NULL,'2020-08-03 01:50:06','2020-08-03 01:50:06',NULL),(239,'O',239,'2020-07-31 00:00:00',NULL,NULL,NULL,NULL,NULL,NULL,NULL,NULL,4,NULL,'2020-08-03 01:51:08','2020-08-03 01:51:08',NULL),(240,'O',240,'2020-07-31 00:00:00',NULL,NULL,NULL,NULL,NULL,NULL,NULL,NULL,4,NULL,'2020-08-03 01:52:03','2020-08-03 01:52:03',NULL),(241,'O',241,'2020-07-31 00:00:00',NULL,NULL,NULL,NULL,NULL,NULL,NULL,NULL,4,NULL,'2020-08-03 01:52:57','2020-08-03 01:52:57',NULL),(242,'O',242,'2020-07-31 00:00:00',NULL,NULL,NULL,NULL,NULL,NULL,NULL,NULL,4,NULL,'2020-08-03 01:54:03','2020-08-03 01:54:03',NULL),(243,'O',243,'2020-07-31 00:00:00',NULL,NULL,NULL,NULL,NULL,NULL,NULL,NULL,4,NULL,'2020-08-03 01:55:00','2020-08-03 01:55:00',NULL),(244,'F',244,'2020-07-31 00:00:00',NULL,NULL,NULL,NULL,NULL,NULL,0,0,4,244,'2020-08-03 01:56:04','2020-08-05 18:28:51',NULL),(245,'O',245,'2020-07-31 00:00:00',NULL,NULL,NULL,NULL,NULL,NULL,NULL,NULL,4,NULL,'2020-08-03 01:59:13','2020-08-03 01:59:13',NULL),(246,'O',246,'2020-07-31 00:00:00',NULL,NULL,NULL,NULL,NULL,NULL,NULL,NULL,4,NULL,'2020-08-03 02:00:14','2020-08-03 02:00:14',NULL),(247,'O',247,'2020-07-31 00:00:00',NULL,NULL,NULL,NULL,NULL,NULL,NULL,NULL,4,NULL,'2020-08-03 02:01:23','2020-08-03 02:01:23',NULL),(248,'O',248,'2020-07-31 00:00:00',NULL,NULL,NULL,NULL,NULL,NULL,NULL,NULL,4,NULL,'2020-08-03 02:02:13','2020-08-03 02:02:13',NULL);
/*!40000 ALTER TABLE `user_details` ENABLE KEYS */;
UNLOCK TABLES;

--
-- Table structure for table `users`
--

DROP TABLE IF EXISTS `users`;
/*!40101 SET @saved_cs_client     = @@character_set_client */;
/*!40101 SET character_set_client = utf8 */;
CREATE TABLE `users` (
  `id` bigint(20) unsigned NOT NULL AUTO_INCREMENT,
  `image` varchar(191) COLLATE utf8mb4_unicode_ci DEFAULT NULL,
  `logo_image` varchar(191) COLLATE utf8mb4_unicode_ci DEFAULT NULL,
  `first_name` varchar(191) COLLATE utf8mb4_unicode_ci NOT NULL,
  `last_name` varchar(191) COLLATE utf8mb4_unicode_ci NOT NULL,
  `user_type_id` bigint(20) unsigned NOT NULL,
  `email` varchar(191) COLLATE utf8mb4_unicode_ci NOT NULL,
  `email_verified_at` timestamp NULL DEFAULT NULL,
  `password` varchar(191) COLLATE utf8mb4_unicode_ci DEFAULT NULL,
  `phone` varchar(191) COLLATE utf8mb4_unicode_ci NOT NULL,
  `address` longtext COLLATE utf8mb4_unicode_ci,
  `city` varchar(191) COLLATE utf8mb4_unicode_ci DEFAULT NULL,
  `state_id` bigint(20) unsigned DEFAULT NULL,
  `zip` varchar(191) COLLATE utf8mb4_unicode_ci DEFAULT NULL,
  `record_num` varchar(191) COLLATE utf8mb4_unicode_ci DEFAULT NULL,
  `organization_id` bigint(20) unsigned DEFAULT NULL,
  `notes` longtext COLLATE utf8mb4_unicode_ci,
  `last_login` datetime DEFAULT NULL,
  `is_active` enum('0','1') COLLATE utf8mb4_unicode_ci NOT NULL DEFAULT '1' COMMENT '0=>Blocked, 1=>Active',
  `inactive_date` date DEFAULT NULL,
  `created_by` bigint(20) unsigned DEFAULT NULL,
  `last_modified_by` bigint(20) unsigned DEFAULT NULL,
  `remember_token` varchar(100) COLLATE utf8mb4_unicode_ci DEFAULT NULL,
  `created_at` timestamp NULL DEFAULT NULL,
  `updated_at` timestamp NULL DEFAULT NULL,
  `deleted_at` timestamp NULL DEFAULT NULL,
  PRIMARY KEY (`id`) USING BTREE,
  UNIQUE KEY `users_email_unique` (`email`) USING BTREE,
  KEY `users_first_name_index` (`first_name`) USING BTREE,
  KEY `users_last_name_index` (`last_name`) USING BTREE,
  KEY `users_email_verified_at_index` (`email_verified_at`) USING BTREE,
  KEY `users_password_index` (`password`) USING BTREE,
  KEY `users_phone_index` (`phone`) USING BTREE,
  KEY `users_city_index` (`city`) USING BTREE,
  KEY `users_zip_index` (`zip`) USING BTREE,
  KEY `users_record_num_index` (`record_num`) USING BTREE,
  KEY `users_image_index` (`image`) USING BTREE,
  KEY `users_last_login_index` (`last_login`) USING BTREE,
  KEY `users_organization_id_foreign` (`organization_id`) USING BTREE,
  KEY `users_state_id_foreign` (`state_id`) USING BTREE,
  KEY `users_user_type_id_foreign` (`user_type_id`) USING BTREE,
  CONSTRAINT `users_organization_id_foreign` FOREIGN KEY (`organization_id`) REFERENCES `organizations` (`id`) ON DELETE CASCADE ON UPDATE CASCADE,
  CONSTRAINT `users_state_id_foreign` FOREIGN KEY (`state_id`) REFERENCES `states` (`id`) ON DELETE CASCADE ON UPDATE CASCADE,
  CONSTRAINT `users_user_type_id_foreign` FOREIGN KEY (`user_type_id`) REFERENCES `users_types` (`id`) ON DELETE CASCADE ON UPDATE CASCADE
) ENGINE=InnoDB AUTO_INCREMENT=249 DEFAULT CHARSET=utf8mb4 COLLATE=utf8mb4_unicode_ci ROW_FORMAT=COMPACT;
/*!40101 SET character_set_client = @saved_cs_client */;

--
-- Dumping data for table `users`
--

LOCK TABLES `users` WRITE;
/*!40000 ALTER TABLE `users` DISABLE KEYS */;
INSERT INTO `users` VALUES (1,'1588455640_WMU_HHS_LrgThumb-event_photo.jpg','1593175751_firework.jfif','WMU','Admin',1,'admin@wmu.com',NULL,'$2y$10$mGCNOSMvSbaGUPD22GjjRO.s6isYYD7nj7JxCCcytpxFJUJoYFdmm','(545) 454-5454','yrt','rty',4,'55555','65',NULL,NULL,'2020-08-18 12:10:50','1',NULL,NULL,1,NULL,'2020-04-20 16:14:01','2020-08-18 16:10:50',NULL),(2,'1588512464_harrison_jennifer-_SSW_150_0.jpg','1591908844_Goal Scaling Solutions logo.png','Jennifer','Harrison',1,'jennifer.harrison@wmich.edu',NULL,'$2y$10$BZJVoPYZQ8sByCaZ.nqf7exsAskLAOgD2C53I8vkSiRDsqnusCT1e','2693482556','1903 W. Michigan','Kalamazoo',22,'49008','NA',NULL,NULL,'2020-08-19 11:46:58','1',NULL,NULL,2,'NDrrL1wZ6SsfGIX1EXQynCBp0nBEDs1hUpebzksPn3Vr77caIYu4V0JmFcc5','2020-04-20 16:14:01','2020-08-19 15:46:58',NULL),(3,'1588512437_Ann.Chapleau_0_0.jpg',NULL,'Ann','Admin',1,'ann-admin@wmu.com',NULL,'$2y$10$mGCNOSMvSbaGUPD22GjjRO.s6isYYD7nj7JxCCcytpxFJUJoYFdmm','5454545454','yrt','rty',4,'56456','65',NULL,NULL,'2020-05-12 07:50:10','1',NULL,NULL,3,NULL,'2020-04-20 16:14:01','2020-05-12 11:50:10',NULL),(4,'1588614695_3-D Gold CC Coin Reverse.jpg',NULL,'Super Amy','Admin Courter',1,'amy-admin@wmu.com',NULL,'$2y$10$mGCNOSMvSbaGUPD22GjjRO.s6isYYD7nj7JxCCcytpxFJUJoYFdmm','5862463940','abcasdfasdf12321212 fvsf','def',4,'12323','asdf asdfasdfq244234',NULL,NULL,'2020-08-03 18:30:32','1',NULL,NULL,4,NULL,'2020-04-20 16:14:01','2020-08-03 22:30:32',NULL),(139,'noImg.jpg',NULL,'Amy','Courter',5,'Amy@NexusBusiness.com',NULL,'$2y$10$2qo5RaUndx5gfzxmZJzYJOZGo51eJzWREqBXmRq/38nwIQ4nzfUzK','5862463940','1535 Grand Ave','Kalamazoo',22,'49006','0',23,NULL,'2020-07-31 09:11:43','1',NULL,1,1,'lk6pMjYnzAsWgHvx7k7aqBIdg73Mbs56DvSrLVIiBW7sT4S4W8duAfawMaM3','2020-05-11 22:13:22','2020-07-31 13:11:43',NULL),(140,'1589293243_IMG_2065.JPG',NULL,'Jennifer','Harrison - Sup.',2,'mindnmines@hotmail.com',NULL,'$2y$10$Ub.PDBhegjl5.dNZq3YXEOBYojSarrssN6wCaz4Z5wwkkmtyCqnmy','2693482556','4434 CHHS Office, 1903 W. Michigan Ave','Kalamazoo',22,'49008','0',23,NULL,'2020-05-12 07:11:14','1',NULL,1,140,'ixXC2Syod8ofyeZeqW2YoQWLLbS9ZgO7qg1oNvctckyNuLKozCMj164PbuOy','2020-05-11 22:14:19','2020-05-12 14:27:32',NULL),(141,'noImg.jpg',NULL,'Ann','Chapleau',3,'ann.chapleau@wmich.edu',NULL,'$2y$10$auV3O5AVGywFoWGGsQ/9ru3JYp9zgFB2XUEpdN8MXvv5GAn9XQTyS','2695670485','3420 CHHS Office, 1903 W. Michigan Ave','Kalamazoo',22,'49008','0',23,NULL,'2020-07-30 14:50:46','1',NULL,1,1,'8sxT6pPnHk5P9JVoExXVA3SQn95qaeUF8NunNmJURjaDy0M3wgQmJBiudhD8','2020-05-11 22:15:43','2020-07-30 18:50:46',NULL),(142,'noImg.jpg','','Samantha','Bierlein',4,'Samantha.a.bierlein@wmich.edu',NULL,'$2y$10$xFU8cR4rD7/J4C.RFQSFyOw9sK8AIZBgT5wuhHOsDTYv.zP8w.zqK','1234567890','1903 W Michigan','Kalamazoo',22,'49006','0',23,'','2020-06-19 05:02:47','1',NULL,1,NULL,'tH7r09QlTShMD2jzLhoKssuYLI2rJQeUVxrrALJaRbipKJK4h8Y8znj3nBoH','2020-05-11 04:00:00','2020-06-19 09:02:47',NULL),(143,'noImg.jpg','','Kayleigh','Binder',4,'Kayleigh.e.binder@wmich.edu',NULL,'$2y$10$VjQIxEDSLI5ZyR/iwW7LKe.1iKIdFVmM/44a7grW4kQkxqaZOAkDS','1234567890','1903 W Michigan','Kalamazoo',22,'49006','0',23,'','2020-06-22 17:22:25','1',NULL,1,NULL,'SLt1mAYz6KA1CcrZULrc16TNIaqRHhh3fdTXhBT3oVHpzMKPI0tbe2eqFokp','2020-05-11 04:00:00','2020-06-22 21:22:25',NULL),(144,'noImg.jpg','','Mackenzie','Boyer',4,'mackenzie.g.boyer@wmich.edu',NULL,'$2y$10$xYOF6BBHNRDJknP6Vyz9Wuqc.595UkDKdKX3LBJFlSuzZr.6.99IW','2486721057','200 Ionia Ave SW','Grand Rapids',22,'49503','0',23,'','2020-06-17 17:17:10','1',NULL,1,144,'3OaqUgQDtiUzlIc2ijVcHQueEOFAMRwqPy2vs7eYD2ZbQMCDGqLP4Vy9jsuy','2020-05-11 04:00:00','2020-06-17 21:17:10',NULL),(145,'noImg.jpg','','Hannah','Carl',4,'hannah.i.carl@wmich.edu',NULL,'$2y$10$NtTI5poIJETj4VQ0FAA7d.SAUclHwVD9tMyEXAQYffgXRuhTc/cLi','6164036404','17247 Lake Ct','Holland',22,'49424','0',23,'','2020-06-23 07:31:03','1',NULL,1,145,'P2Kzop5ZEYE47d17Wi3V3qcWlFRE8a0mBcTo9a5kLzYXpIVyOs8mWufQZ5at','2020-05-11 04:00:00','2020-06-23 11:31:03',NULL),(146,'noImg.jpg','','Torie','Fagan',4,'torie.j.fagan@wmich.edu',NULL,'$2y$10$u/IeyWbWRZ50X.MGcjnJBOsor9ugLD1Qg7/uq/TJyyrtUrdv32nXO','1234567890','1903 W Michigan','Kalamazoo',22,'49006','0',23,'','2020-06-18 13:00:11','1',NULL,1,NULL,'TP6zqAWPTTnXnBWBbtSEqOQrZA0D6grllUC95kHTrq0IB4bQpkoNPgGM3nDk','2020-05-11 04:00:00','2020-06-18 17:00:11',NULL),(147,'noImg.jpg','','Kristin','Foresman',4,'kristin.a.foresman@wmich.edu',NULL,'$2y$10$3Hc3w3S.Y7u/VKcdUTZjROlUYpEQFhSDYp3LehI6f27ko5UKBFbO2','3178294595','740 Gettysburg Ct.','Indianapolis',14,'49546','0',23,NULL,'2020-06-22 23:32:50','1',NULL,1,147,NULL,'2020-05-11 04:00:00','2020-06-23 03:32:50',NULL),(148,'noImg.jpg','','Stacey','Goebel',4,'Stacey.m.goebel@wmich.edu',NULL,'$2y$10$2I3k7StWcTsxUhnYReeg.utzdllM2kS9U3nIf1YyX0TdpRJ0vW7A.','2489777754','2200 Sandpiper Pt NE Apt 4','Grand Rapids',22,'49505','0',23,'','2020-06-18 08:03:34','1',NULL,1,148,'CwHv9ngK1ekDVujp61MEPjdYU2meK0jS7RwhjLi3vTkHVJGSZoI3FiButD96','2020-05-11 04:00:00','2020-06-18 12:03:34',NULL),(149,'noImg.jpg','','Hannah','Greig',4,'Hannah.e.greig@wmich.edu',NULL,'$2y$10$LNEbn1kTEH036frhhIEa1umg2RQP8EyBAAo3a6uJmo9xWhFqJHWjm','2487658487','4385 Timber Ridge Trl SW, APT 2','Wyoming',22,'49519','N/A',23,'','2020-06-19 20:56:40','1',NULL,1,149,'oLix8R7LqFubjQxhN71TFP2qCdcyO1yX0Uz2XJk4kkSFeJ9XQFMsJO6oIflM','2020-05-11 04:00:00','2020-06-20 00:56:40',NULL),(150,'noImg.jpg','','Caitlin','Gulbis',4,'caitlin.l.gulbis@wmich.edu',NULL,'$2y$10$iAiFDz65bHerHzdKL1/OK.vjAm.DnGRLJMWhsAopesnCGloA8a4X.','5172947082','7244 Ledgewood Drive','Fenton',22,'48430','0',23,NULL,'2020-06-18 12:42:30','1',NULL,1,141,'lr5UBJXJ2ni0o1N4MDAliq0jtMEdh1l2OXIZlTffHhKxVUTnzpuIdEZB9CZ1','2020-05-11 04:00:00','2020-06-18 16:42:30',NULL),(151,'noImg.jpg','','Annie','Heller',4,'annie.l.heller@wmich.edu',NULL,'$2y$10$B.YRWbT1GdJhndy6HRCkWOzFpaZJsZx.7RWrpZDtDQY2qcJYUGEeW','8103993021','4433 Edgefield Court','Traverse City',22,'49685','7346910840',23,'','2020-06-18 08:15:08','1',NULL,1,151,'Y2St9ocMtyJZmkfu9COjrg99QpPgejQgMX2UVXwG7RRnCF4aAi4kU2U2HIla','2020-05-11 04:00:00','2020-06-18 12:15:08',NULL),(152,'1589404397_Snapchat-687298860.jpg','','April','Heyt',4,'april.heyt@wmich.edu',NULL,'$2y$10$b95MGvpYyMGXoRN5CCV50u4i/zBRehon9A9vhHXW2jLejBLwuN4Iy','1234567890','1903 W Michigan','Kalamazoo',22,'49006','0',23,'','2020-06-18 16:20:28','1',NULL,1,152,'DRlzE00J13g7tzapzkjwK8MbqDX866IgfNh3xCgFCjBQI3P1459Z66GZDiI5','2020-05-11 04:00:00','2020-06-18 20:20:28',NULL),(153,'noImg.jpg','','Morgan','Hungerford',4,'morgan.l.hungerford@wmich.edu',NULL,'$2y$10$ovtVACXXo.HPmHqYcjDtH.Vesj5AWd5cQP4U2M1kcAm73N4fBslSK','1234567890','1903 W Michigan','Kalamazoo',22,'49006','0',23,'','2020-06-23 09:35:38','1',NULL,1,NULL,'cZY6i7h4ex2hhYJL0Hqps8SXeEIuS0EDFnZlaDS4Gwc3pPZkrczBETTTQTV0','2020-05-11 04:00:00','2020-06-23 13:35:38',NULL),(154,'noImg.jpg','','Dionysian ','Josts',4,'Dionysian.a.josts@wmich.edu',NULL,'$2y$10$QAQZcifwoapLsCelyDGEMekM1s9dX99SYVxLOnLWNhQjTx7ZaqCdW','1234567890','1903 W Michigan','Kalamazoo',22,'49006','0',23,'','2020-06-19 09:53:55','1',NULL,1,NULL,'JXdM6M0L3j7VCpFrc3PLub6GOGtbijWQHpt2rHbEF4eDp4yAAsv6q4neR9Nn','2020-05-11 04:00:00','2020-06-19 13:53:55',NULL),(155,'noImg.jpg','','Hannah','Park',4,'Hannah.r.park@wmich.edu',NULL,'$2y$10$D6FOK3feQn5G53faGkbU3uHIgfB8yW8eU3wlGIUbL3IOkqWVxe6Hy','1234567890','1903 W Michigan','Kalamazoo',22,'49006','0',23,'','2020-06-18 11:51:06','1',NULL,1,NULL,'npMaihrVBraPmcoaaQDJRCUNq3pIhD9bSoLNV3qIY654LqBL3xmB3TILXGgR','2020-05-11 04:00:00','2020-06-18 15:51:06',NULL),(156,'noImg.jpg','','Aubrey','Penn',4,'Aubrey.n.penn@wmich.edu',NULL,'$2y$10$Q/./IIyTtaXWslIIkw9GGeWy0C9ffQbVVMzNv7ncyUMhA5b5/xYBm','1234567890','1903 W Michigan','Kalamazoo',22,'49006','0',23,'','2020-06-18 16:23:26','1',NULL,1,NULL,'c2wje4TsIE1QntfK9GaUtqesUgEbv5FIM0g7KN6MsW2pJBoZ22gqiCZviXwq','2020-05-11 04:00:00','2020-06-18 20:23:26',NULL),(157,'1589314434_Rodeheffer, Rachel_WLN.jpg','','Rachel','Rodeheffer',4,'Rachel.l.rodeheffer@wmich.edu',NULL,'$2y$10$Se8EnOsmWT6rhvM37rcstuo23qPafbDO3/RrCv.mAAjPSGSxV5mTS','1234567890','1903 W Michigan','Kalamazoo',22,'49006','0',23,'','2020-06-19 09:41:59','1',NULL,1,157,'7WdMhHf9iFdyZfDiThTTIRzcb0mDBL48ithu1mBYk5hQGBZS5ngBS4R7vf6E','2020-05-11 04:00:00','2020-06-19 13:41:59',NULL),(158,'noImg.jpg','','Kylie','Smith',4,'kylie.m.smith@wmich.edu',NULL,'$2y$10$WfIyzR0/sdgA3V/jVNWCeepQ03hadiCKd.6WEg8wpaSC.PIOrkmwK','5172406608','1719 Lafayette Ave','Kalamazoo',22,'49006','0',23,'','2020-06-17 22:00:35','1',NULL,1,158,'dm86HiWh1taQQss5KR4hoSivxrJ0iiue96aMnfbRiPBspLUTUxUV54tH53jb','2020-05-11 04:00:00','2020-06-18 02:00:35',NULL),(159,'1589308369_13718636_10206593407534353_4905918372412851643_n.jpg','','Jean','Soller',4,'jean.mosey@wmich.edu',NULL,'$2y$10$44L9IlyNdt27AOgzc4FMfeWHAmJegqdMzPYQip/iu2D1S4Lh8pVeC','9892850348','2503 Woodlake Rd SW, APT 6','Wyoming',22,'49519','0',23,'','2020-06-22 20:37:32','1',NULL,1,159,'2jRW9UfqNhlFx9xUpUXe5KY3Lx0i8zuJOQdBgmKGGr8OY0zfmq3wp2fNkfFj','2020-05-11 04:00:00','2020-06-23 00:37:32',NULL),(160,'1589311873_profile (2).jpg','','Fiona','Song',4,'Fiona.song@wmich.edu',NULL,'$2y$10$OLxJXmIe4lpfJHG.oHIw8O0uG7Nk4QG7ynOFSGbd2KdZXQmYpixuu','1234567890','830 Niagra Preservation cr. , Apt. 206','Kalamazoo',22,'49006','221861575',23,'','2020-06-23 09:39:58','1',NULL,1,160,'BbC1XPdzKtzWgh1PkSQ6uafk3AkPzRRvUV3zl98hhVjtiA9hN2eJETLNxUP3','2020-05-11 04:00:00','2020-06-23 13:39:58',NULL),(161,'noImg.jpg','','Allison','Stears',4,'Allison.m.stears@wmich.edu',NULL,'$2y$10$jSBGnWDMDpTrIZkFplpnceB/7KwE2eyhakiEwVMw8ImCCA7KwJ5AC','1234567890','1903 W Michigan','Kalamazoo',22,'49006','0',23,NULL,'2020-06-18 18:23:53','1',NULL,1,1,'FiCrJdDtY95q7p6tvdT4hUfqDYvJlqKFVZgJ7jn41BZjpawQr4gq38sTlWnq','2020-05-11 04:00:00','2020-06-18 22:23:53',NULL),(162,'noImg.jpg','','Jamie','Stockdale',4,'Jamie.m.stockdale@wmich.edu',NULL,'$2y$10$gFNGy.6NxOz/cb47auEdw.WjWOJMfiHRLFcR7QtQxmNarwXmqNJ0K','2485348983','3147 Adele Terrace','Commerce Twp',22,'48382','0',23,'','2020-06-19 08:18:38','1',NULL,1,162,'DGoP9fe2JAjtzQgkTiyM2BlwGNaeXH1ZvehRJbGVHSy1eHLFm8ewjtWWaMoA','2020-05-11 04:00:00','2020-06-19 12:18:38',NULL),(163,'noImg.jpg','','Riley','Todd',4,'riley.j.todd@wmich.edu',NULL,'$2y$10$vwjGZDt3a/FWYMlbYVhW8./tPv2q.Bc0vD61N50HQl0GejLGaA4Eu','1234567890','1903 W Michigan','Kalamazoo',22,'49006','0',23,'','2020-06-18 18:32:44','1',NULL,1,NULL,'M2k9Zbx5TKxBV3BRDZmLVFA3YgHZprdruAmdvMrLFPClzzZwsY4xwx9rUcPA','2020-05-11 04:00:00','2020-06-18 22:32:44',NULL),(164,'noImg.jpg','','Gabrielle','Tremp',4,'gabrielle.e.tremp@wmich.edu',NULL,'$2y$10$H6MggbJOgySNg0ENbY8KoOYhbXYTNXyVPXKk5C4h9dK91V8MZfB0a','1234567890','1903 W Michigan','Kalamazoo',22,'49006','0',23,'','2020-06-18 10:02:03','1',NULL,1,NULL,'UUnQWxcUc7iAiJsAOATC1mbWkuAD9LThw4WAPKSTxyjcPEvPs1mlHVYgrMee','2020-05-11 04:00:00','2020-06-18 14:02:03',NULL),(165,'noImg.jpg','','Fran','Weber',4,'frances.j.weber@wmich.edu',NULL,'$2y$10$hPbVNklRzkjI/JP7NQJ5Uewhl5UhP8aWXqTZhXUf26kIb7X1aGGIe','1234567890','1903 W Michigan','Kalamazoo',22,'49006','0',23,'','2020-08-04 14:27:23','1',NULL,1,NULL,'CYyfQzHxhTaooABkzxKfkkSbAesdvPZi8Vjq0vWgZyfevCqsIdRZRAQ630cQ','2020-05-11 04:00:00','2020-08-04 18:27:23',NULL),(167,'1589280960_India 2018 100.JPG',NULL,'Nelson','Test',4,'Nelson@wmu.com',NULL,'$2y$10$Ry.p11I/I/F44ROQTIJ6wuJovzWdbye1TKzFVuSsq1BWol2KVIMNm','2693482556','1424 123rd Ave.','Hopkins',22,'49328','N/A',23,'He is a test dog.','2020-06-17 08:40:52','1',NULL,140,167,NULL,'2020-05-12 10:56:00','2020-06-17 12:40:52',NULL),(168,'noImg.jpg','1592829333_Goal Scaling Solutions logo.png','Amanda','Administrator',5,'AmandaAdministrator@wmu.com',NULL,'$2y$10$aQmySSnMSx1Cqyx9MStD5.MFdWm6NgSrpQca/FWPs7ERLxQmi/O.a','2693482556','1903 W. Michigan','Kalamazoo',22,'49008','1',24,NULL,'2020-07-30 12:47:17','1',NULL,2,168,NULL,'2020-05-22 16:50:10','2020-07-30 16:47:17',NULL),(169,'noImg.jpg',NULL,'Sergio','Supervisor',2,'SergioSupervisor@wmu.com',NULL,'$2y$10$/hoHlWleTTnjbVUpIUyvdeDom1smeeD1TuzxwI2JaUwIJQTMigE0m','2694444444','1903 W. Michigan','Kalamazoo',22,'49008','2',24,NULL,'2020-07-28 09:50:44','1',NULL,2,2,NULL,'2020-05-22 16:51:43','2020-07-28 13:50:44',NULL),(170,'1590169839_India 2018 295.JPG',NULL,'Precious','Provider',3,'PreciousProvider@wmu.com',NULL,'$2y$10$TVGcbPXab3MYxizYmnOBJOFkvcbDqTNbSaJpp2MTjufEwh164pPI2','2695555555','1903 W. Michigan','Kalamazoo',22,'49008','3',24,NULL,'2020-07-28 09:48:59','1',NULL,2,2,NULL,'2020-05-22 16:54:44','2020-07-28 13:48:59',NULL),(171,'noImg.jpg',NULL,'Pablo','Provider',3,'PabloProvider@wmu.com',NULL,'$2y$10$43p2tXqvBrKTVGY2T82cQetstpw7VB.CZkn9BY2pfRB9xvA1GCQsC','2696666666','1903 W. Michigan','Kalamazoo',22,'49008','4',24,NULL,'2020-06-29 08:15:59','1',NULL,2,168,NULL,'2020-05-22 16:56:26','2020-06-29 12:15:59',NULL),(172,'noImg.jpg',NULL,'Peter','Provider',3,'PeterProvider@wmu.com',NULL,NULL,'2697777777','1903 W. Michigan','Kalamazoo',22,'49008','5',24,NULL,NULL,'1',NULL,2,2,NULL,'2020-05-22 16:57:39','2020-05-22 16:57:49',NULL),(173,'noImg.jpg',NULL,'Preston','Provider',3,'PrestonProvider@wmu.com',NULL,'$2y$10$GDywTOYnjC2/NrPNSxZKE.e1.pd5VkH4sXva1GK/kOPkZF6IvtNLS','2698888888','1903 W. Michigan','Kalamazoo',22,'49008','6',24,NULL,'2020-06-24 12:18:56','1',NULL,2,2,NULL,'2020-05-22 16:59:16','2020-06-24 16:18:56',NULL),(174,'1590167216_peeps.jpg',NULL,'Phoenix','Participant',4,'PhoenixParticipant@wmu.com',NULL,'$2y$10$rbh6P7f/juuIj0r4A/wfIeprtQ0JLV01t.HTXIn/jx/ted92GcuXy','2699999999','1111 W. Main','Kalamazoo',22,'49008','9999',24,NULL,'2020-06-29 08:20:28','1',NULL,2,168,NULL,'2020-05-22 17:06:56','2020-06-29 12:20:28',NULL),(175,'1590167378_India 2018 093.JPG',NULL,'Patrick','Participant',4,'PatrickParticipant@wmu.com',NULL,'$2y$10$0xFx.G8soaf.a7yC2FoxKOPcfsyDDt9mYl.56B4ffkiqmw7Eg5YVa','2692222222','2222 W. Main','Kalamazoo',22,'49008','2222',24,NULL,'2020-06-08 10:59:31','1',NULL,2,169,NULL,'2020-05-22 17:09:38','2020-07-28 13:54:05',NULL),(176,'noImg.jpg',NULL,'Admin','ABC',5,'Admin-ABC@abc.com',NULL,'$2y$10$cXJniWNVkfQ7NzJ3SYPs5ePuSZXPa2i/q1HboO7zimjgMO.a93DWa','1234567890','123 Main St','Anytown',1,'32084','n/a',25,NULL,NULL,'1',NULL,4,4,NULL,'2020-06-05 04:20:07','2020-06-05 04:21:14',NULL),(177,'noImg.jpg',NULL,'Super','PDP',2,'Super-PDP@abc.com',NULL,'$2y$10$u2h9FhvYlAPKpxwHQhl/8.xeeg.fZUtbzGeEtu37Sa8udk1VTkkAG','1234567890','123 Main St','Anytown',1,'32084','n/a',25,NULL,NULL,'1',NULL,4,4,NULL,'2020-06-05 04:23:00','2020-06-05 04:23:23',NULL),(178,'noImg.jpg',NULL,'Super','HR',2,'Super-HR@abc.com',NULL,'$2y$10$2qY4ZiUv9K4SZBAdT5jCzu5q5oUJk2N704zc8S7lRGHvIbGoDKygC','1234567890','123 Main St','Anytown',1,'32084','n/a',25,NULL,'2020-06-05 14:49:31','1',NULL,4,4,NULL,'2020-06-05 04:24:21','2020-06-05 18:49:31',NULL),(179,'noImg.jpg',NULL,'Provider','PDP',3,'Provider-PDP@abc.com',NULL,'$2y$10$2xKBbuaLwrr9X1ViDfxFnehjPfhYhyamDfcKmFPBgw.xv6oZ8L6H.','1234567890','123 Main St','Anytown',1,'32084','n/a',25,NULL,'2020-06-05 14:29:40','1',NULL,4,4,NULL,'2020-06-05 04:30:30','2020-06-05 18:29:40',NULL),(180,'noImg.jpg',NULL,'Provider','WCP',3,'Provider-WCP@abc.com',NULL,'$2y$10$KoO1daxRc4sPWW6OtA5I3u9FtgkkfjkSNaK3NlWIkk.8m9OJG956C','1234567890','123 Main St','Anytown',1,'32084','n/a',25,NULL,'2020-06-05 14:16:34','1',NULL,4,4,NULL,'2020-06-05 04:41:13','2020-06-05 18:16:34',NULL),(181,'noImg.jpg',NULL,'Provider','ESD',3,'Provider-ESD@abc.com',NULL,'$2y$10$09izyWamuLJ0RmdiUEkshuL6TTKN7bv3T/kDsQpRnpwv8R9zBf0WW','1234567890','123 Main St','Anytown',1,'32084','n/a',25,NULL,'2020-06-05 09:48:30','1',NULL,4,4,NULL,'2020-06-05 04:42:53','2020-06-05 13:48:30',NULL),(182,'noImg.jpg',NULL,'ABC','Teddy',4,'ABC-Teddy@abc.com',NULL,'$2y$10$9d.vvvONItwZlcPzB0ElPeYxhWEcU0g0Ur683M4WPEyD2//NKhnGa','1234567890','123 Main St','Anytown',1,'32084','202001',25,NULL,'2020-06-08 11:16:25','1',NULL,4,4,NULL,'2020-06-05 04:48:27','2020-06-08 15:16:25',NULL),(183,'1591381343_llama.jfif',NULL,'ABC','Nelson',4,'ABC-Nelson@abc.com',NULL,'$2y$10$TFBQgYtnChYh7mPh/eDqYuV0tKpsWqOQLbqL8VFxHwnxrlcSe7JWC','1234567890','123 Main St','Anytown',1,'32084','202002',25,NULL,'2020-06-05 14:21:40','1',NULL,4,2,NULL,'2020-06-05 04:50:30','2020-07-08 20:20:23',NULL),(184,'noImg.jpg',NULL,'ABC','Lucy',4,'ABC-Lucy@abc.com',NULL,'$2y$10$yQRFoLuEnB4i79dZQ5zuQOXYMAQ2ftBwFteJVbHbLKqW6vTlwrRSK','1234567890','123 Main St','Anytown',1,'32084','202003',25,NULL,NULL,'1',NULL,4,4,NULL,'2020-06-05 04:52:35','2020-06-05 04:53:03',NULL),(185,'noImg.jpg',NULL,'ABC','Rosie',4,'ABC-Rosie@abc.com',NULL,'$2y$10$w5OaveuIxy5eUulh8kRGS.kYOM1AJ0SZN4W4Gg3VXAfhJT43aECJq','1234567890','123 Main St','Anytown',1,'32084','202004',25,NULL,'2020-06-05 14:36:23','1',NULL,4,4,NULL,'2020-06-05 04:55:03','2020-06-05 18:36:23',NULL),(186,'noImg.jpg',NULL,'ABC','Cooper',4,'ABC-Cooper@abc.com',NULL,'$2y$10$05SoSbLsVeO5OvLa3Cu5p.RIRQ/i15uWdIgC3iHHv/sQXL0IwxUD2','1234567890','123 Main St','Anytown',1,'32084','202005',25,NULL,NULL,'1',NULL,4,4,NULL,'2020-06-05 04:56:57','2020-06-05 04:57:17',NULL),(187,'1592228815_dory.jpg',NULL,'Salvator','Student',4,'salvatorstudent@wmu.com',NULL,'$2y$10$ZKPY6KZhO5eQ/fGQU6WO7eK69Aong1MrkGHJMAmwOBvvxnDxp8Al2','2323232323','23324','Kalamazoo',22,'49008','1234567',24,NULL,'2020-06-15 18:47:07','1',NULL,2,2,NULL,'2020-06-15 13:46:55','2020-06-15 22:47:07',NULL),(188,'1592228975_Crush.jpg',NULL,'Samantha','Student',4,'SamanthaStudent@wmu.com',NULL,'$2y$10$B/othjuhufGxISaZjGuis.F994F5/T/EAmxHEwSq7NsQsjFgJMnQ2','3434343243','123213213','Kalamazoo',22,'49008','1234666',24,NULL,'2020-06-15 18:41:57','1',NULL,2,2,NULL,'2020-06-15 13:49:35','2020-06-15 22:41:57',NULL),(189,'1592229816_finding-nemo-2003-buena-vista-animation-F3H8X3.jpg',NULL,'Stewart','Student',4,'StewartStudent@wmu.com',NULL,'$2y$10$7C1O.tunSrUudCiZy9uwrOS4oio4wutFUImoWFVpZXSlzPWD3rsiy','3324343243','35345','Kalamazoo',22,'49008','1234444',24,NULL,'2020-06-17 11:36:06','1',NULL,2,2,NULL,'2020-06-15 14:03:36','2020-06-17 15:36:06',NULL),(190,'1592935108_EBE103CC-11CD-41CA-8397-396D767D09ED.jpeg',NULL,'Fran','Web',4,'abcdef@gmail.com',NULL,NULL,'1111111111','1234','Kalamazoo',22,'12344','0',24,NULL,NULL,'1',NULL,168,168,NULL,'2020-06-23 17:57:45','2020-06-23 17:58:28',NULL),(191,'noImg.jpg',NULL,'Holly','Grieves - TEST',3,'hollynicolegrieves@gmail.com',NULL,NULL,'2691111111','1903 W. Michigan','Kalamazoo',22,'49008','0',24,NULL,NULL,'1',NULL,168,168,NULL,'2020-06-24 12:54:56','2020-07-30 17:21:41',NULL),(192,'1593432315_image001.png',NULL,'Samuel','Supervisor',2,'samuelsupervisor@wmu.com',NULL,'$2y$10$LTdKvvNqUny3g0x7SOUrgevz47Zy0hRJIsKM8OzV8nl2mDr.KUveq','2695555555','1903 W. Michigan','Kalamazoo',22,'49008','0',24,NULL,NULL,'1',NULL,168,168,NULL,'2020-06-29 12:05:15','2020-06-29 12:06:09',NULL),(193,'noImg.jpg',NULL,'Carla','Chase',2,'carla.chase@wmich.edu',NULL,'$2y$10$VTqYlhu6CN0hjW9oIcqzyO7Qg8f2/a2ab1/WapLaH/cUZcySAzRfu','2698234644','1903 W. Michigan','Kalamazoo',22,'49008','0',23,NULL,NULL,'1',NULL,2,NULL,'RHaTrsW2xxl6lbBCsLlhUrfsQ8EvomnFIj0FmYhLhlBtaoOZKYPYANKE6xD2','2020-07-20 22:42:04','2020-07-21 13:11:24',NULL),(194,'noImg.jpg',NULL,'Berit','MIller',3,'berit.miller@wmich.edu',NULL,'$2y$10$ZUpp7MAR3WIvjuyDsoYf0uZ4lDOHHZdMNl0MjkaMDSg1L2x05WTuO','2693877271','1903 W. Michigan','Kalamazoo',22,'49008','0',23,NULL,'2020-08-05 13:46:48','1',NULL,2,194,'akOmrVPW2oz2ANcjTz11ZcjAGNLeKaCm8G9hGek23HmUe7rdBy5cRwIU51Af','2020-07-20 22:43:57','2020-08-05 17:46:48',NULL),(195,'noImg.jpg',NULL,'Asante and Ashani','Super',2,'AAExtern@super.com',NULL,NULL,'1234567890','123 Main','Kalamazoo',22,'49007','0',26,NULL,NULL,'1',NULL,4,NULL,NULL,'2020-07-26 21:05:53','2020-07-26 21:05:53',NULL),(196,'noImg.jpg',NULL,'Asante','Provider',3,'asante.solomon18@kzoo.edu',NULL,'$2y$10$9yoyyzf7vIFB.Id12i7Y0ugmNYTGPM2Jl.gBgub86ZDXpA6sAse4K','1234567890','1200 Academy','Kalamazoo',22,'49007','0',26,NULL,'2020-07-27 22:49:48','1',NULL,4,NULL,'2miitTwKOlnfGy5j2kN9vcF47QFNF3arTLQPAT4kfShqz1YNeVhQZHYZh0ze','2020-07-26 21:09:16','2020-07-28 02:49:48',NULL),(197,'noImg.jpg',NULL,'Ashani','Provider',3,'ashani.jewell19@kzoo.edu',NULL,'$2y$10$rIum9Iz0Gj62FI5UPJYRc.wjw/cIxdLgM7.g/iiUV/PCKMRVItDTy','1234567890','1200 Academy','Kalamazoo',22,'49007','0',26,NULL,'2020-07-30 16:59:39','1',NULL,4,NULL,'5g1mxEbG1hKiUZnPCYZK7fLy39F13LBVk7RO0oGb7bhjU9v23bRJB90JJhxe','2020-07-26 21:10:20','2020-07-30 20:59:39',NULL),(198,'noImg.jpg',NULL,'Asante','Solomon',4,'asolomon1005@gmail.com',NULL,'$2y$10$iDw2WjCjyJoK5fE5aalLNuSMf4N1rlmanMsz5vq/JuVTjdGdCLsLy','1234567890','1200 Academy','Kalamazoo',22,'49007','0',26,NULL,'2020-07-27 23:15:04','1',NULL,4,198,'xamnDyxKLuMmH0VdMydzVMAWLp6v3cSYu7UdlFwWlC8Md0ujcYCqZaRWtaZA','2020-07-26 21:11:54','2020-07-28 03:15:04',NULL),(199,'noImg.jpg',NULL,'Ashani','Jewell',4,'ashanijewell@gmail.com',NULL,'$2y$10$Z2HtRS76tfEjP8Cz/w7aaeSndqNEQofbAdBDBxuuV0vqd/hGBrX0.','1234567890','1200 Academy','Kalamazoo',22,'49007','0',26,NULL,'2020-07-30 17:01:32','1',NULL,4,NULL,'eZwphT7U0SZvzSap5zvk6ZYVqmPt6fDg5KqBEbOY6m5RO4yXSNd8SMS4LBQx','2020-07-26 21:13:14','2020-07-30 21:01:32',NULL),(200,'noImg.jpg',NULL,'Kelly','Alter',4,'kelly.m.alter@wmich.edu',NULL,NULL,'5866460542','CHHS','Kalamazoo',22,'49008','0',23,NULL,NULL,'1',NULL,4,4,NULL,'2020-07-31 13:22:37','2020-07-31 14:20:42',NULL),(201,'noImg.jpg',NULL,'Kimberly','Barber',4,'kimberly.a.barber@wmich.edu',NULL,'$2y$10$tQdzZYm.8xk3SDeol913zux6BumqY50cG2ZdFMCI.bdOvTAznZvA2','2696157094','CHHS','Kalamazoo',22,'49008','0',23,NULL,NULL,'1',NULL,4,4,'EkocpYo4i6vykJ9tFa8UesApKqGxi1Oy18ild1VqRa9BJpsDV0PrkRv6pLqq','2020-07-31 13:24:48','2020-07-31 14:21:12',NULL),(202,'noImg.jpg',NULL,'Jordan','Bowdish',4,'jordan.l.bowdish@wmich.edu',NULL,'$2y$10$vg3o.HKo7xyA/oTGoJE2CueSk/xoCkHgmuXNdrMQuKWvoQJyo0P9m','2693520194','CHHS','Kalamazoo',22,'49008','0',23,NULL,'2020-08-28 01:46:16','1',NULL,4,4,'JJUA8OBNfuVjHVQRBRfMTgmf6Ay07IOzPUf54buMBuRkTBIOe75oybUsemvU','2020-07-31 13:55:06','2020-08-28 05:46:16',NULL),(203,'noImg.jpg',NULL,'MaKenzie','Callahan',4,'makenzie.m.callahan@wmich.edu',NULL,'$2y$10$iM5Zwo0HkGhM9Wqu2TXiO.K6BP6JIV3UYpXcywIcEHOyK9nI1B1Ta','2692740589','CHHS','Kalamazoo',22,'49008','0',23,NULL,'2020-08-03 14:04:09','1',NULL,4,4,'CzIuK26KniiYpgXRE7yPNPVjy4tfH4x0WgpiD5ZRnyMRGzKSFtXdS9mGbz8k','2020-07-31 13:56:52','2020-08-03 18:04:09',NULL),(204,'noImg.jpg',NULL,'Kelyn','Carlson',4,'kelyn.r.carlson@wmich.edu',NULL,'$2y$10$83yn0HbAnLH7TtZOhcbXLOiJLylenWvyCqEi3YWPafmxbNYlkHLxO','6166332277','CHHS','Kalamazoo',22,'49008','0',23,NULL,NULL,'1',NULL,4,4,'TqDTY7ExllqYfMc3P7t5UNuOdjGtsLyM7wj0tgxIBwHsPK86CpHaw0Abt96o','2020-07-31 14:34:31','2020-08-03 18:03:18',NULL),(205,'noImg.jpg',NULL,'New','Test',4,'newtest@wmu.edu',NULL,NULL,'2693482556','1903 W. Michigan','Kalamazoo',22,'49008','0',23,NULL,NULL,'0','2020-08-03',2,4,NULL,'2020-07-31 14:57:39','2020-08-03 13:12:44',NULL),(206,'noImg.jpg',NULL,'Kendra','Clay',4,'kendra.r.clay@wmich.edu',NULL,'$2y$10$Ai5J.rLNQM3/FHJmdGC.weX21I0dmlRnkXtZf6wrA.rZBiH61.TJ2','5177486064','CHHS','Kalamazoo',22,'49008','0',23,NULL,NULL,'1',NULL,4,NULL,'uKeP4wGxxvvwwBwG8vMxdevQdhfGPqtW8UJtrxPqqj2OOiU0hb8ov68wGiCD','2020-08-03 01:08:05','2020-08-03 18:41:20',NULL),(207,'noImg.jpg',NULL,'Elizabeth','Coats',4,'elizabeth.l.coats@wmich.edu',NULL,'$2y$10$XBbqMjybUuo/JLXkAi6HDeo/F.Po.bbPjBiq43n4vu3BtntHlPTiS','2692451265','CHHS','Kalamazoo',22,'49008','0',23,NULL,NULL,'1',NULL,4,NULL,'tOc65O6cCgSdZ4ppqqRKJG7ysie9dSy1ffdW5rp4AngDOSYrUPYK8RzzDTXt','2020-08-03 01:09:36','2020-08-03 18:42:20',NULL),(208,'noImg.jpg',NULL,'Danielle','Daoud',4,'danielle.r.daoud@wmich.edu',NULL,'$2y$10$FJiGRcxx1SZJubOWoPMyKuQAQ70QtVeT6FqYwNXaNzXBVugSnQysW','5868387021','CHHS','Kalamazoo',22,'49008','0',23,NULL,NULL,'1',NULL,4,NULL,'uD14iPuzxYwE6HIRJJlYVTgqxRDu75iY29wV65yPgsalotlCdEO2m16UfFK8','2020-08-03 01:10:44','2020-08-03 17:16:20',NULL),(209,'noImg.jpg',NULL,'Sydney','Fallis',4,'sydney.m.fallis@wmich.edu',NULL,'$2y$10$h/urNKpr5dO3NHm2iL63rOs7yDGaV7Udl2si9yLVCPCO3ORjFGsua','9892846301','CHHS','Kalamazoo',22,'49008','0',23,NULL,'2020-08-03 13:17:28','1',NULL,4,NULL,'cSefwKo4884e3iaMAgMQ40s92JDMIwOl6zaDi1EwZoIi0n02GclZDPplOulW','2020-08-03 01:11:53','2020-08-03 17:17:28',NULL),(210,'noImg.jpg',NULL,'Piper','Friend',4,'piper.r.friend@wmich.edu',NULL,NULL,'7344747854','CHHS','Kalamazoo',22,'49008','0',23,NULL,NULL,'1',NULL,4,NULL,NULL,'2020-08-03 01:12:53','2020-08-03 01:12:53',NULL),(211,'noImg.jpg',NULL,'Ruth','Garcia',4,'ruth.e.fatzinger@wmich.edu',NULL,NULL,'2693300075','CHHS','Kalamazoo',22,'49008','0',23,NULL,NULL,'1',NULL,4,NULL,NULL,'2020-08-03 01:17:39','2020-08-03 01:17:39',NULL),(212,'noImg.jpg',NULL,'David','Gasser',4,'david.e.gasser@wmich.edu',NULL,NULL,'7343773619','CHHS','Kalamazoo',22,'49008','0',23,NULL,NULL,'1',NULL,4,NULL,NULL,'2020-08-03 01:19:03','2020-08-03 01:19:03',NULL),(213,'noImg.jpg',NULL,'Anthony','Genna',4,'anthony.t.genna@wmich.edu',NULL,'$2y$10$y8F6gH8uXr3hT6IcxoMrOu4cJz8Lp75Ba3PexlGKcgehIPCCFeufG','8109904285','CHHS','Kalamazoo',22,'49008','0',23,NULL,'2020-08-03 13:00:11','1',NULL,4,NULL,'gjJzSzfjqb25IOo4L58OZ3r0cA0NjjRXWtuGfJ5QjLwrghtAG26pPU0D3dUr','2020-08-03 01:20:25','2020-08-03 17:00:11',NULL),(214,'noImg.jpg',NULL,'Anna','Griesbach',4,'anna.l.griesbach@wmich.edu',NULL,NULL,'2695696816','CHHS','Kalamazoo',22,'49008','0',23,NULL,NULL,'1',NULL,4,NULL,NULL,'2020-08-03 01:21:32','2020-08-03 01:21:32',NULL),(215,'noImg.jpg',NULL,'Molly','Ireland',4,'molly.a.ireland@wmich.edu',NULL,'$2y$10$ti43lS4XCke79tTpwexZpeNOBJshty/8W57gtTtBxiAJmQSDRySL6','2698232450','CHHS','Kalamazoo',22,'49008','0',23,NULL,NULL,'1',NULL,4,NULL,'aLzUBWJYp7GALY5oyXzlExzedJRvfu5KwbvtNEdyyKTQKbupUvD4o5rZ6as9','2020-08-03 01:23:11','2020-08-03 17:08:41',NULL),(216,'noImg.jpg',NULL,'Peightyn','Larson',4,'peightyn.a.larson@wmich.edu',NULL,NULL,'6125623902','CHHS','Kalamazoo',22,'49008','0',23,NULL,NULL,'1',NULL,4,NULL,NULL,'2020-08-03 01:24:22','2020-08-03 01:24:22',NULL),(217,'noImg.jpg',NULL,'Luke','Lee',4,'luke.j.lee@wmich.edu',NULL,'$2y$10$5otZCIjvI9IoRiwcERZMw.mtQBLMeaAsCB7jUbkZJuAOS0JElkIyG','7343586693','CHHS','Kalamazoo',22,'49008','0',23,NULL,NULL,'1',NULL,4,NULL,'WFiEkP55nwsbBUPj3GsSU04JtarpfEmd3K174sh9YNhpkgdTyRZj2djl5wLX','2020-08-03 01:25:17','2020-08-03 17:08:40',NULL),(218,'noImg.jpg',NULL,'Sydney','LeRoy',4,'sydney.a.leroy@wmich.edu',NULL,'$2y$10$1oUMJhUwH804eKJ9axED.euPAmbfG.BHx53bGF/nXhVu0F7q4BAO6','6084776015','CHHS','Kalamazoo',22,'49008','0',23,NULL,'2020-08-03 16:29:08','1',NULL,4,218,'im0RxUTF2NFUORmDoLnSBRm5jKEtf1NlqzJCHtLt4NkQrLnv2AIezfGgyubK','2020-08-03 01:26:18','2020-08-03 20:29:43',NULL),(219,'noImg.jpg',NULL,'Dylan','Pritel',4,'dylan.j.pritel@wmich.edu',NULL,NULL,'7073277373','CHHS','Kalamazoo',22,'49008','0',23,NULL,NULL,'1',NULL,4,NULL,NULL,'2020-08-03 01:27:15','2020-08-03 01:27:15',NULL),(220,'noImg.jpg',NULL,'Calli','Ragotzy',4,'calli.n.ragotzy@wmich.edu',NULL,'$2y$10$B68qhjVCn51A3hGlnpwlKu79/CXh5OA.Hp.l9dtcbeLG1kYCQg3Fy','2699295683','CHHS','Kalamazoo',22,'49008','0',23,NULL,NULL,'1',NULL,4,NULL,'giy2Wi1y7OylJAtUcSlZigLcqohfVmpLayUjUXTPi85bgQ7eyW3wxFnC7Ez1','2020-08-03 01:28:25','2020-08-03 18:41:48',NULL),(221,'noImg.jpg',NULL,'Kelsey','Reilly',4,'kelsey.a.reilly@wmich.edu',NULL,'$2y$10$9Qia5DwIqiePyo.BHrdBFOdcYquUMtUZQ14.rXvYiR8WkoWBmVCbO','6307407604','CHHS','Kalamazoo',22,'49008','0',23,NULL,NULL,'1',NULL,4,NULL,'b0nlIQeB8E8NrSjooo1XrSv6vCEjoxikzsuq50hPrMumD2F9QLlqkYpIKK6P','2020-08-03 01:29:19','2020-08-03 16:17:16',NULL),(222,'noImg.jpg',NULL,'Jada','Toliver',4,'jada.s.toliver@wmich.edu',NULL,NULL,'1234567890','CHHS','Kalamazoo',22,'49008','0',23,NULL,NULL,'1',NULL,4,NULL,NULL,'2020-08-03 01:30:50','2020-08-03 01:30:50',NULL),(223,'noImg.jpg',NULL,'David','Sherman',4,'david.s.sherman@wmich.edu',NULL,NULL,'2696973627','CHHS','Kalamazoo',22,'49008','0',23,NULL,NULL,'1',NULL,4,NULL,NULL,'2020-08-03 01:32:11','2020-08-03 01:32:11',NULL),(224,'noImg.jpg',NULL,'Micah','Taniguchi',4,'micah.g.taniguchi@wmich.edu',NULL,'$2y$10$Ux04s1qruImjNx4eY06GzeMOwOWja2HtO7Y5YTlik1DrI77Fu6U4e','8082846526','CHHS','Kalamazoo',22,'49008','0',23,NULL,'2020-08-29 21:00:17','1',NULL,4,NULL,'bwqOlvILtOPuPoLFfBOQGQkFm6Bul0kmyBYumxmJKOJ18XyXTdFfo7QFbgJk','2020-08-03 01:33:16','2020-08-30 01:00:17',NULL),(225,'noImg.jpg',NULL,'Domonique','Chambers',4,'domonique.r.chambers@wmich.edu',NULL,'$2y$10$lG46sihX.8lNWvL/lVEb3uuxztjGF/b7IorBACZ80Hi6N6XWtrfOS','2489353484','CHHS','Grand Rapids',22,'49546','0',23,NULL,NULL,'1',NULL,4,NULL,'sCEMEHY0mBdh4ZVAQYXhw3U56DHWhKHwYggn2cIkozGUiNA2yiCv68jLghoy','2020-08-03 01:36:13','2020-08-10 17:34:38',NULL),(226,'noImg.jpg',NULL,'Bianca','Cordova',4,'bianca.b.cordova@wmich.edu',NULL,'$2y$10$fTSR1PDWkqO3R2ucJ6zSue40XQN8hIrzjxPoYPloDPAtQMGxmmz8y','8104286682','CHHS','Grand Rapids',22,'49546','0',23,NULL,'2020-08-05 14:31:10','1',NULL,4,NULL,'jkEYGtyoyElEVvBz8lyJtzPts6Up92rbMgMFJHjwge4V0dkTFJYElVzassrx','2020-08-03 01:37:25','2020-08-05 18:31:10',NULL),(227,'noImg.jpg',NULL,'Caitlin','Cornish',4,'caitlin.n.cornish@wmich.edu',NULL,'$2y$10$ldjH29WCgyQbsbDqdiCoC.c0AbHCQnOnXuyoaXWvNWcRqRC53PLmi','2699102828','CHHS','Grand Rapids',22,'49546','0',23,NULL,'2020-08-27 14:37:39','1',NULL,4,NULL,'bbk6XtlES8mJyrI5uMPDGkxZbmeDlYQQSaQfkdA46NxoJ26fiVeMgz4Lb15H','2020-08-03 01:39:24','2020-08-27 18:37:39',NULL),(228,'noImg.jpg',NULL,'Claire','Cunningham',4,'claire.e.cunningham@wmich.edu',NULL,'$2y$10$yz4D/pmKVHT.RAvM6/fYsucYql2AsUcCmmmr5Ab21FU4GZ3JFKC9a','2318384401','CHHS','Grand Rapids',22,'49546','0',23,NULL,NULL,'1',NULL,4,NULL,'RsRujmfRvcL6gzIZVPpGWxZxQc9EZezbg6ahTYViIucdGPXX1fnvdk71r4nU','2020-08-03 01:40:24','2020-08-05 13:35:30',NULL),(229,'noImg.jpg',NULL,'Sarah','Farrar',4,'sarah.d.farrar@wmich.edu',NULL,'$2y$10$b5mgDJRjUmdcTMl63sNC/OlK/3QO4NnvlvECjGhGXL4o1kxLRpfBu','8102478226','CHHS','Grand Rapids',22,'49546','0',23,NULL,NULL,'1',NULL,4,NULL,'7W1tzDcKjcgIrFDKVnIOKDs0fXQrTMNbXJMUv4Y3oaRBH4VfyfZE7p4icj6x','2020-08-03 01:41:20','2020-08-10 17:17:01',NULL),(230,'noImg.jpg',NULL,'Alexander','Field',4,'alexander.r.field@wmich.edu',NULL,'$2y$10$hjWIac7xOWxv5.mtVGv24u3FrB.MroS.p2V4YQG4l3WM7RGtrxEri','5172625206','CHHS','Grand Rapids',22,'49546','0',23,NULL,NULL,'1',NULL,4,NULL,'fVABL620y06m0jzY0lY0E8U7GsqJ5h7FNZ130lmTj77QO97S6kWSurzZk9ho','2020-08-03 01:42:25','2020-08-05 18:34:44',NULL),(231,'noImg.jpg',NULL,'Mallory','Fox',4,'mallory.j.fox@wmich.edu',NULL,NULL,'2488953234','CHHS','Grand Rapids',22,'49546','0',23,NULL,NULL,'1',NULL,4,NULL,NULL,'2020-08-03 01:43:30','2020-08-03 01:43:30',NULL),(232,'noImg.jpg',NULL,'Amanda','Fox',4,'amanda.c.fox@wmich.edu',NULL,'$2y$10$OVU9TYJwJ.GaevNyV0TMkeKuewibuiNKEDYy4Mr6WcrUHq4..odPq','7345603053','CHHS','Grand Rapids',22,'49546','0',23,NULL,NULL,'1',NULL,4,NULL,'gsYwBv71QbXLq3LybsX9XN0SzF4kfHdTv5TCQ10SYrfP5Zaf4P9oq3J2WHA9','2020-08-03 01:44:23','2020-08-04 23:55:31',NULL),(233,'noImg.jpg',NULL,'Autumn','Idalski',4,'autumn.n.idalski@wmich.edu',NULL,'$2y$10$oSA56HRnayHxkpxQhgxFwuQaegag67pmhpXLTLkDlW7Ql2vI1/ZWy','9893063113','CHHS','Grand Rapids',22,'49546','0',23,NULL,NULL,'1',NULL,4,NULL,'QNYDfpXesj8Z9eVd9iP8rxYfL0WoHlMJ3ZYXOpn4Bb0JNVjqeKIh0iM7Uj5L','2020-08-03 01:45:20','2020-08-05 18:30:26',NULL),(234,'noImg.jpg',NULL,'Taylor','Kehren',4,'taylor.n.kehren@wmich.edu',NULL,'$2y$10$i0zvfC24EFVEmElJ8bsjxOQfy.G7S2FXIbbzwVu07u25R62lp1q6i','5172429792','CHHS','Grand Rapids',22,'49546','0',23,NULL,NULL,'1',NULL,4,NULL,'UwkqiJkHhQT0xQ2i3cu7vIoB57qbTwOOEGkcg7h07ZX8fbdnKt9yVCzewhMi','2020-08-03 01:46:16','2020-08-05 18:30:51',NULL),(235,'noImg.jpg',NULL,'Jeanette','Kymes',4,'jeanette.m.kymes@wmich.edu',NULL,'$2y$10$vyO2UEcilFxHQGD16YNtDe2KUO.CdALgtBgDlgBtsN.NK5krT55hC','9062032885','CHHS','Grand Rapids',22,'49546','0',23,NULL,'2020-08-05 14:31:24','1',NULL,4,NULL,'r6NUCZlXAwBDct00k4SLpj2mjsGSZOLuO0oViQlG2B6kVYeLxRIBmEhXtUQw','2020-08-03 01:47:12','2020-08-05 18:31:24',NULL),(236,'noImg.jpg',NULL,'Kerri','Lindeman',4,'kerri.e.lindeman@wmich.edu',NULL,'$2y$10$VBTXUlAEPbXeaxNGcP3JhOQOfoUIjkyZUl1YSJH984Sba1x1hK/L2','6163255406','CHHS','Grand Rapids',22,'49546','0',23,NULL,NULL,'1',NULL,4,NULL,'aeu4iwte4I2qVbX4eWFvU8Tca7MDmVqI1G5UJDRQxYFIWmkPT53OG59yPDXD','2020-08-03 01:48:08','2020-08-05 18:42:22',NULL),(237,'noImg.jpg',NULL,'Alyssa','McKenna',4,'alyssa.a.mckenna@wmich.edu',NULL,'$2y$10$pvz8sosoZMF9ZPt6PdG0JOgH7wAo.jnaMYFfr/n1ptzBlS.Wrw63K','2489740199','CHHS','Grand Rapids',22,'49546','0',23,NULL,NULL,'1',NULL,4,NULL,'8yT9IU4BW2IWHH0evC1tsRrV5LMXNAvkbS2x2m9eqCfLIeG8w8Brrrj4G80Q','2020-08-03 01:49:09','2020-08-05 19:15:16',NULL),(238,'noImg.jpg',NULL,'Megan','Morrill',4,'megan.morrill@wmich.edu',NULL,'$2y$10$0RbgcGl74vfki2ISOdYcc.9IdnIKFDgyZNctdvd/riqNlw/cxrcSa','6165588757','CHHS','Grand Rapids',22,'49546','0',23,NULL,'2020-08-05 17:17:20','1',NULL,4,NULL,'G6nJgI5kBhH94PrFIarOuwLd1k0LcJ5dKCr45UElTlAETud40eOsyTtYxqON','2020-08-03 01:50:05','2020-08-05 21:17:20',NULL),(239,'noImg.jpg',NULL,'Paige','Norgan',4,'paige.a.norgan@wmich.edu',NULL,'$2y$10$SHiUTf6oGxy3nLoFxknsdOcK5VU1lOKzHfVst4w2m74Ssp2TQNB.O','9893592173','CHHS','Grand Rapids',22,'49546','0',23,NULL,NULL,'1',NULL,4,NULL,'pOScFIfCcemmwDSfunOntalxmgxHkuKAk24zizQOEKDJeNXDRBJQ7nQ2CreH','2020-08-03 01:51:08','2020-08-05 13:07:15',NULL),(240,'noImg.jpg',NULL,'Alissa','Remijan',4,'alissa.m.remijan@wmich.edu',NULL,'$2y$10$oHwXfJCgNJq.DdzHud8IVeTU10qxOsx/I.dzVXy1hf0KgBRfpT9CK','7347480660','CHHS','Grand Rapids',22,'49546','0',23,NULL,NULL,'1',NULL,4,NULL,'feMNkA6BPqHYZdhk2NWLkfiRqVk8DHwDw0CsorXc1JOfFtNNQXsqrD5HLlVr','2020-08-03 01:52:02','2020-08-05 19:07:03',NULL),(241,'noImg.jpg',NULL,'Hannah','Schultheiss',4,'hannah.j.schultheiss@wmich.edu',NULL,NULL,'9896403323','CHHS','Grand Rapids',22,'49546','0',23,NULL,NULL,'1',NULL,4,NULL,NULL,'2020-08-03 01:52:56','2020-08-03 01:52:56',NULL),(242,'noImg.jpg',NULL,'Alyssa','Schwartz',4,'alyssa.j.schwartz@wmich.edu',NULL,'$2y$10$rqNQ5TtEmuufbalep9f2XeK53qfbAVBMOHSHeKuJj9TxRQQSYxGx6','6168228804','CHHS','Grand Rapids',22,'49546','0',23,NULL,NULL,'1',NULL,4,NULL,'n1BR1YRWltvUq9BKbXIqQqZFJxraHRGYHmY4bKIOZ02WvMsBaDpWgi4oTDR1','2020-08-03 01:54:03','2020-08-05 16:33:53',NULL),(243,'noImg.jpg',NULL,'Anna','Serbantez',4,'anna.e.serbantez@wmich.edu',NULL,NULL,'7343411335','CHHS','Grand Rapids',22,'49546','0',23,NULL,NULL,'1',NULL,4,NULL,NULL,'2020-08-03 01:54:59','2020-08-03 01:54:59',NULL),(244,'noImg.jpg',NULL,'Andrea','Sowles',4,'andrea.sowles@wmich.edu',NULL,'$2y$10$eKLDVREdi5hSmc/KNVrFiOOEs.vcR5rxKqpwpmHjpPXgJFdqIKwEm','5176179872','CHHS','Grand Rapids',22,'49546','0',23,NULL,'2020-08-05 14:26:50','1',NULL,4,244,'ieWLrAJygwRH5Zcc24jgQIqaS641e4cAIxRuutuedVtrXRCEQqZMkteDmgLi','2020-08-03 01:56:03','2020-08-05 18:28:51',NULL),(245,'noImg.jpg',NULL,'Alexandra','Superson',4,'alexandra.superson@wmich.edu',NULL,'$2y$10$yU20BnM/9i5D211ciGkYBuL/ndjvhrM5VYtoDHFqY1K2eGDiqdNrO','5867466985','CHHS','Grand Rapids',22,'49546','0',23,NULL,NULL,'1',NULL,4,NULL,'yyxfg5fVUYjBysvrc4T3NeOeqvUeFK0mMsHIjGlT0BCbUVYl3F3MpR5i1ZmI','2020-08-03 01:59:13','2020-08-05 18:30:59',NULL),(246,'noImg.jpg',NULL,'Jennifer','Tornga',4,'jennifer.tornga@wmich.edu',NULL,'$2y$10$7roBz6DQMa8Oxr.4PJQchO7tEp1YIgISpKjpFxqQm1IIhf4djiOV6','6163791352','CHHS','Grand Rapids',22,'49546','0',23,NULL,NULL,'1',NULL,4,NULL,'CyyZnMTazgrjzszTnLnn9ShgR4czVdRFzMqBfOf03o8ut53AmJfWTZ1wnUYa','2020-08-03 02:00:13','2020-08-06 13:41:25',NULL),(247,'noImg.jpg',NULL,'Katherine','Vande Vegte',4,'katherine.j.vandevegte@wmich.edu',NULL,NULL,'5629222590','CHHS','Grand Rapids',22,'49546','0',23,NULL,NULL,'1',NULL,4,NULL,NULL,'2020-08-03 02:01:22','2020-08-03 02:01:22',NULL),(248,'noImg.jpg',NULL,'Abigail','Willinger',4,'abigail.r.willinger@wmich.edu',NULL,NULL,'7082841900','CHHS','Grand Rapids',22,'49546','0',23,NULL,NULL,'1',NULL,4,NULL,NULL,'2020-08-03 02:02:13','2020-08-03 02:02:13',NULL);
/*!40000 ALTER TABLE `users` ENABLE KEYS */;
UNLOCK TABLES;

--
-- Table structure for table `users_types`
--

DROP TABLE IF EXISTS `users_types`;
/*!40101 SET @saved_cs_client     = @@character_set_client */;
/*!40101 SET character_set_client = utf8 */;
CREATE TABLE `users_types` (
  `id` bigint(20) unsigned NOT NULL AUTO_INCREMENT,
  `name` varchar(255) COLLATE utf8mb4_unicode_ci NOT NULL,
  `is_active` enum('0','1') COLLATE utf8mb4_unicode_ci NOT NULL DEFAULT '1' COMMENT '0=>Blocked, 1=>Active',
  `created_by` bigint(20) unsigned DEFAULT NULL,
  `last_modified_by` bigint(20) unsigned DEFAULT NULL,
  `created_at` timestamp NULL DEFAULT NULL,
  `updated_at` timestamp NULL DEFAULT NULL,
  `deleted_at` timestamp NULL DEFAULT NULL,
  PRIMARY KEY (`id`) USING BTREE,
  KEY `users_types_name_index` (`name`(191)) USING BTREE
) ENGINE=InnoDB AUTO_INCREMENT=6 DEFAULT CHARSET=utf8mb4 COLLATE=utf8mb4_unicode_ci ROW_FORMAT=COMPACT;
/*!40101 SET character_set_client = @saved_cs_client */;

--
-- Dumping data for table `users_types`
--

LOCK TABLES `users_types` WRITE;
/*!40000 ALTER TABLE `users_types` DISABLE KEYS */;
INSERT INTO `users_types` VALUES (1,'Admin','1',NULL,NULL,'2020-04-20 16:13:04','2020-04-20 16:13:04',NULL),(2,'Supervisor','1',NULL,NULL,'2020-04-20 16:13:04','2020-04-20 16:13:04',NULL),(3,'Provider','1',NULL,NULL,'2020-04-20 16:13:04','2020-04-20 16:13:04',NULL),(4,'Participant','1',NULL,NULL,'2020-04-20 16:13:04','2020-04-20 16:13:04',NULL),(5,'Organization Admin','1',NULL,NULL,'2020-04-23 10:00:00','2020-04-23 11:00:00',NULL);
/*!40000 ALTER TABLE `users_types` ENABLE KEYS */;
UNLOCK TABLES;
/*!40103 SET TIME_ZONE=@OLD_TIME_ZONE */;

/*!40101 SET SQL_MODE=@OLD_SQL_MODE */;
/*!40014 SET FOREIGN_KEY_CHECKS=@OLD_FOREIGN_KEY_CHECKS */;
/*!40014 SET UNIQUE_CHECKS=@OLD_UNIQUE_CHECKS */;
/*!40101 SET CHARACTER_SET_CLIENT=@OLD_CHARACTER_SET_CLIENT */;
/*!40101 SET CHARACTER_SET_RESULTS=@OLD_CHARACTER_SET_RESULTS */;
/*!40101 SET COLLATION_CONNECTION=@OLD_COLLATION_CONNECTION */;
/*!40111 SET SQL_NOTES=@OLD_SQL_NOTES */;

-- Dump completed on 2020-09-01 14:09:03
